rainfall_mm,temperature_c,humidity_pct,wind_speed_kmh,river_level_m,soil_moisture_pct,seismic_magnitude,pressure_hpa,disaster_type,risk_level
104.49,31.7,54.05,110.26,2.68,34.8,0.42,998.22,cyclone,2
12.82,23.6,78.34,8.85,2.65,41.39,6.95,1016.3,earthquake,2
0.0,35.4,56.17,9.14,2.18,15.74,0.53,1017.35,drought,1
21.65,28.45,69.47,2.43,2.53,27.33,0.14,1024.96,none,0
45.57,27.81,88.72,16.58,4.8,56.79,0.25,1005.01,flood,1
60.57,23.69,74.98,99.12,3.49,29.37,0.37,982.94,cyclone,2
5.46,22.47,54.33,23.82,3.74,23.8,0.15,1005.4,none,0
82.95,28.19,66.04,2.46,6.93,70.14,0.07,1022.66,flood,2
232.08,25.05,53.35,15.77,6.63,54.65,0.56,1015.05,flood,2
11.93,27.79,57.62,3.93,2.51,34.35,0.97,1014.04,none,0
0.0,27.36,76.03,4.89,2.1,17.14,0.12,1011.75,drought,0
2.73,36.42,38.4,12.38,3.22,11.13,0.26,1016.43,drought,1
11.56,34.31,43.39,4.55,2.61,34.94,4.73,1015.7,earthquake,1
74.3,22.78,70.59,66.11,3.92,19.08,0.14,985.53,cyclone,2
122.86,27.45,81.38,44.92,4.61,57.37,0.16,1001.43,flood,2
28.63,18.21,37.99,37.22,1.9,57.04,0.09,1003.63,none,0
40.34,25.77,71.66,13.76,2.87,18.5,0.04,1010.87,none,0
18.82,27.78,65.28,10.42,2.28,38.8,0.04,1035.51,none,0
88.62,21.44,95.91,12.18,5.39,69.49,0.44,998.0,flood,2
99.8,28.48,71.63,1.63,7.96,59.5,0.41,1005.74,flood,2
18.4,25.52,61.0,5.51,1.82,44.39,7.81,1013.56,earthquake,2
86.58,26.67,64.41,42.41,3.64,26.61,0.58,981.09,cyclone,2
79.39,16.68,71.6,124.43,4.48,39.42,0.09,985.32,cyclone,3
17.7,21.71,58.12,26.42,2.18,37.43,0.19,1013.09,none,0
55.43,38.64,83.64,36.21,2.54,36.29,0.22,957.63,cyclone,1
1.13,37.76,42.4,11.11,3.23,23.39,0.13,1011.56,drought,0
23.87,20.52,37.77,0.63,3.75,31.58,0.89,1021.71,none,0
6.86,26.51,80.3,10.73,2.41,17.23,0.11,1010.14,none,0
0.0,28.62,40.67,9.02,3.93,0.98,0.29,1004.44,drought,1
3.76,37.16,31.47,21.36,2.87,20.01,0.1,1029.62,drought,1
126.19,19.05,50.72,3.6,6.05,86.15,0.03,998.91,flood,2
189.54,34.17,73.97,15.21,7.8,54.0,0.22,1001.68,flood,2
1.53,33.82,73.43,5.4,0.04,28.48,0.17,1016.72,none,0
14.39,30.95,65.17,16.12,3.9,54.55,0.57,1005.9,none,0
33.72,34.28,61.97,12.14,2.64,23.71,0.55,1016.62,none,0
8.51,15.03,48.2,1.8,3.25,32.85,0.99,1011.73,none,0
22.05,28.93,68.35,12.48,2.91,31.32,0.52,1004.74,none,0
129.21,26.65,85.56,10.4,5.3,70.82,0.02,1000.71,flood,2
87.96,28.82,39.05,3.45,6.57,82.32,0.36,1000.6,flood,1
23.7,28.21,58.51,121.15,4.27,27.47,0.47,999.05,cyclone,2
47.6,30.57,91.42,98.85,2.56,35.39,0.42,985.91,cyclone,2
9.57,25.45,55.71,8.6,3.58,41.29,8.74,1018.59,earthquake,2
11.92,18.35,62.47,7.27,2.83,55.01,0.14,1017.7,none,0
131.99,25.38,49.11,9.86,3.09,70.36,0.15,996.14,flood,2
56.18,28.94,57.5,17.75,4.25,28.74,0.31,1008.99,none,0
23.28,24.71,53.63,12.64,3.95,7.98,0.03,1006.74,none,0
5.94,32.56,56.32,3.95,4.05,23.29,0.19,1017.47,none,0
13.19,21.82,59.82,8.46,1.44,43.23,0.73,1004.82,none,0
0.93,22.39,81.92,12.35,1.86,21.57,0.28,1013.47,none,0
16.42,30.89,72.11,1.97,4.0,49.25,1.01,998.12,none,0
41.85,25.14,46.6,10.09,1.98,59.59,5.29,1005.63,earthquake,2
232.7,30.7,81.71,12.88,7.74,51.48,1.32,1018.91,flood,2
88.52,26.6,100.0,18.65,4.9,72.12,0.46,1002.2,flood,2
26.98,22.77,43.74,12.91,4.29,48.2,0.47,1003.05,none,0
81.86,28.26,75.62,5.88,4.37,76.27,0.07,998.85,flood,1
87.18,25.1,72.84,79.25,4.43,57.05,0.02,1003.67,cyclone,2
26.05,24.55,73.63,10.24,3.01,39.04,0.05,997.5,none,0
3.3,27.42,49.6,17.92,2.59,27.98,0.38,1015.23,none,0
7.62,23.52,42.88,8.38,2.97,18.14,0.32,1004.25,drought,0
105.03,27.19,78.77,20.53,11.43,63.76,0.35,1013.31,flood,2
6.98,29.78,50.67,19.76,4.44,41.35,4.6,997.95,earthquake,2
8.26,36.41,57.45,13.56,3.08,35.07,7.06,1015.48,earthquake,1
25.59,28.06,73.3,14.3,3.29,30.73,0.01,989.56,none,0
29.12,29.39,72.46,159.75,2.52,61.92,0.18,1001.2,cyclone,2
25.34,25.59,58.41,11.83,2.0,22.5,0.35,1009.7,none,0
96.64,28.15,92.11,13.19,8.13,68.13,0.15,1012.61,flood,2
81.31,31.12,85.78,65.24,3.63,35.04,0.32,997.43,cyclone,2
5.32,25.63,54.95,15.61,3.32,39.92,0.25,996.14,none,0
81.18,32.23,95.16,11.65,9.38,62.28,0.84,1013.83,flood,2
8.52,22.22,66.56,3.14,3.11,64.34,0.29,1024.78,none,0
14.59,26.23,81.81,6.86,2.36,34.28,0.2,1016.64,none,0
11.4,25.85,36.11,4.46,4.32,68.71,0.27,1024.48,none,0
18.32,27.55,53.88,2.61,3.65,31.68,0.17,1013.07,none,0
44.02,29.47,100.0,126.61,3.61,42.18,0.09,979.57,cyclone,2
91.84,27.39,89.21,7.45,5.39,64.6,0.0,998.12,flood,1
32.79,26.18,91.97,10.49,6.95,57.2,0.64,991.04,flood,2
25.95,24.19,70.47,10.88,4.47,5.59,0.13,1003.5,none,0
3.04,22.7,96.86,31.46,2.64,21.21,0.17,1012.06,none,0
68.87,27.74,87.54,45.84,3.85,25.4,0.03,971.21,cyclone,2
16.33,41.72,19.36,4.4,1.94,0.0,0.39,1016.36,drought,1
16.65,24.55,57.21,5.43,1.62,13.27,0.64,1003.44,none,0
87.81,30.91,63.41,52.82,2.42,41.71,0.34,976.06,cyclone,2
36.64,21.99,85.25,6.43,3.07,30.05,0.48,1011.63,none,0
132.34,28.51,71.52,5.88,5.96,82.31,0.16,1011.57,flood,2
47.23,25.13,92.4,135.11,2.4,54.44,0.62,996.09,cyclone,2
46.58,27.85,53.41,7.24,3.26,45.15,6.62,1007.71,earthquake,2
1.31,30.77,56.23,0.46,4.23,1.66,7.7,1003.56,earthquake,2
20.07,25.99,65.64,2.34,2.24,28.27,0.22,1000.5,none,0
132.57,26.38,87.6,1.37,18.87,68.97,0.32,1025.59,flood,2
40.9,29.55,40.42,9.18,3.56,2.16,0.13,1018.77,drought,1
9.8,18.33,72.93,7.34,1.87,50.94,1.03,1020.68,none,0
8.4,32.05,42.64,14.96,3.29,31.89,0.13,990.06,drought,1
17.12,23.64,82.16,6.36,1.13,57.35,0.15,1011.54,none,0
16.65,34.16,18.65,6.14,3.26,18.55,0.35,1017.11,drought,1
52.15,31.86,60.42,8.41,3.39,51.81,0.72,1005.71,none,0
21.3,25.65,46.07,4.67,3.24,34.0,0.23,989.36,none,0
84.53,20.05,100.0,8.93,9.07,83.9,1.73,999.4,flood,2
17.37,23.38,47.19,14.0,3.04,19.56,0.95,1001.58,none,0
28.65,15.7,57.14,8.79,1.54,30.31,0.1,1016.6,none,0
17.04,22.95,73.17,2.69,3.18,27.6,7.14,1008.02,earthquake,2
40.22,30.56,58.86,6.22,15.48,62.24,0.11,1012.57,flood,1
15.63,33.56,55.27,8.61,4.08,49.38,0.01,995.92,none,0
16.79,21.18,90.13,4.26,1.31,23.84,1.07,1010.91,none,0
12.28,25.82,33.29,4.98,3.4,16.2,0.03,1008.35,none,0
7.84,30.86,72.14,8.91,3.14,25.2,5.17,1005.48,earthquake,1
22.38,27.13,56.7,12.89,1.55,19.85,0.0,1021.23,none,0
29.78,29.75,49.45,9.1,0.66,46.31,0.37,1009.36,none,0
11.62,28.89,66.79,12.7,4.58,22.19,6.55,1022.06,earthquake,2
32.85,27.98,56.73,7.31,2.75,34.49,0.01,1007.58,none,0
2.11,23.2,68.66,10.36,4.18,37.31,0.37,994.25,none,0
27.85,22.85,62.19,9.87,4.08,13.82,0.34,1013.07,none,0
92.07,24.7,87.55,57.92,2.88,49.03,0.63,976.75,cyclone,2
14.86,44.23,8.9,9.23,4.19,0.0,0.02,1013.02,drought,1
11.12,31.94,65.47,5.36,1.5,22.7,0.15,1022.83,none,0
8.51,26.29,73.1,6.4,2.84,18.42,0.63,1014.43,none,0
80.71,18.31,78.3,3.56,10.21,47.39,0.21,1021.59,flood,2
8.36,30.84,38.61,2.8,1.6,0.0,0.79,1022.02,drought,1
13.02,19.79,52.25,18.89,2.81,25.16,4.84,1009.89,earthquake,2
21.54,24.12,64.71,6.65,2.23,27.57,0.58,1008.47,none,0
84.82,21.85,83.5,3.38,4.52,48.24,0.44,1005.48,flood,1
92.04,28.48,52.51,11.72,12.23,75.97,0.2,989.77,flood,2
16.37,17.74,55.11,7.67,2.44,29.68,0.42,1016.54,none,0
14.31,29.39,59.99,10.31,1.05,11.31,0.32,1012.94,none,0
77.24,29.42,74.3,22.76,8.24,71.11,0.07,1018.98,flood,2
58.71,22.5,65.32,10.09,7.35,55.67,0.15,1010.74,flood,1
93.69,28.97,58.95,15.99,7.57,72.36,0.43,1006.46,flood,2
0.0,43.7,50.17,1.95,4.42,5.36,0.01,996.94,drought,1
6.77,16.22,56.0,6.14,3.45,29.6,0.5,1008.56,none,0
0.0,27.88,37.14,11.19,3.44,1.43,0.65,1017.41,drought,1
3.2,32.13,31.18,21.54,1.81,28.0,0.21,1019.93,none,0
9.58,33.47,39.75,28.28,1.84,26.87,0.94,1002.8,none,0
27.5,17.99,73.48,55.51,5.0,35.68,0.02,955.2,cyclone,2
7.75,25.82,48.98,14.25,2.91,29.83,4.99,1011.11,earthquake,1
62.68,17.53,74.76,27.83,7.68,58.81,0.05,1002.72,flood,2
25.99,28.96,64.56,9.31,5.21,29.58,0.12,1016.47,none,0
28.61,21.45,77.83,15.67,4.78,42.91,0.11,1014.27,none,0
20.29,27.07,48.15,11.04,1.67,17.34,0.06,992.18,none,0
175.23,30.3,76.84,10.91,13.31,75.99,1.66,1008.78,flood,3
0.0,29.83,55.55,52.48,3.05,16.29,0.25,998.52,drought,1
104.79,31.82,74.43,14.7,6.57,46.59,0.15,1008.19,flood,2
15.04,30.89,58.57,6.8,3.47,37.34,0.58,1014.05,none,0
49.11,22.98,54.09,82.77,1.29,26.43,0.05,987.48,cyclone,2
15.49,25.7,60.94,10.86,3.77,41.66,0.1,1006.53,none,0
119.54,24.38,90.28,20.77,10.17,57.05,3.81,1007.27,flood,3
38.4,31.68,71.88,109.86,3.73,24.84,2.06,986.51,cyclone,2
10.73,34.31,36.11,23.11,1.29,4.9,0.51,1006.19,drought,1
92.64,25.13,100.0,68.75,2.0,14.11,1.11,995.21,cyclone,2
1.88,27.07,56.77,4.93,2.82,36.09,0.04,1021.65,none,0
8.31,33.05,44.28,19.67,4.78,0.0,0.05,1013.09,drought,1
32.69,28.17,80.26,167.38,3.28,40.82,0.41,964.78,cyclone,2
0.0,37.63,43.66,5.92,2.26,12.27,0.87,1004.71,drought,1
97.83,29.75,40.39,5.07,5.79,62.41,0.4,1015.23,flood,1
0.0,30.67,13.86,22.94,4.1,17.78,0.49,1015.9,drought,1
30.01,32.82,73.92,46.09,2.49,31.33,0.09,1005.88,none,0
135.05,36.68,78.02,23.7,7.16,67.52,0.08,1007.75,flood,2
13.45,29.58,26.71,26.25,4.0,24.17,0.45,1015.09,none,0
14.23,31.17,75.74,18.07,2.81,10.34,0.0,1019.49,none,0
7.39,30.75,69.77,15.63,3.2,20.78,0.25,1014.2,none,0
37.04,22.01,54.72,14.2,4.48,48.43,0.32,1005.93,none,0
11.02,34.96,54.68,0.51,2.3,35.51,0.44,1010.81,none,0
115.93,23.93,54.61,16.12,4.73,41.58,0.04,993.04,flood,2
114.87,22.67,55.37,37.97,0.63,28.57,0.03,992.86,cyclone,2
1.87,34.75,53.46,10.8,5.11,28.08,4.29,1027.58,earthquake,2
14.42,22.21,45.25,12.3,2.87,35.84,5.3,1005.23,earthquake,2
157.9,30.84,94.84,6.4,4.51,50.89,0.51,1010.55,flood,2
100.25,33.61,94.3,10.13,7.11,59.35,1.26,999.05,flood,2
12.32,27.54,72.72,24.92,3.23,34.97,0.09,1019.13,none,0
194.78,16.04,62.4,22.9,8.19,77.01,0.01,1019.94,flood,2
9.39,30.52,62.65,14.95,2.78,28.84,0.38,1017.35,drought,0
27.93,32.74,68.13,12.02,2.83,47.55,2.54,1000.02,none,0
10.42,33.31,46.96,9.65,2.69,30.95,0.23,1017.0,drought,0
1.28,34.18,82.35,13.05,4.33,55.19,0.2,1005.47,none,0
168.65,38.36,88.22,26.31,4.96,78.57,0.14,996.39,flood,2
33.84,30.12,47.5,37.77,3.71,15.7,5.89,1022.9,earthquake,2
8.47,26.56,63.07,22.19,2.01,32.64,0.03,1002.35,none,0
194.74,17.72,63.4,9.94,5.02,93.37,0.52,1000.16,flood,2
93.04,27.03,90.55,22.57,4.87,85.28,1.1,1014.35,flood,2
0.0,33.27,60.94,4.87,2.41,17.89,0.35,1011.56,drought,0
86.33,25.64,77.33,93.97,4.44,29.43,0.5,970.75,cyclone,3
7.4,27.71,33.65,8.26,1.09,19.65,0.03,1012.49,none,0
25.82,27.73,65.9,4.7,1.89,45.02,7.34,1014.69,earthquake,2
10.54,33.57,48.57,9.43,2.86,19.26,0.04,1014.3,drought,0
36.21,22.48,79.84,104.47,1.83,19.38,0.68,964.35,cyclone,2
40.41,32.1,91.72,20.49,10.1,87.08,0.02,1002.42,flood,2
0.0,38.34,31.46,5.53,4.75,20.26,0.19,1020.74,drought,1
9.09,21.95,82.57,5.7,4.07,39.62,0.84,1013.09,none,0
9.21,26.46,48.21,6.51,3.68,41.72,0.48,1017.59,none,0
26.07,22.09,47.17,10.87,1.08,38.34,0.43,1008.44,none,0
9.44,27.04,51.97,2.41,3.75,45.12,0.08,1015.39,none,0
13.43,36.21,88.87,4.45,3.97,23.05,0.18,1012.14,none,0
29.9,26.16,76.44,15.2,2.34,22.46,0.06,1008.03,none,0
70.84,33.84,82.1,9.53,4.55,49.51,1.26,1009.01,flood,1
148.95,17.52,83.41,0.75,9.96,48.86,0.34,1012.26,flood,2
73.92,26.53,61.98,5.7,11.04,72.21,0.2,1010.02,flood,2
19.78,36.44,59.98,0.76,4.94,53.91,3.9,1004.84,earthquake,1
4.03,23.62,73.48,17.57,1.65,31.26,0.12,1019.96,none,0
6.96,18.17,81.32,7.2,4.64,50.18,8.12,1010.65,earthquake,2
77.77,32.85,63.12,112.68,2.67,4.81,0.17,971.78,cyclone,3
13.63,34.05,49.78,35.43,4.03,34.36,0.57,1008.33,none,0
6.76,23.95,94.49,9.32,2.8,38.11,0.36,1009.42,none,0
15.76,30.2,84.41,9.55,2.51,25.8,0.19,1031.65,none,0
30.84,36.83,36.78,8.08,1.03,47.72,0.17,1018.92,none,0
57.4,31.94,80.8,95.69,3.38,10.46,1.83,1004.91,cyclone,2
4.79,36.65,23.37,13.03,3.49,14.9,0.6,1006.32,drought,1
9.84,29.61,73.33,25.58,2.07,24.16,0.08,1009.39,none,0
9.01,25.42,77.68,11.62,3.17,31.52,0.25,1015.05,none,0
0.13,33.03,20.03,17.24,2.14,17.1,1.36,1002.93,drought,1
11.48,29.51,33.1,19.55,2.33,16.45,0.06,1027.61,drought,1
91.69,32.26,76.86,140.78,3.13,19.48,0.11,991.23,cyclone,3
114.68,27.93,81.96,14.85,6.13,56.05,1.05,1004.43,flood,2
82.35,26.05,100.0,172.93,2.6,39.47,1.02,991.24,cyclone,2
64.34,19.72,49.53,9.61,3.55,43.12,0.18,1015.72,none,0
0.0,40.15,53.3,19.63,3.78,0.0,0.11,1014.42,drought,1
108.04,22.09,69.71,7.48,3.16,62.89,0.04,995.0,flood,2
79.13,25.29,84.57,12.69,7.71,69.97,1.42,1012.74,flood,2
41.5,28.28,70.5,43.84,3.62,17.57,0.03,991.58,cyclone,2
47.81,28.3,79.27,140.99,2.16,18.8,0.09,991.24,cyclone,2
6.17,27.54,43.62,12.78,2.51,39.74,0.32,1012.69,none,0
65.04,26.11,78.12,163.72,3.96,9.68,0.09,984.42,cyclone,3
9.56,25.91,64.16,6.64,2.42,42.44,0.2,1012.51,none,0
19.86,31.7,74.64,14.24,1.99,29.67,1.45,1018.18,none,0
28.01,26.19,49.95,21.62,1.39,31.24,0.05,1019.23,none,0
100.69,23.63,66.94,10.15,3.01,69.9,0.09,1001.95,flood,1
11.07,27.89,68.09,4.45,3.42,44.91,1.03,1010.24,none,0
31.04,21.9,62.48,9.57,3.22,23.86,0.05,1002.75,none,0
16.72,25.72,36.96,2.37,2.99,27.7,0.38,1005.28,none,0
16.98,23.66,58.9,13.68,2.5,16.41,0.27,1004.41,none,0
5.18,30.01,46.44,8.12,2.51,39.79,0.43,1007.3,none,0
4.15,35.36,67.4,9.69,0.98,36.55,7.72,1004.15,earthquake,2
14.79,27.04,58.27,20.72,5.81,39.5,8.76,1017.2,earthquake,2
24.91,33.13,23.64,14.65,3.1,9.0,0.42,1028.86,drought,1
26.21,26.81,36.28,16.51,3.72,52.54,5.35,1014.89,earthquake,2
50.22,20.42,63.17,14.31,11.69,44.71,0.39,1013.51,flood,2
41.35,31.45,100.0,88.58,4.08,43.79,0.33,987.11,cyclone,2
54.01,29.97,72.01,115.99,1.81,36.94,0.38,993.95,cyclone,2
12.05,25.48,66.7,9.54,3.66,26.27,4.73,1010.5,earthquake,1
17.71,19.3,58.32,27.62,4.31,39.22,0.22,1002.31,none,0
24.38,27.89,65.28,8.85,2.73,27.21,0.05,1021.39,none,0
7.04,32.17,34.44,19.03,2.79,39.92,0.58,1006.39,none,0
55.99,33.91,100.0,104.79,3.49,45.21,0.04,997.9,cyclone,2
140.17,37.27,87.24,80.98,5.03,22.72,0.01,992.02,cyclone,3
2.12,31.84,96.27,2.64,3.07,44.67,0.21,1024.74,none,0
50.54,24.1,82.93,88.06,4.19,26.58,0.12,973.12,cyclone,2
30.44,30.63,77.86,5.75,2.83,19.51,8.13,1023.69,earthquake,2
38.98,23.76,55.89,2.37,2.61,51.41,0.18,1024.44,none,0
22.22,28.74,56.51,33.38,3.0,35.18,0.02,1009.56,none,0
52.88,21.5,53.91,11.1,6.07,70.23,2.17,1021.74,flood,1
1.96,35.29,65.84,24.53,2.91,0.0,0.03,1023.26,drought,1
6.08,23.09,67.84,8.31,3.6,33.3,0.61,1016.76,none,0
14.18,22.7,71.54,13.86,3.28,35.55,0.69,1020.48,none,0
33.4,30.16,64.23,12.04,3.7,69.14,0.28,1013.57,none,0
36.49,24.63,36.19,5.2,3.63,68.6,0.23,999.67,none,0
31.76,23.84,57.33,17.09,2.5,32.61,0.69,1016.18,none,0
22.81,29.95,59.02,22.07,3.45,46.13,0.3,1009.48,none,0
19.81,22.32,46.4,14.0,1.11,39.5,0.23,1005.44,none,0
4.31,27.21,86.72,6.65,4.55,30.5,0.06,1001.18,none,0
0.0,30.9,37.35,5.25,3.3,29.79,0.23,1006.35,drought,0
54.25,24.88,73.93,80.44,4.56,31.4,0.34,991.51,cyclone,2
5.63,26.11,48.38,25.69,3.58,33.34,0.5,1011.64,none,0
57.56,27.43,48.12,9.29,8.09,47.55,0.08,1002.7,flood,2
10.2,40.28,17.46,3.7,4.66,19.67,0.03,1013.14,drought,1
16.91,28.48,52.67,25.33,4.24,25.93,0.15,1005.15,none,0
7.15,19.93,24.9,3.85,1.4,18.58,0.47,1018.14,none,0
11.09,39.23,36.08,3.88,1.5,51.23,0.05,1009.19,none,0
152.08,23.74,78.04,13.38,4.11,46.62,0.69,1003.88,flood,2
9.73,38.27,35.61,10.54,3.12,3.65,0.03,1014.58,drought,0
121.48,38.92,88.31,58.95,3.99,10.97,0.87,997.07,cyclone,3
5.47,23.91,44.48,2.12,3.23,55.41,5.79,1015.37,earthquake,1
23.05,25.72,54.64,2.71,2.38,21.51,0.37,1022.57,none,0
146.8,23.55,83.45,5.61,15.13,69.83,0.12,1007.76,flood,2
17.43,30.43,85.84,11.38,4.51,46.61,1.56,1013.04,none,0
3.66,22.56,45.53,5.8,2.83,37.36,1.63,1017.7,none,0
51.97,26.91,71.72,76.48,2.85,34.62,1.62,978.81,cyclone,2
8.49,28.88,72.99,16.61,2.9,37.94,0.01,1007.78,none,0
75.69,26.63,77.77,0.78,5.78,66.97,0.37,993.39,flood,2
26.99,22.91,34.26,6.96,5.28,35.74,3.92,1003.52,earthquake,1
191.04,25.9,85.21,11.38,8.92,52.32,0.37,990.03,flood,3
28.69,23.47,49.0,5.79,2.0,39.28,0.23,1012.29,none,0
11.24,32.09,48.5,12.96,1.95,27.69,0.33,1014.61,none,0
11.88,25.94,64.28,7.33,1.16,36.13,0.36,1012.07,none,0
34.7,22.81,49.72,6.26,4.34,47.63,0.02,1002.35,none,0
3.71,28.52,42.94,3.98,3.5,47.74,1.01,1013.59,none,0
8.72,28.68,28.5,5.07,3.08,18.0,8.29,1012.77,earthquake,2
0.0,39.14,47.89,15.16,4.28,1.89,0.05,999.88,drought,1
20.25,33.76,39.62,21.45,3.03,23.56,0.35,1011.94,drought,1
9.73,29.71,100.0,3.32,3.42,39.77,8.25,1007.65,earthquake,2
0.0,40.74,36.45,11.67,2.92,13.44,0.06,1006.21,drought,1
7.85,25.66,53.5,14.22,2.21,46.77,5.72,1021.94,earthquake,1
95.84,22.49,100.0,40.28,2.2,39.11,0.01,990.67,cyclone,2
95.36,34.04,34.62,17.54,5.6,86.29,0.32,999.51,flood,2
14.88,26.06,79.98,207.27,2.41,35.12,1.06,992.37,cyclone,2
13.04,30.07,51.87,4.31,2.28,36.2,0.2,1013.93,none,0
27.3,29.84,33.43,32.04,4.53,47.26,0.36,1006.16,none,0
13.64,16.81,76.83,9.38,2.44,39.3,1.38,994.96,none,0
53.52,27.44,56.56,91.64,3.84,30.65,0.48,983.88,cyclone,2
11.97,19.23,51.15,3.53,3.88,8.57,0.47,1011.94,none,0
45.19,29.37,49.62,16.7,2.72,42.33,0.32,1014.46,none,0
193.36,28.25,84.15,6.82,9.72,67.31,0.42,1004.54,flood,3
22.62,26.18,47.0,22.95,3.37,51.3,0.1,1019.12,none,0
46.1,27.85,59.48,181.97,2.95,15.14,0.5,986.22,cyclone,3
0.71,34.73,9.03,13.66,4.4,19.71,0.4,1011.02,drought,1
8.23,28.91,59.2,21.0,3.99,41.46,0.78,1010.48,none,0
16.65,35.93,73.3,5.61,3.26,28.8,8.02,1016.11,earthquake,2
7.53,30.53,51.95,3.87,2.68,35.15,0.43,1007.12,drought,0
56.8,32.43,63.07,116.58,4.6,43.99,0.44,977.27,cyclone,3
0.27,23.35,15.36,12.67,3.07,31.68,0.2,1011.11,drought,0
3.07,28.83,46.28,12.51,3.69,47.69,0.34,998.18,none,0
13.55,25.48,78.64,11.1,3.99,26.87,5.98,1015.87,earthquake,2
119.2,20.72,94.62,5.32,7.97,79.44,0.1,983.63,flood,2
105.54,22.51,39.03,6.74,8.02,73.17,0.16,1020.23,flood,2
15.97,30.79,73.03,7.46,4.18,57.69,0.05,1013.35,none,0
12.17,21.71,79.46,3.51,3.1,58.89,0.39,1007.67,none,0
66.11,21.47,59.37,10.53,4.84,39.66,0.56,1019.3,none,0
2.17,22.52,42.33,12.63,0.0,22.47,0.5,1008.16,none,0
24.66,26.79,47.47,9.55,3.17,32.17,0.34,1020.94,none,0
287.92,22.66,75.84,5.92,9.5,72.4,0.33,999.45,flood,3
54.79,28.38,100.0,65.22,2.06,21.86,0.41,974.36,cyclone,2
163.45,28.33,69.41,9.09,4.72,70.5,0.03,1007.77,flood,2
19.88,24.2,76.64,4.6,4.64,45.42,0.2,1015.3,none,0
5.99,25.22,63.71,21.55,1.94,38.9,0.19,1011.75,none,0
13.3,31.5,72.2,9.63,2.89,33.74,0.23,1011.5,none,0
41.64,18.26,90.24,123.23,1.57,56.42,0.89,988.44,cyclone,2
147.84,32.3,59.41,28.23,1.93,73.13,0.32,1005.11,flood,1
14.05,20.4,60.18,34.54,1.27,0.0,0.33,1012.23,none,0
17.29,29.26,53.29,7.05,3.41,41.51,0.74,1020.79,none,0
45.95,24.16,59.01,10.53,2.98,34.52,0.17,994.14,none,0
188.16,24.64,63.33,26.25,5.32,71.71,0.25,1007.14,flood,2
5.34,29.02,62.81,4.07,1.86,34.48,0.15,1020.22,none,0
94.98,25.99,100.0,1.62,9.85,45.09,1.35,1001.7,flood,2
39.08,28.04,32.37,2.76,1.96,11.4,0.2,1017.63,drought,1
18.43,28.13,83.89,8.73,3.56,17.39,0.42,1006.33,none,0
89.98,28.54,72.54,10.2,7.49,83.01,0.04,1001.72,flood,2
12.81,31.86,54.94,17.88,1.68,18.02,0.17,1022.57,none,0
20.81,27.26,68.07,14.76,2.33,20.66,1.28,1018.6,drought,1
139.47,28.77,75.87,18.07,7.85,68.6,2.1,1027.11,flood,2
14.68,21.45,55.01,12.87,1.59,46.87,0.62,1014.19,none,0
7.25,27.98,34.33,33.13,3.42,39.68,5.09,1009.04,earthquake,1
69.69,29.14,100.0,57.33,3.05,24.29,0.26,989.19,cyclone,2
23.13,19.94,85.12,12.98,2.07,28.87,1.02,1020.07,none,0
3.98,29.82,0.0,9.09,3.82,0.0,0.21,1019.56,drought,1
13.39,28.88,32.88,0.92,3.9,22.41,0.91,1021.16,none,0
28.14,27.16,59.73,8.03,3.07,35.41,0.25,1019.41,none,0
10.51,16.4,73.36,5.62,2.52,34.41,0.8,1010.78,none,0
36.93,31.24,70.79,46.1,3.1,32.35,0.15,981.11,cyclone,1
19.31,32.38,94.68,4.31,2.12,54.27,0.58,1011.92,none,0
24.8,25.7,69.13,8.61,3.01,44.54,0.08,1017.68,none,0
7.28,27.86,38.66,7.67,2.49,52.78,0.91,1023.99,none,0
5.81,27.07,39.49,6.38,3.41,40.54,0.15,1016.75,none,0
8.93,18.59,61.69,27.99,3.0,19.35,0.4,1012.33,none,0
76.2,23.76,90.36,5.9,3.87,48.45,0.02,1007.07,flood,1
328.61,26.06,100.0,25.14,6.92,53.24,0.01,1005.41,flood,2
19.34,29.85,81.19,19.16,1.83,27.8,0.04,1015.02,none,0
0.0,30.86,22.11,4.08,1.66,20.4,0.3,1008.6,drought,0
98.1,17.11,100.0,13.35,4.62,64.68,0.36,1008.78,flood,1
7.08,31.24,49.52,17.44,4.05,36.69,0.84,1021.44,none,0
83.63,35.55,100.0,112.65,3.49,20.1,0.44,983.06,cyclone,2
94.71,31.36,98.9,5.93,3.64,38.51,0.18,1005.09,flood,1
6.89,35.85,67.2,4.53,5.43,36.23,0.61,1007.08,none,0
11.95,27.18,40.95,22.36,4.8,9.17,0.64,1023.81,drought,1
27.76,33.65,31.03,12.09,1.47,27.14,0.26,1013.17,none,0
106.04,29.79,88.59,126.51,4.69,48.23,0.18,1000.12,cyclone,2
147.37,34.17,79.71,9.77,7.16,88.91,0.87,1007.66,flood,3
16.58,24.25,87.22,10.04,3.75,38.69,0.08,1008.01,none,0
13.2,33.94,55.25,8.18,4.23,26.99,0.19,1016.03,none,0
4.13,22.35,55.99,28.29,1.38,25.06,0.12,1017.97,none,0
20.33,18.18,77.83,7.77,1.68,35.06,0.01,1000.32,none,0
13.62,37.49,23.73,19.04,1.36,22.09,0.2,1010.93,drought,0
7.85,27.49,75.1,40.24,3.32,21.96,0.1,1005.49,none,0
12.56,29.42,59.91,2.83,2.95,48.94,0.22,1000.18,none,0
63.31,22.65,100.0,117.4,3.57,12.73,0.74,983.99,cyclone,3
160.71,31.62,74.95,6.73,4.65,74.52,0.18,1002.13,flood,2
44.36,22.07,49.17,8.16,2.79,28.47,4.09,1015.82,earthquake,1
6.87,15.87,43.64,5.28,2.05,28.84,0.2,1014.37,none,0
90.56,33.52,53.88,47.57,2.6,35.9,0.1,980.51,cyclone,2
15.7,26.81,49.21,15.51,3.17,39.29,0.27,1005.85,none,0
4.32,28.85,69.04,3.27,4.67,55.57,0.42,1015.7,none,0
11.77,23.84,57.41,11.33,3.49,28.05,0.27,1026.0,none,0
0.0,37.18,54.11,3.24,3.2,21.13,0.28,1000.49,drought,1
86.08,29.45,100.0,45.36,3.16,28.23,0.03,969.31,cyclone,2
7.22,25.33,85.35,24.42,3.38,33.94,7.87,1011.27,earthquake,2
103.32,23.58,97.96,236.8,2.89,33.77,0.55,1000.19,cyclone,3
92.28,30.37,100.0,92.92,0.23,46.26,0.25,962.73,cyclone,2
16.83,23.11,16.87,2.04,3.39,0.85,0.19,1017.81,drought,1
85.22,25.68,84.48,19.94,7.39,54.63,0.63,1009.45,flood,2
66.83,36.48,73.78,48.73,1.27,53.39,0.05,982.68,cyclone,2
40.95,17.77,82.6,112.84,3.02,23.06,0.12,1003.1,cyclone,2
10.99,24.69,75.55,14.12,3.8,35.2,7.38,1014.21,earthquake,2
111.49,16.21,80.16,48.89,2.66,12.7,0.2,994.86,cyclone,2
66.54,23.32,80.99,58.74,4.12,48.78,0.53,974.69,cyclone,2
10.06,24.56,84.78,9.21,4.2,42.02,4.22,1021.88,earthquake,1
15.17,24.0,55.83,2.19,2.48,34.33,0.58,1017.29,none,0
33.17,27.14,53.36,21.49,3.39,62.27,0.6,1006.8,none,0
91.2,32.59,76.79,100.04,2.85,28.25,0.44,1011.77,cyclone,2
85.4,20.35,80.23,8.5,8.04,67.75,0.05,999.91,flood,2
12.98,24.09,55.81,9.91,4.44,43.79,0.34,1024.57,none,0
26.71,30.24,38.18,4.8,3.78,34.74,0.45,1023.52,none,0
5.23,24.66,67.24,5.99,2.71,50.9,7.9,1029.14,earthquake,2
13.57,32.55,52.47,5.78,4.16,48.58,2.2,1012.59,none,0
36.68,36.87,73.46,8.29,4.71,58.98,5.95,1017.61,earthquake,2
207.37,26.19,84.15,30.09,8.63,58.88,0.43,1014.84,flood,3
10.52,35.54,100.0,3.27,2.04,33.76,1.28,1017.73,none,0
7.39,26.9,36.24,3.43,3.76,37.94,0.05,998.28,none,0
0.3,17.88,72.65,4.58,6.21,7.72,7.27,998.53,earthquake,3
5.96,19.76,78.62,7.15,4.59,34.19,0.18,1022.77,none,0
14.62,29.19,62.64,8.53,4.3,35.04,0.03,1008.48,none,0
6.99,25.97,70.57,0.47,2.84,29.22,0.33,1009.03,none,0
7.74,29.57,6.86,11.84,3.2,0.0,0.27,1012.57,drought,1
11.48,18.8,70.57,17.15,2.13,23.25,0.45,1000.91,none,0
12.37,26.27,69.2,2.81,3.09,27.27,7.12,995.38,earthquake,2
17.78,23.82,55.46,14.83,3.76,60.6,0.06,1002.24,none,0
12.73,24.33,72.46,8.82,2.6,20.64,4.55,1017.97,earthquake,1
34.9,24.4,65.18,112.12,3.09,40.99,0.31,987.49,cyclone,2
14.17,37.28,46.59,35.8,2.19,8.57,0.32,1004.19,none,0
23.08,36.06,49.71,11.79,2.66,28.77,0.12,1021.14,none,0
16.71,33.69,31.6,6.26,3.31,18.42,1.08,1032.57,drought,1
101.55,20.43,58.97,69.61,5.0,47.02,0.07,973.39,cyclone,3
15.17,19.65,71.04,9.84,0.92,33.36,0.34,1026.4,none,0
0.96,29.84,23.09,5.62,4.29,0.0,0.64,1003.56,drought,1
26.37,23.82,61.09,6.74,3.55,43.04,7.91,1012.47,earthquake,2
36.95,35.56,86.88,5.15,7.41,64.62,0.44,1014.15,flood,1
81.61,25.9,68.55,8.96,7.1,67.75,0.25,1019.46,flood,2
190.59,31.97,77.27,17.13,7.04,69.0,0.55,1004.43,flood,2
12.07,31.32,58.5,31.56,2.76,32.95,0.59,1004.71,none,0
12.99,33.13,83.27,23.22,2.5,56.76,0.01,1010.86,none,0
2.46,35.32,19.7,10.1,2.02,12.91,0.49,1010.42,drought,1
11.35,16.86,68.05,58.41,2.88,43.92,0.68,1020.8,none,0
51.53,28.23,34.29,3.0,2.04,16.79,0.69,1008.63,drought,1
57.33,24.2,100.0,191.97,1.92,46.89,0.23,955.3,cyclone,3
16.63,35.8,89.23,9.53,2.08,46.72,1.84,1010.98,none,0
83.14,26.39,81.63,47.26,4.44,36.98,0.23,966.35,cyclone,2
20.85,22.07,77.83,13.01,3.64,35.11,0.2,1006.47,none,0
167.75,31.04,92.74,76.83,4.08,57.16,0.01,996.76,cyclone,3
9.2,23.7,62.15,12.72,2.61,24.26,0.25,1003.63,none,0
35.31,24.32,66.32,9.47,3.39,34.88,5.45,1010.97,earthquake,1
12.93,27.87,30.21,2.66,3.84,5.41,0.2,1003.96,drought,1
0.0,39.41,26.8,32.96,2.96,17.3,0.91,1014.64,drought,1
6.0,25.99,83.08,12.88,3.9,48.11,0.96,1024.36,none,0
30.66,27.17,85.82,28.56,2.55,52.56,0.27,1015.52,none,0
13.11,27.65,63.98,7.36,4.29,46.64,0.58,1019.05,none,0
110.96,39.97,96.53,16.58,5.97,65.87,0.13,998.73,flood,2
95.34,26.86,66.36,25.91,2.58,21.86,1.3,984.63,cyclone,2
22.8,31.87,51.61,10.86,3.4,27.18,0.12,1016.31,none,0
158.25,22.59,87.04,11.79,8.75,70.94,0.01,1008.22,flood,3
75.71,21.14,65.49,8.29,5.37,81.3,0.22,1014.43,flood,1
12.07,27.32,69.42,8.28,2.83,34.91,0.61,1016.69,none,0
20.42,21.94,54.43,3.13,4.25,52.85,3.75,1009.33,earthquake,1
2.68,17.25,53.3,11.31,2.86,30.61,0.07,1015.28,none,0
17.7,30.93,78.22,5.98,2.76,33.28,7.86,1023.13,earthquake,2
15.77,20.28,57.82,9.56,2.37,5.0,0.42,1012.51,none,0
106.6,26.84,88.93,6.09,5.33,85.92,0.48,1002.08,flood,2
80.25,25.39,74.83,16.99,5.92,56.86,0.1,994.9,flood,2
0.0,39.28,35.71,8.42,1.19,29.0,0.25,991.35,drought,1
42.46,29.57,55.74,1.9,5.46,61.77,0.38,1012.76,flood,1
10.93,20.84,69.36,6.62,2.71,29.41,0.21,1020.6,none,0
104.57,21.92,73.95,6.66,5.83,83.64,0.01,1002.89,flood,2
69.09,20.02,91.71,8.44,7.17,86.23,0.13,1005.39,flood,1
65.32,29.63,89.57,7.81,6.83,58.29,0.08,1007.92,flood,2
240.57,33.91,75.42,5.86,6.34,94.08,0.29,1008.02,flood,2
18.41,24.8,56.74,7.42,1.24,6.31,0.68,1008.02,drought,1
164.55,19.17,97.55,6.74,9.1,81.5,0.02,1002.35,flood,2
13.79,26.72,62.01,5.95,1.99,63.15,0.08,1015.18,none,0
35.02,28.03,89.22,72.96,3.01,39.17,0.06,997.62,cyclone,1
147.79,36.44,83.64,2.96,4.6,65.09,0.05,1023.63,flood,1
21.25,32.44,58.43,21.93,2.86,20.45,0.02,1005.99,none,0
14.62,25.85,71.93,7.35,3.16,33.49,0.13,1012.71,none,0
42.62,31.71,85.54,44.35,2.62,20.56,0.14,961.15,cyclone,2
90.53,30.15,66.2,16.3,9.89,45.15,0.45,1005.61,flood,2
11.1,28.03,38.98,17.71,3.19,52.29,1.05,1007.19,none,0
12.42,16.88,51.59,13.05,4.2,58.47,5.15,1024.06,earthquake,2
25.77,25.97,59.38,7.6,2.28,32.71,4.37,1026.78,earthquake,1
89.35,20.79,100.0,43.56,4.43,20.98,0.29,983.88,cyclone,2
4.28,29.02,43.32,16.9,1.79,28.67,0.23,1010.78,none,0
157.78,21.78,76.02,14.11,3.35,52.88,0.72,1003.61,flood,2
108.65,34.39,77.93,4.96,11.19,83.17,0.19,1015.75,flood,2
235.77,20.93,78.75,4.9,6.06,59.15,0.16,991.23,flood,2
8.8,38.73,1.51,46.93,4.5,15.97,0.06,1007.49,drought,1
2.99,35.39,58.4,7.43,4.18,0.0,0.26,1010.33,drought,1
24.46,23.53,50.47,18.0,1.95,14.78,4.57,1008.63,earthquake,2
86.72,28.9,99.11,90.18,4.03,32.76,0.3,995.73,cyclone,2
12.18,21.28,54.6,2.57,3.17,15.25,5.97,1012.55,earthquake,2
47.06,27.09,86.17,8.59,4.81,94.91,0.56,1000.69,flood,1
8.47,38.47,52.2,11.08,3.85,20.56,0.38,1014.1,drought,1
23.03,27.84,39.49,31.27,2.92,30.89,6.53,1025.35,earthquake,2
20.8,26.05,65.07,6.96,3.2,42.24,0.17,1018.68,none,0
81.47,32.08,61.4,116.28,2.43,32.74,0.08,976.31,cyclone,3
84.91,25.5,65.81,81.56,2.05,17.25,0.84,985.39,cyclone,2
4.08,22.31,73.77,7.6,1.88,26.87,0.8,1022.36,none,0
42.74,32.49,45.87,13.62,1.88,40.6,9.07,1020.25,earthquake,2
162.83,27.51,70.95,29.38,9.91,58.56,0.16,1016.68,flood,3
18.82,30.36,38.09,14.01,2.41,60.94,0.59,1007.08,none,0
9.23,27.21,36.58,14.83,4.54,27.73,0.65,1027.21,none,0
17.76,28.35,56.63,8.22,3.07,36.97,0.56,1008.56,none,0
9.3,17.93,49.04,7.98,4.63,35.23,0.45,1009.13,none,0
111.89,25.61,46.69,60.88,3.83,50.83,0.28,977.27,cyclone,3
32.44,21.89,52.73,3.94,3.67,32.64,0.26,1017.45,none,0
10.04,30.1,80.56,9.21,3.06,37.41,1.83,1014.18,none,0
9.71,29.76,31.63,22.95,3.08,0.92,0.35,1023.79,drought,1
7.15,17.64,39.8,8.14,2.21,35.95,8.47,1021.72,earthquake,2
3.46,20.82,58.38,5.27,1.66,35.18,0.03,1020.26,none,0
15.33,19.59,46.33,1.34,0.23,37.89,0.24,1005.71,none,0
128.44,25.53,61.32,11.75,7.15,64.75,0.1,993.62,flood,2
1.1,27.56,48.82,22.12,2.58,41.3,0.8,1012.12,none,0
30.81,27.04,24.95,3.65,1.45,31.08,7.67,1024.76,earthquake,2
17.3,32.25,48.01,10.96,2.6,45.08,0.94,1019.31,none,0
7.81,33.12,69.53,3.98,0.63,28.11,0.26,1012.0,none,0
0.0,37.43,58.96,8.46,1.67,10.77,0.93,998.22,drought,1
171.91,24.23,78.82,11.89,5.95,59.2,0.09,1001.4,flood,2
3.06,28.89,66.47,14.15,4.49,29.48,0.0,1017.76,none,0
44.03,34.76,93.67,73.13,3.33,19.37,0.25,982.97,cyclone,2
54.61,30.42,90.55,105.51,3.16,32.36,0.29,986.16,cyclone,2
16.28,29.77,21.01,15.84,3.45,34.83,0.07,1012.18,none,0
113.34,31.7,92.58,179.61,2.54,43.59,0.15,979.68,cyclone,3
4.99,31.63,63.81,2.35,2.99,28.49,0.21,1011.66,none,0
13.16,24.97,77.7,6.46,2.32,50.92,0.87,1010.96,none,0
1.21,35.11,26.17,10.03,1.31,8.0,0.18,1021.22,drought,0
13.03,35.51,24.86,18.24,2.18,21.56,0.34,995.38,drought,1
12.66,24.25,43.38,7.13,3.23,25.53,7.8,1008.03,earthquake,2
94.21,31.63,100.0,11.71,7.13,48.57,0.15,998.65,flood,2
148.0,29.52,81.88,5.06,10.17,57.82,0.07,1010.26,flood,2
14.3,35.78,42.56,6.24,2.44,47.38,0.78,1007.39,none,0
31.89,26.47,39.06,2.91,3.55,10.21,0.86,1025.95,none,0
21.22,25.54,58.07,4.29,4.51,23.27,0.25,1009.51,none,0
116.26,16.77,85.36,50.47,3.85,42.47,0.42,970.72,cyclone,2
19.53,24.29,30.96,11.07,2.42,40.75,0.06,1012.7,none,0
4.66,39.3,36.61,8.24,2.91,4.44,0.02,1004.37,drought,1
4.81,25.9,68.95,7.63,2.54,16.4,9.45,1009.74,earthquake,2
72.66,22.65,91.62,108.95,1.62,18.63,1.14,966.84,cyclone,3
5.24,33.96,60.25,19.87,4.59,22.25,5.43,1018.39,earthquake,2
48.16,28.41,68.29,22.36,1.69,50.08,0.61,1011.19,none,0
11.46,31.59,74.93,15.17,1.5,42.09,7.48,1022.96,earthquake,1
96.4,27.07,80.58,20.26,4.33,61.61,0.16,999.92,flood,2
13.26,24.94,67.78,4.93,2.42,45.22,0.01,1025.17,none,0
0.0,24.67,34.52,9.97,2.61,11.86,0.63,1007.12,drought,1
27.92,23.29,71.12,15.15,1.87,4.56,5.59,1010.91,earthquake,2
43.46,27.59,92.92,39.9,6.49,49.92,0.22,1005.33,flood,2
103.45,24.3,85.24,83.34,2.91,41.34,0.7,991.1,cyclone,2
242.27,25.02,53.29,8.96,12.29,62.41,0.4,996.81,flood,3
18.68,30.29,83.68,9.02,2.39,44.17,0.24,1004.45,none,0
45.72,27.73,82.78,9.48,5.52,59.53,0.28,1025.02,flood,1
43.12,24.75,82.93,1.4,3.89,77.1,0.12,1009.38,flood,1
35.58,30.73,52.6,4.39,3.94,45.98,0.2,1014.06,none,0
19.74,31.21,35.59,9.02,3.28,54.7,0.84,1014.02,none,0
8.64,12.52,45.35,21.18,3.37,45.59,0.18,1017.44,none,0
7.81,34.61,80.7,7.16,3.19,23.55,0.44,1017.35,none,0
10.56,35.71,50.73,28.7,1.62,16.8,0.81,1006.05,drought,1
30.39,26.02,59.02,20.36,3.46,30.17,0.05,1045.21,none,0
3.92,25.93,51.98,9.88,4.25,33.09,0.13,1023.7,none,0
22.13,14.87,47.63,9.17,2.48,25.01,0.15,1009.25,none,0
3.68,28.26,73.84,6.42,4.36,16.72,8.07,1023.56,earthquake,2
11.28,22.19,69.67,15.92,3.68,40.45,0.56,1017.55,none,0
52.73,26.39,87.85,132.12,3.63,39.71,0.58,988.65,cyclone,2
8.24,21.22,70.6,38.3,2.97,21.39,0.04,1009.71,none,0
10.24,29.43,41.43,5.59,2.8,57.04,1.97,1000.09,none,0
12.08,35.79,43.95,16.04,3.6,55.48,0.05,1008.53,none,0
62.81,21.83,80.33,13.13,5.65,57.67,0.4,1005.83,flood,1
18.01,21.5,72.55,14.64,2.38,24.16,7.62,1020.25,earthquake,2
0.8,34.11,37.11,12.05,2.84,4.98,0.22,1014.86,drought,1
14.97,28.12,42.95,23.95,2.33,33.0,8.01,1023.49,earthquake,2
53.05,28.37,50.16,12.09,9.0,62.5,0.39,1015.35,flood,2
5.48,30.56,66.1,13.46,2.63,32.84,0.08,1019.73,none,0
7.68,26.04,83.49,7.1,3.61,24.51,0.01,1010.87,none,0
28.43,29.83,64.72,2.61,1.59,42.54,0.54,1013.07,none,0
25.38,23.96,66.82,14.19,5.02,41.34,0.2,1011.85,none,0
8.31,25.82,56.72,11.96,3.86,20.74,8.36,1030.9,earthquake,2
29.37,19.23,82.55,21.54,1.77,27.97,0.74,1020.56,none,0
238.34,28.19,75.41,18.0,4.55,37.73,0.25,1019.03,flood,2
0.0,30.21,44.54,6.77,4.38,17.95,0.43,998.66,drought,1
6.76,28.66,62.77,27.69,4.33,30.68,0.43,1011.19,none,0
9.73,29.49,42.84,17.23,4.16,30.29,0.22,1014.44,none,0
85.87,26.56,88.01,16.36,7.21,85.5,0.14,1011.57,flood,2
146.23,35.62,91.74,10.63,9.2,70.04,0.2,1014.12,flood,2
22.93,30.64,40.08,35.04,2.49,22.64,0.05,1010.77,none,0
1.47,36.3,21.45,11.17,2.75,26.67,0.14,1006.69,drought,0
142.52,18.83,89.94,161.89,3.03,32.28,0.12,998.49,cyclone,3
47.79,30.43,53.8,8.22,5.01,52.86,0.09,1013.28,none,0
3.27,27.25,55.62,2.39,2.68,20.93,0.08,1010.43,none,0
1.75,27.02,61.44,13.47,2.08,34.91,6.34,1025.41,earthquake,1
174.12,30.23,89.15,12.41,9.58,67.56,0.12,1021.45,flood,2
89.72,36.12,86.58,126.29,3.94,51.29,0.17,965.65,cyclone,3
6.06,27.16,45.5,5.42,3.46,11.39,0.07,998.1,none,0
1.22,41.92,8.36,12.49,1.81,10.25,0.38,1017.8,drought,0
11.35,26.13,60.34,14.79,2.72,39.82,0.65,1008.55,none,0
4.88,20.3,54.82,4.3,2.5,28.99,6.41,1013.76,earthquake,1
73.4,32.19,100.0,75.07,1.9,44.21,0.13,983.3,cyclone,2
15.7,28.25,48.91,18.49,2.42,12.98,0.15,1010.35,none,0
134.73,26.5,100.0,10.23,4.97,66.76,0.79,994.11,flood,2
80.32,27.18,96.86,72.17,4.13,33.58,0.02,951.69,cyclone,2
15.88,24.19,54.41,15.32,2.7,33.07,0.25,1019.49,none,0
10.2,20.18,39.17,3.24,4.2,27.77,0.38,1011.27,none,0
8.55,24.14,77.66,10.72,4.24,27.98,0.11,1024.23,none,0
53.71,25.38,74.34,16.49,2.34,38.82,0.28,1018.33,none,0
11.88,22.66,71.86,26.55,3.55,40.19,0.34,1000.79,none,0
71.76,28.84,82.54,0.82,10.77,92.0,0.98,1014.79,flood,2
33.78,29.17,61.97,6.57,2.56,46.51,0.21,1001.03,none,0
40.84,28.5,80.74,165.3,3.16,2.48,0.64,975.19,cyclone,3
15.12,33.06,77.37,13.97,3.77,44.79,1.62,1010.19,none,0
6.99,28.75,67.3,6.47,3.42,41.38,7.66,1009.41,earthquake,2
3.11,29.1,55.84,9.24,1.86,37.45,0.42,998.74,none,0
12.16,34.16,42.64,1.89,2.59,16.94,0.09,997.07,none,0
10.58,39.13,35.53,0.52,4.47,31.88,1.1,1003.48,drought,1
121.25,29.31,69.64,58.88,2.98,51.77,0.88,987.61,cyclone,2
3.69,23.01,52.5,9.46,4.57,40.92,0.38,1011.72,none,0
0.0,36.59,16.94,16.58,4.27,25.21,1.13,1012.12,drought,1
15.39,17.02,52.51,2.17,3.51,47.74,5.0,1017.56,earthquake,1
20.06,31.47,64.68,3.4,3.0,29.21,0.09,1007.48,none,0
5.48,35.07,75.81,1.91,4.35,20.91,1.08,1012.42,none,0
124.47,15.86,74.64,7.1,5.07,70.73,0.37,1017.7,flood,2
0.0,38.67,24.88,7.88,1.87,12.68,0.93,1012.44,drought,1
56.61,27.97,47.08,11.69,4.64,68.22,0.32,999.69,flood,1
156.3,27.52,70.61,23.61,4.19,67.73,0.37,991.45,cyclone,2
76.89,23.86,70.19,108.88,5.13,40.27,0.15,988.56,cyclone,3
98.82,35.82,50.14,24.81,6.0,86.36,1.1,996.13,flood,2
5.79,29.26,53.05,34.6,2.88,42.67,0.25,1023.22,none,0
7.58,31.52,82.69,1.84,3.82,3.18,5.53,1008.39,earthquake,2
8.87,23.31,55.93,7.96,2.61,39.13,0.14,1008.28,none,0
4.35,32.38,33.2,6.32,2.74,47.91,0.15,1012.62,none,0
6.92,22.86,66.31,14.55,3.18,33.59,0.08,1019.65,none,0
76.16,20.4,25.07,9.47,6.18,52.25,0.26,1009.72,flood,1
21.05,26.11,54.21,9.22,1.15,41.25,0.25,998.66,none,0
122.1,22.28,79.82,12.04,12.5,66.23,0.56,1013.03,flood,2
38.9,22.61,54.39,21.59,1.94,33.33,0.71,1008.94,none,0
12.71,25.17,75.11,1.85,4.05,53.84,0.29,1005.88,none,0
72.91,24.28,60.16,42.19,1.14,31.43,0.69,995.29,cyclone,1
5.78,10.68,53.36,9.65,3.86,49.42,0.86,1029.75,none,0
61.84,24.95,74.72,11.7,7.92,51.94,1.43,996.92,flood,2
22.19,27.86,48.84,15.55,3.78,34.72,4.3,1011.14,earthquake,2
30.32,30.15,70.1,4.41,2.94,44.69,0.35,1007.23,none,0
77.59,38.76,60.79,46.65,1.87,34.53,0.55,969.89,cyclone,2
4.05,29.64,33.33,25.41,2.96,22.58,0.24,1012.98,none,0
2.41,21.4,65.24,9.97,2.08,41.9,0.27,1005.46,none,0
7.83,26.35,57.69,7.13,3.07,25.37,0.27,1011.07,none,0
138.38,30.18,44.53,17.54,2.54,65.69,0.81,1020.22,flood,1
0.0,29.36,25.79,12.55,3.16,16.59,0.65,1009.24,drought,1
18.1,27.73,44.6,6.98,1.75,39.65,0.31,1010.16,none,0
7.59,19.0,71.39,24.34,4.28,43.9,0.14,1010.92,none,0
51.6,26.13,100.0,116.52,3.54,38.28,0.57,989.98,cyclone,3
25.88,27.66,98.53,4.24,2.98,24.83,0.3,1008.72,none,0
0.0,22.3,56.35,2.21,3.41,3.29,0.98,1029.32,drought,1
61.21,25.37,79.45,17.0,7.08,62.73,0.16,995.16,flood,2
6.07,31.96,63.22,9.25,1.86,19.66,0.17,1017.24,none,0
6.5,29.3,55.69,36.33,4.31,43.06,0.25,1017.78,none,0
12.38,32.93,61.81,2.5,2.81,0.0,0.33,999.79,drought,1
3.89,39.87,71.67,8.09,2.96,36.56,0.51,1017.24,none,0
17.53,30.65,59.79,1.47,1.31,43.32,8.45,1027.81,earthquake,1
6.96,36.13,59.85,19.11,2.82,34.61,1.15,1004.54,none,0
9.16,30.17,61.52,10.79,2.42,30.57,0.94,1018.11,none,0
12.53,27.99,39.61,11.91,1.97,10.78,7.95,1025.88,earthquake,2
118.01,23.86,85.41,62.82,3.99,47.31,0.45,971.73,cyclone,3
11.93,13.89,61.85,8.65,3.01,19.94,1.45,996.27,none,0
10.94,17.17,56.36,6.75,3.67,42.71,0.78,1010.06,none,0
5.0,19.48,68.59,10.81,2.94,35.67,0.01,1007.7,none,0
13.03,26.59,83.92,6.95,1.29,34.49,0.02,1019.69,none,0
83.56,31.92,100.0,184.66,3.66,44.37,1.29,991.66,cyclone,3
18.82,31.68,19.15,11.55,4.87,43.78,0.11,1014.35,none,0
13.3,24.42,43.32,14.68,2.64,28.2,0.33,1019.24,none,0
25.82,29.74,84.25,28.52,3.25,43.85,0.09,1031.02,none,0
122.06,33.2,81.93,127.29,2.48,28.43,0.75,970.43,cyclone,3
18.95,30.64,62.49,50.27,2.91,35.29,0.15,985.82,cyclone,1
17.88,31.78,59.08,30.1,4.41,42.12,0.27,1017.34,none,0
11.31,25.32,34.75,18.04,2.78,42.78,1.0,998.8,none,0
269.01,22.89,39.42,17.68,5.46,53.49,0.09,997.91,flood,3
8.85,36.07,76.9,3.28,1.12,45.82,0.54,1006.57,none,0
10.82,30.62,69.67,3.18,2.2,55.85,0.17,1017.1,none,0
11.42,31.62,41.7,7.89,3.41,12.4,0.88,1022.46,none,0
11.21,21.26,69.34,1.91,2.88,32.47,0.06,1007.8,none,0
138.2,32.01,89.53,13.83,6.78,52.34,0.05,1008.53,flood,2
3.19,31.47,63.41,1.9,1.5,14.66,8.39,1017.48,earthquake,2
10.7,24.8,40.18,4.78,2.88,71.78,0.59,1012.0,none,0
10.06,24.75,57.13,7.02,2.35,30.42,7.85,1017.47,earthquake,2
62.52,30.74,96.3,105.72,2.98,39.18,0.6,973.47,cyclone,2
104.98,29.57,84.95,10.94,7.2,81.45,0.34,1001.71,flood,2
47.88,23.81,56.68,14.13,2.43,52.22,0.06,1007.01,none,0
7.86,30.04,89.42,9.05,4.53,28.41,1.6,1015.0,none,0
27.97,26.71,98.6,94.35,2.61,26.63,0.01,1000.22,cyclone,2
5.79,31.35,71.38,7.5,3.0,36.54,0.04,1018.16,none,0
15.91,26.77,71.8,8.54,3.57,25.29,5.02,1004.82,earthquake,2
9.75,24.74,57.52,20.45,4.02,1.73,4.39,1018.09,earthquake,2
179.57,30.27,91.5,9.34,7.12,58.38,0.11,1019.22,flood,2
5.22,33.11,45.46,10.0,3.91,44.54,0.77,1018.79,none,0
46.48,30.48,69.13,141.97,3.09,48.5,0.07,999.31,cyclone,2
22.97,26.03,66.01,16.95,2.29,37.28,0.24,1003.67,none,0
18.13,24.27,78.73,6.38,1.41,26.44,5.26,1015.56,earthquake,1
7.0,21.75,49.45,4.19,4.25,53.48,0.02,1030.13,none,0
27.44,23.22,67.8,9.23,1.82,34.87,8.14,1013.16,earthquake,2
17.81,29.56,47.99,0.79,1.62,24.23,0.25,1006.95,none,0
153.8,27.68,78.74,1.64,3.98,88.91,1.1,1009.5,flood,2
2.18,20.61,58.02,11.69,3.78,35.95,0.09,1010.14,none,0
0.0,30.53,9.36,12.46,3.16,0.0,0.48,1017.84,drought,1
60.04,38.25,96.05,30.81,4.03,30.6,0.34,989.46,cyclone,2
23.34,17.78,66.55,4.06,3.12,37.98,0.33,1019.66,none,0
14.48,26.02,99.27,11.48,2.29,47.24,7.41,1019.14,earthquake,2
16.48,31.47,46.44,5.41,1.26,44.93,0.08,1009.03,none,0
82.25,25.28,78.24,9.55,3.62,74.58,0.06,1005.47,flood,1
76.3,26.61,83.03,119.29,2.59,40.4,0.6,983.66,cyclone,2
41.14,25.77,84.61,8.94,1.77,15.38,5.04,1015.9,earthquake,2
45.55,27.81,100.0,10.06,7.63,61.01,0.18,1007.34,flood,1
15.45,29.65,71.22,6.83,2.88,34.38,0.01,994.22,none,0
3.59,23.38,54.64,32.24,3.57,39.57,1.19,1029.0,none,0
3.47,26.72,38.57,13.7,3.53,40.3,0.28,1018.06,none,0
0.0,29.25,55.4,31.15,0.08,22.75,1.91,1006.07,drought,1
10.39,29.81,72.31,19.88,3.18,42.01,1.42,1003.92,none,0
66.71,20.22,78.68,74.8,2.47,29.84,0.99,977.73,cyclone,2
81.58,26.82,71.09,17.92,10.48,60.12,0.12,1006.05,flood,2
76.19,20.12,91.12,62.95,1.6,32.83,0.32,976.55,cyclone,2
11.15,26.54,75.42,28.57,2.2,24.75,0.54,1003.24,none,0
12.1,26.92,66.0,5.24,2.39,61.24,6.9,1015.2,earthquake,2
76.45,36.77,100.0,120.93,1.36,35.94,0.3,983.37,cyclone,2
5.7,26.34,13.84,8.05,2.59,11.48,0.41,1014.14,drought,1
60.04,18.41,73.72,0.62,6.0,71.09,0.47,1015.34,flood,1
7.53,23.64,47.91,5.86,2.54,42.44,0.15,999.2,none,0
15.53,30.83,56.93,5.37,3.96,34.77,6.87,1015.16,earthquake,2
75.51,32.18,100.0,117.42,4.04,40.59,0.25,999.95,cyclone,2
9.1,20.39,84.92,6.37,3.28,38.64,0.28,1006.7,none,0
1.82,39.91,22.13,13.65,1.84,10.03,0.04,1009.01,drought,1
7.75,30.34,70.87,11.51,4.27,44.8,0.26,1016.96,none,0
40.18,27.35,86.62,95.68,3.15,51.19,0.01,962.9,cyclone,2
122.0,27.67,100.0,4.57,9.69,70.3,0.13,1014.31,flood,2
159.72,22.38,98.14,6.3,4.23,57.04,0.32,1004.44,flood,2
9.84,19.59,53.17,23.5,2.84,36.36,0.22,1019.18,none,0
32.07,22.79,44.7,7.68,1.23,40.94,0.04,1017.61,none,0
16.68,29.22,69.03,21.07,3.22,30.64,0.64,1019.92,none,0
205.69,25.74,52.43,24.38,6.25,88.04,0.25,1001.75,flood,3
11.82,32.27,67.15,2.43,6.13,35.2,0.04,1004.93,none,0
33.79,33.27,47.28,11.31,4.38,38.83,6.06,1013.51,earthquake,1
9.83,31.15,80.96,14.74,3.5,38.63,0.35,993.44,none,0
6.73,36.2,76.56,5.57,1.72,43.46,0.85,997.27,none,0
131.44,25.14,100.0,46.16,2.46,43.28,0.94,980.43,cyclone,2
4.97,36.97,69.96,5.83,1.98,21.6,0.27,1008.7,drought,0
16.47,34.96,41.94,14.64,2.07,15.8,0.33,1022.24,drought,1
4.77,16.51,13.21,9.01,4.8,23.26,0.12,1001.28,none,0
11.14,28.26,69.95,7.61,1.91,18.87,0.07,1018.19,none,0
12.69,35.3,51.32,16.26,2.05,35.91,0.33,1013.92,none,0
19.91,28.75,73.8,16.13,3.64,43.26,0.22,1012.73,none,0
1.03,37.29,24.18,3.26,4.43,0.0,0.15,992.7,drought,1
14.09,36.31,41.46,7.33,1.97,48.53,0.17,1008.56,none,0
9.01,25.71,54.61,5.2,3.24,28.32,0.12,1030.27,none,0
5.94,32.29,54.02,11.97,2.99,43.47,7.11,1008.29,earthquake,2
0.0,27.15,13.95,7.05,2.77,11.55,1.0,1016.38,drought,1
82.3,28.54,88.08,126.97,5.4,34.11,0.16,974.31,cyclone,3
167.74,21.45,94.4,0.17,4.31,70.24,0.41,1005.44,flood,2
22.16,25.66,56.47,6.38,2.32,51.67,0.36,1012.17,none,0
13.43,24.01,56.11,10.1,2.8,45.66,0.4,1013.0,none,0
28.15,26.17,29.88,7.38,4.75,41.81,6.48,1003.33,earthquake,2
107.08,28.37,79.79,83.96,3.63,39.09,0.24,980.54,cyclone,2
8.74,36.91,30.83,39.98,3.35,18.02,0.04,1013.33,none,0
14.11,25.82,77.61,21.59,4.6,35.54,7.66,1013.79,earthquake,2
153.98,34.93,94.14,8.26,11.94,89.28,0.02,986.24,flood,3
81.95,22.18,65.28,195.54,3.0,38.38,0.79,996.26,cyclone,3
21.56,23.84,64.06,16.16,2.12,29.44,0.08,1006.26,none,0
26.22,24.11,83.32,8.78,2.82,48.6,0.01,1021.91,none,0
44.74,24.72,81.36,6.4,4.48,23.94,0.21,1019.26,none,0
34.28,20.79,58.2,10.02,3.31,46.49,4.88,1008.67,earthquake,2
28.39,19.99,51.57,11.34,4.3,56.3,0.01,1019.11,none,0
5.03,42.15,64.55,4.69,2.48,23.47,0.22,1021.53,none,0
10.37,28.53,13.76,42.92,3.34,48.04,0.13,1018.98,none,0
77.4,23.76,76.46,77.31,2.59,30.52,0.21,982.2,cyclone,2
7.88,29.93,72.33,15.64,3.79,50.13,8.64,1012.74,earthquake,2
16.17,19.93,52.44,12.01,3.43,31.31,0.09,1013.43,none,0
78.79,23.19,52.72,65.23,1.68,30.83,0.18,982.01,cyclone,2
6.94,27.52,38.91,6.82,4.07,28.9,0.37,1000.17,none,0
9.4,31.66,58.07,60.88,4.17,16.61,8.02,1002.22,earthquake,3
28.09,28.63,72.31,2.35,3.05,42.56,0.44,1011.27,none,0
17.04,25.63,58.59,14.91,2.23,40.18,0.39,1008.17,none,0
9.28,26.76,51.07,7.19,2.58,29.85,0.32,1003.77,none,0
3.35,30.82,74.62,12.51,5.19,31.38,1.42,1000.73,none,0
5.88,25.38,78.36,2.98,5.17,38.75,0.04,1011.36,none,0
61.8,15.65,74.53,69.87,2.45,23.05,0.21,989.98,cyclone,1
81.51,22.96,75.73,21.84,11.94,77.05,0.0,991.93,flood,2
2.34,15.58,71.79,16.18,2.32,28.24,0.1,1024.55,none,0
159.72,25.72,77.29,151.87,2.82,21.59,0.32,976.88,cyclone,3
10.97,20.12,76.99,17.55,3.4,3.29,0.71,1016.72,none,0
4.88,29.28,67.52,5.85,1.66,33.44,0.92,1000.46,none,0
2.04,28.08,86.54,11.65,2.66,28.87,0.29,1007.73,none,0
24.8,25.93,35.36,4.17,2.79,38.34,0.03,1012.77,none,0
64.3,22.48,79.55,14.76,8.71,83.07,2.42,1017.08,flood,2
23.26,25.83,66.54,132.51,1.81,27.09,0.55,982.05,cyclone,2
19.24,29.25,39.38,4.33,2.2,46.71,0.64,1014.13,none,0
57.06,27.47,96.12,68.2,3.18,22.64,0.16,988.19,cyclone,2
17.31,22.63,42.83,19.92,2.16,36.44,0.79,1017.43,none,0
109.08,29.44,62.98,143.2,3.7,12.92,0.32,979.09,cyclone,3
27.84,33.92,56.94,63.5,2.27,11.06,0.88,1013.22,cyclone,2
135.84,32.79,88.79,45.63,1.88,20.13,0.13,976.81,cyclone,2
16.45,40.83,73.67,3.74,2.21,40.36,0.97,1004.14,none,0
109.92,28.87,72.97,6.58,9.33,59.9,0.01,1023.72,flood,2
8.08,28.54,79.64,6.46,2.9,35.7,0.57,1017.61,none,0
123.03,30.95,72.25,109.85,4.26,39.52,0.27,978.67,cyclone,3
6.47,36.12,75.14,24.1,3.56,38.95,0.09,1018.89,none,0
80.63,25.43,95.99,139.67,4.15,29.59,0.05,977.36,cyclone,3
15.64,26.79,66.75,4.14,2.72,37.44,0.21,1009.71,none,0
5.95,18.75,86.29,17.49,1.26,25.49,0.77,1046.21,none,0
67.17,31.98,65.95,3.25,6.64,69.1,0.59,1006.14,flood,2
10.5,22.1,66.4,10.84,3.3,29.82,0.11,1000.53,none,0
3.82,32.33,44.34,7.85,1.84,12.6,0.75,1010.15,none,0
29.31,26.37,32.39,16.63,3.42,58.23,7.79,990.0,earthquake,3
55.32,25.23,67.16,95.94,2.37,25.9,0.07,987.56,cyclone,2
128.05,24.91,74.59,7.83,6.57,71.33,0.97,1021.57,flood,2
36.87,17.53,70.03,131.65,4.88,41.86,0.29,989.1,cyclone,2
95.7,21.5,81.19,14.64,15.0,67.17,0.84,1004.82,flood,2
201.29,24.97,61.24,4.14,3.88,60.99,0.66,992.13,flood,2
141.29,34.85,86.66,11.16,5.16,62.34,0.3,991.06,flood,2
129.84,32.49,91.14,5.01,5.79,49.36,0.58,1002.51,flood,2
19.58,27.27,79.12,24.27,3.65,37.71,0.67,1015.62,none,0
19.39,24.07,34.45,7.76,1.67,44.32,0.43,1012.78,none,0
5.75,29.09,30.64,12.05,3.21,0.0,0.24,1013.03,drought,1
5.52,21.2,66.41,6.76,1.58,51.12,0.39,1003.28,none,0
17.1,29.37,27.05,16.41,2.67,33.69,0.46,1014.54,none,0
15.01,22.9,81.77,19.27,1.89,17.67,0.69,1007.1,none,0
6.03,23.57,60.13,19.75,3.12,37.46,5.98,1016.13,earthquake,2
11.35,25.54,63.71,7.78,2.62,54.77,0.09,1019.99,none,0
3.38,27.21,57.03,1.91,5.15,50.37,0.7,1006.26,none,0
10.02,32.54,77.61,4.77,2.5,35.84,8.22,1006.57,earthquake,2
92.91,29.87,77.73,1.54,6.99,54.84,0.11,988.45,flood,2
7.01,35.08,67.49,8.95,2.58,3.2,0.05,1008.46,drought,1
159.59,29.62,100.0,9.27,8.44,90.6,0.37,998.06,flood,3
131.4,24.02,64.89,98.0,2.21,39.04,0.54,975.93,cyclone,3
11.9,18.07,33.29,18.93,1.73,36.21,0.27,1010.91,none,0
4.86,26.27,43.11,17.45,2.58,38.39,9.21,1019.7,earthquake,2
13.97,20.06,62.73,5.2,3.97,27.42,0.03,1013.23,none,0
87.07,26.37,83.3,123.8,1.88,37.82,0.69,988.99,cyclone,2
89.35,29.44,89.16,54.79,2.8,49.95,0.23,983.22,cyclone,2
71.46,17.81,68.97,77.43,4.65,0.0,0.66,998.45,cyclone,3
129.6,24.22,74.92,0.87,12.9,70.28,0.51,1020.73,flood,2
22.39,20.66,35.94,11.71,2.45,29.39,1.01,1024.12,none,0
25.88,26.92,59.43,2.89,3.03,41.66,0.07,1013.08,none,0
17.48,21.11,66.77,6.71,2.23,14.44,0.31,1018.78,none,0
88.06,29.65,66.32,10.66,6.03,61.41,0.26,1004.05,flood,2
11.27,28.89,47.96,2.61,2.94,0.0,0.01,1009.75,drought,1
103.05,21.36,93.68,2.94,7.87,52.02,0.68,1003.22,flood,2
5.15,24.27,41.75,24.17,1.07,17.31,0.08,1010.72,none,0
72.84,29.46,59.73,120.4,2.18,44.66,0.83,996.26,cyclone,2
10.64,25.79,57.43,4.83,1.17,27.45,6.45,1013.94,earthquake,1
45.19,21.69,90.37,79.8,2.39,33.52,0.76,980.34,cyclone,2
99.61,27.73,81.23,146.11,4.36,34.98,0.13,976.24,cyclone,3
17.3,26.64,51.77,12.95,2.63,41.41,0.29,1013.19,none,0
10.15,27.59,40.41,10.79,4.34,0.0,1.3,1005.96,drought,2
70.03,35.65,44.2,121.19,0.64,30.67,0.23,982.87,cyclone,2
116.01,37.96,66.6,28.3,9.7,44.23,0.28,1001.81,flood,2
0.0,32.52,50.83,10.1,3.56,0.0,0.22,1028.43,drought,1
49.76,28.24,74.58,7.26,6.67,51.4,0.41,995.08,flood,1
16.76,27.93,62.33,13.31,2.66,37.21,0.17,993.57,none,0
20.05,25.42,43.63,16.95,2.07,41.41,0.62,1005.57,none,0
22.27,25.84,56.93,5.77,2.47,29.8,0.02,1022.48,none,0
7.29,30.57,48.42,8.03,2.1,16.97,0.27,1009.84,none,0
21.62,30.04,61.68,9.26,3.2,26.7,0.28,1022.47,none,0
71.79,18.39,73.33,76.64,3.18,9.44,0.83,986.8,cyclone,2
11.58,20.87,68.68,5.61,2.44,28.2,0.11,1001.73,none,0
8.23,26.03,26.93,11.27,1.73,4.38,1.32,1011.55,drought,1
6.05,23.04,64.44,48.53,2.91,27.02,0.3,1018.87,none,0
94.42,30.87,80.95,47.88,2.85,45.1,0.06,978.51,cyclone,2
103.13,23.64,85.81,12.15,7.3,50.85,0.15,992.62,flood,2
83.53,27.73,100.0,110.79,1.56,32.52,0.51,967.64,cyclone,3
125.93,28.28,90.87,20.64,7.79,78.75,0.06,1017.31,flood,2
27.16,26.76,23.21,7.61,2.26,0.0,0.05,1029.24,drought,1
122.69,24.87,84.59,21.05,6.43,73.99,0.58,1011.41,flood,2
10.72,31.39,57.05,21.79,4.38,40.5,1.21,1008.08,none,0
32.52,31.22,81.4,3.72,0.86,32.86,0.33,1011.26,none,0
3.31,30.99,54.93,11.45,1.65,22.62,0.02,1013.8,none,0
12.43,26.62,84.34,5.52,2.65,42.06,0.18,1028.42,none,0
14.28,33.67,72.86,5.34,4.87,24.35,0.49,1009.53,none,0
53.31,25.69,72.63,66.61,2.36,31.1,0.26,982.55,cyclone,2
21.62,22.26,56.23,26.66,2.72,53.53,0.17,1023.79,none,0
5.38,25.75,47.88,46.73,3.46,29.46,0.39,1011.41,none,0
2.43,20.59,56.29,24.54,3.42,35.33,0.04,1000.32,none,0
25.35,27.12,58.46,4.07,2.42,36.56,0.2,1010.36,none,0
26.94,26.57,63.65,4.86,5.07,36.98,0.05,1007.56,none,0
11.19,25.59,47.11,4.53,4.0,29.17,0.13,1003.97,none,0
14.02,36.79,59.46,9.86,2.72,17.16,0.06,999.22,none,0
131.33,35.69,73.02,2.11,7.6,44.77,0.05,1000.54,flood,2
7.97,21.3,70.81,10.37,2.27,30.78,0.21,1008.83,none,0
142.51,17.44,100.0,8.5,11.86,52.21,0.2,999.62,flood,2
52.19,27.8,71.98,65.09,3.47,33.83,0.03,974.97,cyclone,2
6.56,24.06,79.89,18.03,2.69,43.99,0.53,1013.64,none,0
44.99,24.25,56.12,2.13,13.36,41.18,0.76,1014.89,flood,2
95.2,27.02,72.71,75.15,3.49,37.1,0.15,981.5,cyclone,2
19.29,33.2,70.82,6.95,2.95,25.88,4.84,995.98,earthquake,2
44.24,26.75,37.49,10.04,4.56,38.29,0.28,1005.34,none,0
38.28,25.48,83.23,4.17,3.46,24.65,0.17,1007.29,none,0
14.55,24.0,60.03,6.31,3.41,30.14,6.55,1011.52,earthquake,2
9.49,27.68,93.71,69.91,2.09,22.61,0.17,992.95,cyclone,1
27.5,24.68,25.02,1.94,3.62,19.43,0.03,1012.77,none,0
4.28,33.06,48.83,2.15,2.73,8.39,0.0,1007.72,drought,1
9.46,29.68,48.0,3.68,2.82,33.23,0.06,1007.66,none,0
2.91,23.22,72.83,14.86,1.39,33.76,0.11,1012.71,none,0
29.77,25.23,46.37,8.8,2.66,53.56,0.02,1013.47,none,0
15.25,24.57,64.9,26.92,4.14,42.46,0.45,1008.12,none,0
19.81,27.63,73.15,6.24,4.02,43.13,0.12,1018.71,none,0
16.68,29.37,41.27,7.04,2.27,35.99,0.18,1006.44,none,0
53.67,21.14,45.23,21.78,1.64,45.24,0.29,1018.23,none,0
102.3,22.91,85.71,86.97,4.29,25.47,0.06,982.37,cyclone,3
10.52,23.81,63.38,11.81,3.37,24.58,0.41,1011.35,none,0
70.01,26.68,71.56,81.62,3.28,27.73,0.11,991.32,cyclone,2
44.28,18.81,48.07,17.72,3.6,41.32,0.16,1021.36,none,0
19.71,21.28,51.46,9.69,0.86,32.37,0.15,1017.38,none,0
29.45,30.44,58.73,18.33,3.07,69.81,0.44,1012.92,flood,1
14.9,21.71,59.74,10.41,3.7,36.03,0.26,1010.0,none,0
63.07,20.68,100.0,16.57,6.66,67.82,0.24,1019.21,flood,1
21.41,24.56,61.27,23.12,3.57,32.37,0.17,1013.68,none,0
14.89,34.86,75.15,12.42,2.18,58.69,0.98,1013.91,none,0
5.43,24.27,49.36,24.21,2.48,36.28,0.17,1010.24,none,0
29.46,26.76,49.6,3.19,2.24,42.05,0.55,1000.61,none,0
112.02,32.16,92.68,34.97,9.28,85.95,0.06,1010.67,flood,2
17.0,42.09,33.18,1.45,1.72,3.13,0.11,1016.08,drought,1
23.14,28.64,6.03,5.34,2.47,28.76,0.01,1011.93,drought,0
52.2,22.55,90.19,14.69,7.97,61.4,0.09,1004.11,flood,2
10.81,32.87,55.67,6.47,4.07,44.44,0.39,1001.55,none,0
60.58,27.43,97.79,136.08,0.91,20.19,0.21,979.58,cyclone,2
0.0,33.78,24.36,11.91,2.77,26.83,0.14,1017.77,drought,0
12.36,25.33,55.32,33.64,4.04,33.59,0.06,1018.38,none,0
5.15,32.33,73.99,28.01,0.95,20.68,0.38,1018.06,none,0
11.22,19.57,41.12,10.01,2.97,25.5,0.64,1020.62,none,0
0.0,27.55,35.11,3.26,2.75,41.81,0.9,1014.29,drought,0
10.11,34.38,95.65,241.94,1.08,44.55,0.62,990.88,cyclone,2
35.65,22.86,57.72,14.56,2.67,35.44,0.34,995.14,none,0
5.48,18.94,33.43,1.89,2.78,31.9,0.36,1007.75,none,0
44.7,25.74,55.87,61.39,2.22,22.34,0.8,1012.39,cyclone,1
112.57,30.16,42.37,13.95,9.48,76.45,0.48,1010.46,flood,2
0.72,31.34,28.49,37.89,4.15,7.67,0.2,1011.49,drought,1
117.88,26.82,82.27,6.16,10.82,56.76,0.76,1003.02,flood,2
20.35,21.72,79.41,19.24,4.22,38.92,0.15,1015.86,none,0
15.36,16.87,67.91,7.38,3.48,30.83,5.71,1014.64,earthquake,2
7.24,20.81,70.9,6.13,2.48,35.75,0.07,995.05,none,0
143.98,26.18,100.0,9.81,7.4,39.32,0.14,1021.04,flood,2
7.33,32.09,62.17,12.85,3.66,38.45,1.29,1015.89,none,0
10.99,37.9,73.68,4.22,2.57,35.35,0.26,997.24,none,0
34.44,26.61,73.95,76.07,3.04,36.77,0.17,984.12,cyclone,2
5.94,33.85,43.39,12.01,1.53,27.93,0.45,1006.77,none,0
105.63,36.93,83.8,134.99,3.44,49.82,0.29,979.45,cyclone,3
85.01,14.7,65.44,137.07,3.81,19.28,0.02,969.3,cyclone,3
11.08,28.43,48.94,21.7,2.08,29.5,0.22,1018.32,none,0
7.41,27.92,57.39,6.67,2.21,32.84,1.25,1000.89,none,0
167.61,31.62,62.06,9.83,5.36,60.05,0.23,1008.92,flood,2
195.25,22.12,80.35,37.29,3.61,56.85,0.47,1007.34,flood,2
6.99,29.02,59.12,6.91,2.89,57.14,6.97,1012.81,earthquake,2
3.37,33.65,45.26,6.61,2.27,39.11,0.38,1021.13,none,0
16.71,23.19,52.6,13.61,3.68,24.84,4.22,1014.72,earthquake,1
5.3,27.77,76.17,10.23,1.5,9.19,0.45,1013.62,none,0
117.88,35.7,66.95,105.09,2.88,57.22,0.24,1007.69,cyclone,2
18.42,26.83,69.15,12.16,2.73,52.98,0.02,1017.34,none,0
26.91,31.95,62.61,5.89,0.9,42.65,3.64,1028.06,earthquake,1
7.24,25.36,48.73,12.24,2.0,15.1,0.67,1017.26,none,0
26.38,45.59,66.72,9.94,2.92,15.88,1.27,1007.45,drought,1
11.38,22.4,42.95,12.55,2.14,51.12,6.35,1007.98,earthquake,1
50.8,22.19,75.19,151.53,4.83,33.7,0.5,981.08,cyclone,2
5.37,31.03,55.49,6.32,1.87,40.49,8.28,1010.8,earthquake,2
3.76,32.13,64.81,15.42,1.9,33.68,0.05,1013.52,none,0
2.58,25.08,53.28,11.39,3.51,35.68,0.42,1023.71,none,0
33.97,29.9,55.46,2.51,4.09,39.25,0.3,1019.96,none,0
41.27,23.57,94.13,135.29,2.84,25.09,0.05,996.17,cyclone,2
72.22,27.53,95.62,170.7,5.59,23.72,0.73,971.84,cyclone,3
207.19,23.88,75.82,3.35,12.22,84.33,0.13,1008.72,flood,2
4.75,26.46,55.0,2.49,2.53,36.79,0.04,1022.46,none,0
135.24,27.05,67.66,4.7,6.12,88.52,0.5,1020.68,flood,2
122.13,28.99,41.66,12.35,15.93,34.59,0.16,1020.25,flood,2
31.6,21.95,67.18,14.47,3.28,33.65,8.39,1011.55,earthquake,2
13.27,23.71,71.47,13.82,3.9,35.23,0.14,1015.81,none,0
17.67,30.24,39.35,13.09,3.3,16.38,0.15,1007.61,drought,1
0.0,35.24,9.78,2.45,2.78,1.44,0.82,1001.23,drought,1
56.47,27.39,72.47,73.23,3.48,36.17,0.94,982.73,cyclone,2
16.79,18.47,25.94,36.24,2.42,39.19,0.35,1010.35,none,0
1.27,32.11,45.2,14.74,3.02,31.42,0.03,1022.63,none,0
62.79,27.02,85.2,91.03,4.31,28.29,0.59,966.71,cyclone,3
8.64,29.96,77.2,6.13,3.4,28.4,0.29,1008.33,none,0
7.29,34.1,46.27,7.43,3.54,16.92,0.03,1008.26,drought,1
49.91,23.74,100.0,36.88,2.84,36.51,0.16,996.19,cyclone,1
45.5,26.46,72.59,10.17,3.93,40.66,6.37,1011.89,earthquake,2
94.65,21.76,100.0,14.12,8.92,49.6,0.77,1004.85,flood,2
118.11,23.39,67.39,7.64,9.62,62.77,0.05,1014.2,flood,2
102.58,20.3,81.08,8.64,5.62,63.37,0.15,996.14,flood,1
1.41,25.05,79.36,20.97,2.64,24.95,0.53,1009.61,none,0
6.05,27.54,50.36,6.66,2.8,30.68,0.08,1016.64,none,0
16.15,35.97,81.91,4.99,3.23,17.89,0.17,1009.25,none,0
1.1,34.27,34.11,21.08,1.74,0.0,0.2,1016.11,drought,1
14.8,19.84,48.08,30.49,2.24,20.28,0.05,1010.48,none,0
89.84,28.32,59.97,13.45,5.32,56.34,0.56,997.07,flood,2
11.55,31.35,32.66,3.12,2.8,15.48,0.09,1011.99,drought,1
132.68,31.36,73.05,5.49,5.56,93.52,0.81,1009.76,flood,2
11.94,24.76,82.97,3.64,3.74,31.24,0.15,1012.39,none,0
5.06,29.0,75.12,17.11,4.11,26.31,0.11,1008.54,none,0
205.91,26.67,69.63,101.99,3.33,25.11,0.68,1011.4,cyclone,2
1.34,32.74,47.35,2.63,2.66,27.86,2.21,1017.15,none,0
122.22,22.18,76.06,26.23,5.87,73.72,0.42,1008.16,flood,2
18.69,32.64,62.16,6.16,2.03,47.69,0.06,1014.45,none,0
90.46,23.29,58.37,12.41,7.14,83.99,0.18,1003.34,flood,1
19.19,22.84,88.44,25.4,3.13,27.25,0.0,1007.61,none,0
12.37,20.17,61.91,5.19,1.38,43.28,8.23,1013.37,earthquake,2
81.43,34.13,78.09,139.02,3.9,41.37,0.31,994.77,cyclone,2
72.61,34.82,55.19,29.15,14.24,80.16,0.9,1005.67,flood,2
18.73,27.09,53.36,9.53,2.42,27.67,1.65,1021.35,none,0
4.41,37.78,44.58,8.8,2.89,29.5,0.05,1016.64,none,0
77.59,33.66,100.0,22.7,6.4,73.59,0.41,1004.21,flood,2
92.68,25.09,86.69,10.8,7.67,67.59,0.07,1022.9,flood,2
20.32,31.42,80.87,13.38,1.74,47.65,0.02,1015.58,none,0
216.66,30.24,81.05,19.97,8.56,66.63,0.69,1006.92,flood,3
17.71,26.95,69.99,20.19,3.76,27.05,0.6,1021.02,none,0
10.65,21.54,45.84,15.42,1.55,51.21,0.57,1011.4,none,0
6.12,27.55,74.75,5.98,1.1,15.98,0.18,1016.79,none,0
20.15,22.17,72.27,16.04,4.76,38.97,0.53,1027.18,none,0
10.85,30.82,63.67,14.53,2.83,25.77,0.51,1012.05,none,0
18.53,24.81,45.8,33.78,1.26,38.93,0.1,1014.25,none,0
5.93,26.64,34.82,13.28,2.55,22.76,0.81,1021.69,none,0
222.19,24.66,71.3,22.01,9.78,55.35,0.7,1018.25,flood,3
13.13,19.14,70.25,11.71,2.67,36.85,0.16,1013.02,none,0
126.71,14.7,100.0,73.47,3.86,45.33,0.01,989.58,cyclone,2
29.12,28.8,60.89,9.38,0.84,20.35,0.45,1016.27,drought,0
7.82,24.42,46.28,3.07,3.12,48.96,0.19,1022.33,none,0
71.51,22.69,98.18,6.42,7.63,69.09,0.5,1006.17,flood,2
7.53,31.91,74.56,38.78,4.6,54.1,0.68,1016.79,none,0
85.79,15.2,75.09,5.45,5.16,59.92,0.33,1014.53,flood,1
25.87,24.32,66.14,23.25,2.44,17.13,0.22,1010.51,none,0
8.07,24.34,59.83,3.0,2.86,64.75,0.17,1025.72,none,0
62.89,22.45,84.69,73.74,5.29,31.89,0.1,987.46,cyclone,2
149.24,32.02,83.9,8.82,13.04,62.47,0.28,1000.12,flood,2
10.46,30.48,34.0,16.78,2.95,14.39,0.93,1029.9,drought,1
5.8,39.76,61.91,6.84,1.53,52.39,0.0,1004.61,none,0
116.92,32.57,75.96,86.33,4.75,18.34,1.45,977.53,cyclone,3
3.86,35.5,56.46,13.02,4.96,53.68,0.05,1010.48,none,0
41.52,22.92,57.56,5.25,2.77,46.45,7.94,992.07,earthquake,2
83.33,20.94,56.12,3.61,6.04,80.34,0.64,1003.61,flood,1
40.43,26.36,40.32,6.9,2.77,15.22,0.77,1017.01,none,0
16.59,28.71,37.18,18.58,3.06,48.5,0.18,1008.06,none,0
59.36,32.23,69.37,15.35,9.17,83.86,0.56,998.44,flood,2
16.41,29.38,38.93,5.04,4.11,54.85,0.04,1025.52,none,0
19.28,28.05,39.55,9.2,2.78,42.89,7.03,1008.24,earthquake,2
1.61,17.02,50.74,22.44,3.7,69.19,5.83,1014.07,earthquake,1
13.63,32.47,51.47,11.57,2.87,34.13,0.2,1015.24,none,0
66.43,30.39,67.11,137.74,3.1,24.11,0.08,993.94,cyclone,2
3.14,35.87,43.62,27.09,2.41,0.94,0.93,1019.99,drought,1
14.28,26.75,49.47,3.29,2.45,34.14,0.15,1009.44,none,0
45.67,34.97,47.72,2.02,3.86,43.41,5.4,992.71,earthquake,2
51.68,28.91,100.0,49.04,2.86,15.59,0.22,985.3,cyclone,2
28.26,33.93,81.99,27.49,2.25,23.19,0.21,1013.09,none,0
66.02,26.48,61.0,16.85,7.8,72.28,0.67,1011.13,flood,2
13.57,24.32,44.98,1.67,4.98,15.59,0.22,1019.01,none,0
76.81,25.87,39.72,3.5,13.63,85.0,1.19,992.93,flood,2
3.88,35.17,38.5,15.68,1.94,34.82,0.05,1026.1,drought,0
14.04,23.88,59.48,6.14,2.76,30.51,0.04,1027.22,none,0
69.47,22.9,91.01,67.62,4.73,37.05,0.07,972.9,cyclone,2
31.09,25.77,69.34,8.45,3.56,45.71,0.37,1007.15,none,0
48.26,27.19,84.95,16.9,7.54,65.46,0.03,1001.64,flood,1
78.62,21.2,90.16,21.92,6.71,82.22,0.45,998.0,flood,2
11.45,26.44,63.14,6.47,2.04,31.38,0.48,1022.38,none,0
18.89,26.96,65.82,4.25,2.9,26.84,0.11,1016.0,none,0
115.25,28.36,76.05,74.19,2.63,41.73,0.46,998.65,cyclone,2
19.92,36.59,48.13,1.14,0.55,21.98,0.72,1009.96,none,0
15.68,22.55,87.11,172.65,2.71,28.36,0.46,975.05,cyclone,2
139.15,23.66,82.72,7.27,5.07,82.53,0.26,1009.82,flood,2
11.71,28.69,59.15,22.52,3.53,51.5,0.0,1018.52,none,0
125.25,36.79,72.6,8.85,9.86,50.75,0.1,995.68,flood,2
15.19,22.91,45.13,10.18,4.46,22.14,0.11,1022.41,none,0
7.07,24.11,48.61,12.02,1.69,52.98,5.93,1015.77,earthquake,1
22.21,29.61,56.93,18.26,1.99,18.09,0.91,1000.76,none,0
55.29,20.57,83.42,82.8,2.96,50.49,0.52,991.53,cyclone,2
0.0,34.43,18.08,8.21,3.4,17.03,0.05,999.89,drought,1
59.64,30.85,72.86,77.44,0.99,52.78,0.22,970.25,cyclone,2
21.86,31.98,66.41,19.18,5.68,49.62,1.38,1005.71,none,0
56.94,32.96,68.3,75.66,2.16,19.9,0.52,979.07,cyclone,2
11.53,28.95,79.89,1.34,3.34,34.68,1.15,1002.61,none,0
92.58,29.29,74.33,4.46,10.01,39.44,0.62,1000.82,flood,2
89.92,26.26,80.35,101.56,2.12,22.17,0.31,980.59,cyclone,2
98.16,25.35,100.0,7.71,4.02,50.06,0.22,1019.61,flood,1
127.44,25.32,98.1,36.52,4.24,24.9,1.48,983.4,cyclone,3
110.77,26.28,71.7,47.63,3.47,47.35,0.11,1003.15,cyclone,2
0.0,44.54,34.84,6.83,3.02,8.68,0.74,1002.42,drought,1
86.54,20.15,90.01,7.3,5.63,69.24,0.11,1005.73,flood,2
84.22,26.82,68.19,58.59,1.99,43.95,0.19,991.71,cyclone,1
88.98,16.17,100.0,4.47,6.78,85.16,0.38,1003.94,flood,2
14.01,36.36,24.34,22.39,2.32,32.51,0.18,1031.29,drought,0
18.67,22.41,55.06,6.47,1.35,29.92,8.68,1013.84,earthquake,2
5.94,26.49,53.49,8.62,2.47,28.25,0.29,1018.25,none,0
129.41,29.8,84.9,98.14,2.34,17.35,0.14,981.12,cyclone,3
82.65,27.35,68.87,8.18,6.98,58.17,0.66,1004.99,flood,2
0.0,39.76,19.49,5.04,1.52,0.0,0.09,1016.6,drought,1
8.02,28.45,83.12,3.96,2.94,13.82,0.11,1005.35,none,0
43.0,24.58,46.56,3.04,3.0,13.23,0.35,1003.36,none,0
75.16,24.36,78.07,118.93,2.9,37.61,1.87,964.82,cyclone,3
22.98,37.83,40.7,2.99,3.92,42.88,1.18,1003.19,none,0
23.16,30.32,58.14,22.23,1.81,51.67,0.09,1016.72,none,0
67.34,24.62,90.52,10.96,18.03,83.71,0.15,1005.02,flood,2
1.19,24.28,45.91,7.4,4.97,1.04,0.28,1011.5,drought,1
98.95,26.44,76.91,26.4,7.52,93.72,0.22,1010.89,flood,2
3.57,14.62,57.98,5.13,3.33,29.89,4.68,1033.36,earthquake,1
90.88,33.51,73.61,32.35,3.91,84.15,0.16,1021.42,flood,2
7.22,21.39,69.34,12.41,2.59,34.3,0.47,1016.01,none,0
12.28,35.82,44.08,12.79,2.44,38.32,0.36,1012.95,none,0
24.71,26.51,65.42,11.86,3.32,40.63,0.08,1004.45,none,0
41.08,32.97,47.69,22.29,2.76,52.45,0.59,1010.3,none,0
25.45,31.97,33.98,2.92,2.58,18.96,0.51,1000.42,drought,1
13.92,31.78,64.37,6.28,4.1,26.07,0.09,1031.82,none,0
158.37,27.13,81.17,35.24,8.52,56.27,0.36,1004.16,flood,3
23.99,25.66,65.18,28.43,2.76,38.28,0.76,1003.41,none,0
2.69,28.3,62.1,5.53,3.51,31.82,0.0,1006.63,none,0
115.31,28.43,83.97,143.0,1.66,32.98,0.66,984.58,cyclone,3
19.24,41.24,24.91,9.97,2.61,25.45,0.38,1018.71,drought,0
19.16,38.28,77.39,17.75,3.73,44.15,4.6,1016.16,earthquake,1
42.85,33.23,82.49,33.22,3.88,31.64,0.67,1004.15,cyclone,1
27.29,30.75,56.0,15.44,2.56,57.77,1.03,998.01,none,0
0.0,25.46,43.29,22.64,1.41,0.0,0.05,1023.31,drought,0
11.5,29.87,53.61,11.87,3.89,37.64,0.2,1015.58,none,0
21.84,39.33,3.19,9.1,4.45,7.25,0.1,998.91,drought,1
2.73,29.02,61.29,0.67,4.02,42.06,4.82,1005.11,earthquake,1
13.37,31.25,53.35,7.36,4.62,28.75,0.05,1009.55,none,0
12.59,20.59,53.14,13.7,2.46,29.95,4.82,1024.84,earthquake,1
9.34,25.21,55.85,10.61,3.4,47.93,0.65,1014.67,none,0
4.83,24.44,54.74,3.24,3.97,62.24,0.24,1015.78,none,0
51.88,25.81,67.93,15.7,1.9,25.41,7.22,1023.01,earthquake,2
2.34,37.09,64.49,3.56,4.02,4.44,0.22,1010.02,none,0
11.97,25.26,44.68,2.43,3.43,26.71,0.41,1014.86,none,0
27.51,29.52,74.23,72.26,2.52,24.11,0.24,993.41,cyclone,1
108.2,24.85,57.07,3.87,12.66,69.8,0.95,1003.02,flood,2
12.43,39.65,55.18,14.6,6.2,9.79,0.32,1010.75,drought,1
27.78,19.66,39.17,15.22,2.31,21.09,8.01,1021.93,earthquake,2
104.3,28.69,100.0,11.78,9.37,88.31,0.87,1021.56,flood,2
138.29,30.66,85.04,4.9,8.73,60.18,0.15,1009.44,flood,2
108.06,18.0,100.0,16.49,11.96,73.68,0.07,996.56,flood,3
134.49,26.99,90.82,6.57,5.9,56.5,0.0,1003.38,flood,2
50.73,29.06,48.71,21.71,2.61,28.09,5.35,1016.35,earthquake,2
6.86,29.3,69.93,17.53,3.38,32.98,0.08,1011.27,none,0
8.29,21.33,49.34,27.42,2.82,21.0,8.26,1011.42,earthquake,2
120.41,20.1,67.65,14.08,9.2,90.22,0.03,1025.78,flood,2
28.42,37.38,62.23,11.98,2.38,47.6,0.07,1013.86,none,0
12.36,32.43,58.12,27.66,2.03,57.36,7.58,1010.69,earthquake,2
15.48,21.2,63.97,6.43,4.27,61.04,0.09,1012.44,none,0
32.12,25.52,72.02,4.78,3.59,53.22,6.5,1002.06,earthquake,2
0.0,33.05,42.01,4.27,4.88,2.24,0.24,1016.2,drought,1
156.1,41.42,48.67,94.08,2.77,32.55,0.87,994.75,cyclone,3
16.34,36.09,15.91,5.23,2.24,22.92,0.18,1021.07,drought,0
4.92,21.28,69.65,17.87,3.27,56.03,1.25,1005.45,none,0
121.69,23.49,78.23,18.72,4.82,60.18,1.63,991.14,flood,2
4.47,40.55,36.78,5.12,1.55,8.47,0.9,1010.37,drought,1
10.73,19.75,51.98,8.44,3.11,40.03,0.81,1007.93,none,0
17.72,28.39,76.02,30.26,4.06,20.48,0.47,1010.32,none,0
16.08,20.68,84.69,14.53,2.66,38.21,0.02,1016.1,none,0
7.73,25.27,46.52,8.46,4.77,38.66,0.26,1016.96,none,0
2.86,18.29,66.26,28.06,1.59,19.7,0.1,1017.27,drought,0
9.41,24.87,77.08,3.98,2.74,40.95,0.04,1018.78,none,0
26.57,35.04,63.61,62.92,4.46,43.71,0.07,993.43,cyclone,1
26.44,11.33,65.93,4.58,3.95,48.36,0.29,1022.89,none,0
34.93,20.55,97.23,10.5,2.45,46.57,7.06,1009.72,earthquake,2
4.92,33.13,95.19,16.53,1.73,56.95,0.24,1012.82,none,0
20.97,18.19,65.31,1.23,1.43,51.25,0.21,1009.29,none,0
23.3,36.02,39.34,12.18,2.5,14.18,0.54,996.47,drought,1
6.1,25.74,69.79,13.59,3.14,45.65,0.12,1013.51,none,0
29.18,25.89,54.85,20.33,0.65,33.81,8.53,1018.92,earthquake,2
12.72,33.19,56.79,21.06,2.88,41.12,0.01,1003.54,none,0
16.06,31.64,68.95,7.71,4.43,36.0,1.14,1001.0,none,0
75.65,33.69,98.97,120.62,1.34,52.94,0.37,988.4,cyclone,2
15.01,23.31,51.0,23.91,3.44,43.87,0.31,1020.79,none,0
16.67,36.0,14.75,12.38,2.46,18.7,0.0,1021.44,drought,0
11.62,27.47,65.64,2.59,2.42,22.49,0.16,1018.58,none,0
4.67,38.96,51.86,9.48,2.8,0.0,0.34,999.5,drought,1
13.47,34.11,37.03,12.52,3.78,34.75,0.32,1010.87,none,0
45.77,27.11,57.82,15.04,3.15,35.1,0.21,1015.8,none,0
36.99,40.03,60.75,19.42,4.4,26.55,1.08,1010.88,none,0
6.73,34.71,67.01,2.97,2.11,43.92,0.12,1017.93,none,0
139.22,23.78,72.35,7.94,7.46,76.1,1.14,1021.31,flood,2
46.99,25.98,86.97,5.08,1.72,57.16,7.49,1001.48,earthquake,2
6.48,34.76,32.75,29.03,2.23,25.29,0.42,1013.88,drought,1
108.16,29.64,97.15,17.28,12.32,42.65,0.36,1011.23,flood,2
28.37,30.38,57.69,6.24,2.84,23.27,0.14,1002.58,none,0
16.64,25.22,46.01,10.02,2.86,58.49,0.3,1017.26,none,0
13.1,25.56,65.42,4.86,2.21,63.57,0.09,1026.13,none,0
106.19,28.19,73.49,6.43,3.14,68.97,1.71,1009.82,flood,1
28.17,27.69,54.44,2.41,4.19,26.85,0.19,1022.93,none,0
85.0,27.23,67.82,21.51,11.08,61.86,0.82,1009.76,flood,2
63.65,25.85,56.93,95.86,2.43,26.55,0.51,979.28,cyclone,2
16.37,28.01,51.2,6.64,1.03,52.95,7.04,1014.36,earthquake,2
25.4,38.45,57.18,18.81,5.2,28.85,0.26,1018.01,none,0
7.56,32.37,52.67,22.07,4.2,44.62,0.31,1017.92,none,0
20.42,25.64,46.31,7.01,2.41,17.43,0.05,1013.93,none,0
8.82,25.41,47.67,9.52,3.7,28.2,0.09,1015.62,none,0
8.86,29.55,87.73,29.86,2.75,23.5,0.74,1009.73,none,0
17.93,24.41,74.0,7.7,3.35,34.51,0.48,1011.4,none,0
89.16,28.53,78.47,7.77,11.74,72.48,1.67,1015.81,flood,2
32.55,25.65,51.64,6.12,3.22,32.25,0.76,1001.52,none,0
100.15,31.22,79.85,7.42,9.55,74.81,0.13,1011.67,flood,2
41.22,32.98,96.97,55.65,2.8,26.78,0.05,988.75,cyclone,1
62.65,35.44,100.0,8.65,13.89,58.62,0.25,989.84,flood,2
67.38,31.43,24.98,19.76,3.09,17.39,0.19,1016.21,drought,1
4.38,30.0,56.45,8.89,2.58,18.66,0.55,1017.45,drought,0
21.82,31.12,54.24,26.82,3.11,42.24,0.1,996.13,none,0
14.18,22.76,30.66,25.6,2.57,26.94,0.05,1020.05,none,0
11.89,25.53,48.25,2.86,2.78,42.41,2.88,1017.39,none,0
20.12,28.87,39.14,10.13,3.77,12.79,0.42,1027.58,none,0
3.62,34.98,57.19,20.45,3.37,5.13,0.43,1012.95,none,0
69.18,26.57,89.72,77.34,4.36,23.13,0.36,995.98,cyclone,2
18.38,26.11,81.81,2.55,3.22,51.65,0.32,997.76,none,0
4.49,27.98,52.65,31.67,4.21,46.05,8.23,1011.44,earthquake,2
127.16,28.07,72.21,6.9,5.61,72.59,0.55,1010.2,flood,2
0.0,26.52,45.99,7.06,2.63,23.34,0.34,1016.28,drought,0
59.72,35.72,90.1,22.95,3.39,35.39,0.38,966.2,cyclone,2
19.69,27.74,56.88,5.6,4.4,53.81,0.27,1004.17,none,0
11.54,26.75,58.28,42.76,4.64,52.36,0.09,997.59,none,0
0.0,39.19,51.15,22.08,1.94,18.3,0.29,1013.56,drought,0
4.53,33.41,12.58,4.46,2.98,0.61,0.73,1020.27,drought,1
6.34,27.73,27.68,14.23,5.34,18.13,0.16,1008.36,drought,1
25.74,21.91,89.28,32.24,3.18,43.47,4.39,1025.12,earthquake,2
25.54,24.24,78.65,5.03,2.76,39.27,5.35,1002.46,earthquake,1
16.73,30.15,79.73,15.1,4.09,64.83,4.9,1019.36,earthquake,2
150.56,32.0,61.31,18.96,3.98,68.83,0.01,1013.73,flood,2
26.04,26.46,38.78,7.47,4.09,42.95,5.12,1005.05,earthquake,2
0.0,26.19,53.83,5.54,3.82,16.41,0.41,1030.53,drought,1
17.65,27.31,59.16,3.98,3.44,34.95,7.63,1010.81,earthquake,2
9.52,27.34,74.44,12.32,4.13,52.96,0.66,1025.5,none,0
86.99,23.15,99.55,209.28,1.61,25.77,0.34,991.37,cyclone,2
55.56,31.64,100.0,12.83,10.91,54.84,0.51,1003.22,flood,2
4.0,28.34,70.01,34.89,2.42,54.31,7.32,1008.28,earthquake,2
84.58,35.24,71.3,80.68,2.59,34.81,0.19,976.64,cyclone,2
12.57,27.71,55.66,27.13,3.3,43.31,0.89,1030.4,none,0
10.59,24.73,48.42,22.32,3.98,42.78,0.16,1017.26,none,0
4.94,30.02,63.63,7.26,2.67,14.04,0.34,1017.18,none,0
5.42,27.67,63.66,1.32,3.25,9.57,0.02,1006.53,none,0
18.11,28.33,27.61,12.38,1.9,39.24,0.34,1007.65,none,0
76.44,24.42,70.83,15.08,3.99,72.49,0.33,996.71,flood,1
106.98,32.62,73.07,5.65,5.89,62.91,0.87,1011.46,flood,1
5.14,24.46,84.04,2.1,3.24,41.26,0.32,999.12,none,0
43.88,26.15,47.45,15.75,4.26,34.65,0.12,1013.07,none,0
27.56,25.6,56.68,106.99,4.86,19.01,0.06,979.2,cyclone,3
1.78,29.4,65.13,12.82,1.89,29.92,0.17,997.26,none,0
144.09,30.43,61.13,24.85,7.02,73.84,0.38,1010.1,flood,2
2.1,19.49,86.19,3.48,2.36,32.12,0.93,1026.15,none,0
31.71,32.34,73.52,18.6,2.56,24.56,0.74,1005.66,none,0
18.3,21.7,43.65,8.33,2.12,55.35,0.86,1029.18,none,0
17.38,40.55,19.68,8.84,1.3,1.23,0.08,1011.61,drought,1
127.18,25.36,74.89,12.46,5.87,80.71,1.33,992.48,flood,2
115.1,20.54,87.48,18.13,3.04,50.82,0.89,1021.59,flood,1
21.25,26.58,65.11,11.32,3.13,42.64,0.34,1007.65,none,0
59.76,30.02,56.71,13.4,10.01,91.31,0.51,1001.28,flood,2
49.01,34.37,70.75,102.11,1.92,44.15,0.05,979.58,cyclone,2
0.0,36.5,0.0,1.24,3.23,11.0,0.13,1011.6,drought,0
14.8,18.42,56.09,13.43,4.19,44.14,0.13,1018.4,none,0
23.34,28.81,74.42,16.59,5.33,43.44,0.06,1017.09,none,0
123.89,34.57,100.0,119.62,2.76,35.08,0.6,982.22,cyclone,3
133.61,26.85,66.62,24.94,5.17,84.33,0.12,1005.3,flood,2
75.56,29.77,85.3,28.23,3.82,84.4,0.45,1014.71,flood,1
23.16,21.63,68.22,4.62,2.88,31.1,0.16,1033.48,none,0
84.33,19.03,66.21,46.41,2.77,45.93,0.3,972.83,cyclone,2
35.24,20.17,49.8,1.99,3.67,17.64,0.04,1013.21,none,0
48.45,23.51,81.69,67.6,3.54,3.54,0.07,960.57,cyclone,2
2.9,33.74,37.41,7.59,5.01,28.55,6.21,1004.75,earthquake,2
26.37,31.26,55.08,12.0,4.46,36.4,7.83,1009.33,earthquake,2
0.0,33.75,40.63,1.75,1.63,10.38,0.03,1009.03,drought,0
10.45,24.71,48.58,12.04,3.32,50.16,0.13,1008.12,none,0
10.94,29.89,57.14,5.57,3.21,35.29,4.33,1020.04,earthquake,1
132.95,36.05,57.41,55.06,2.9,28.14,0.36,991.08,cyclone,2
26.92,24.4,50.36,7.54,1.3,20.67,0.7,1024.21,none,0
2.64,31.33,63.79,9.19,2.67,36.76,0.41,1018.24,none,0
107.78,32.74,100.0,3.7,7.84,57.87,0.32,1004.89,flood,2
19.99,26.75,44.88,18.42,2.11,35.47,0.7,999.02,none,0
4.04,32.95,47.48,12.81,3.16,38.56,0.9,1014.1,none,0
116.04,29.15,94.77,12.91,11.32,50.63,0.36,1000.45,flood,2
83.59,23.86,64.51,78.53,1.47,21.53,0.17,986.39,cyclone,2
17.32,35.65,52.75,26.5,4.02,43.5,8.8,1005.27,earthquake,2
48.14,31.27,82.27,11.7,2.75,41.45,5.54,1016.69,earthquake,2
97.09,30.1,87.32,51.06,5.12,34.05,1.11,980.89,cyclone,3
102.03,28.98,87.55,41.16,2.97,30.67,0.39,980.96,cyclone,2
0.0,29.93,2.97,20.12,3.39,22.2,0.03,1015.42,drought,0
80.8,32.65,66.61,22.48,3.9,14.89,2.04,981.1,cyclone,2
109.18,23.97,88.66,89.06,2.64,37.73,1.92,985.78,cyclone,2
57.41,29.61,78.5,18.81,5.65,92.37,0.07,1002.75,flood,1
22.52,30.51,44.81,9.29,2.48,40.64,1.67,1017.43,none,0
34.92,28.36,71.91,11.38,4.35,32.46,8.99,1010.52,earthquake,2
8.07,29.59,84.39,8.45,1.53,61.32,0.14,1007.46,none,0
3.68,26.34,43.95,9.27,1.63,38.52,7.68,1016.2,earthquake,1
4.5,27.13,76.88,6.13,1.76,40.25,6.55,1006.1,earthquake,1
5.36,26.17,74.33,7.47,3.16,51.65,0.16,1022.23,none,0
22.84,32.81,60.2,16.76,3.15,37.31,0.21,1006.7,none,0
0.0,31.89,44.46,23.29,4.42,0.0,0.45,1020.45,drought,1
30.9,31.55,51.19,3.96,2.21,52.7,0.16,1017.54,none,0
5.88,24.34,52.29,21.32,3.45,19.49,0.14,995.1,none,0
80.3,22.62,64.1,7.43,4.01,48.11,0.25,1015.03,flood,1
29.84,35.38,66.31,34.35,3.23,26.32,5.21,1017.26,earthquake,2
55.56,22.12,97.97,77.16,3.98,33.98,0.61,997.3,cyclone,2
29.02,23.12,68.91,11.37,3.47,35.95,0.51,1011.58,none,0
91.6,19.83,100.0,77.75,0.73,35.49,0.16,987.65,cyclone,2
14.94,42.38,12.75,35.27,3.46,29.94,0.17,1011.32,drought,1
38.86,28.36,82.82,120.92,1.52,42.46,0.16,965.79,cyclone,2
106.74,20.52,90.66,56.95,3.38,56.0,0.37,989.04,cyclone,2
8.29,32.04,65.32,19.28,2.3,32.8,1.15,1021.26,none,0
246.65,33.16,65.9,5.67,9.11,50.18,0.01,995.7,flood,3
286.13,23.62,51.59,32.53,9.61,66.78,0.02,1007.97,flood,3
3.85,30.58,51.87,32.57,3.84,44.98,4.2,1022.13,earthquake,1
63.88,31.19,77.09,138.45,1.93,23.7,0.29,990.43,cyclone,3
34.19,25.88,76.39,103.02,2.66,17.55,1.01,986.85,cyclone,2
26.37,28.95,76.49,14.33,2.85,24.59,6.42,1006.67,earthquake,2
25.46,26.62,75.32,20.04,3.03,9.07,0.62,1006.82,drought,1
7.96,29.43,61.08,13.84,2.89,13.27,0.17,1017.07,drought,0
84.07,28.4,92.7,22.09,4.53,82.02,1.74,1007.87,flood,2
18.34,30.18,32.31,5.67,3.83,39.8,0.65,1024.79,none,0
14.03,33.53,91.23,7.02,3.32,38.97,6.96,1010.34,earthquake,2
10.99,23.08,63.6,9.66,3.15,34.6,0.43,1002.28,none,0
7.76,24.05,58.49,9.27,1.97,44.28,0.02,997.72,none,0
37.01,31.08,84.57,4.7,2.82,38.78,0.77,1021.01,none,0
34.43,42.54,80.26,14.8,1.47,17.66,7.51,1024.02,earthquake,2
10.84,22.61,65.25,12.51,4.59,31.45,0.25,1019.82,none,0
0.0,45.98,21.29,13.0,5.69,28.58,0.47,1003.18,drought,1
17.66,31.6,47.07,15.68,3.6,49.18,1.9,1007.71,none,0
69.74,21.57,59.46,27.05,9.05,63.76,0.04,998.98,flood,2
63.57,34.76,70.88,5.77,6.73,41.8,0.0,1009.67,flood,1
5.42,42.42,70.26,6.57,3.94,11.36,0.31,1018.51,drought,1
10.0,19.4,61.37,3.62,2.27,31.45,0.27,1017.68,none,0
131.43,10.11,70.98,20.57,4.77,81.38,0.79,1023.24,flood,2
34.47,27.69,32.14,17.68,3.04,33.61,0.72,1015.98,none,0
76.13,31.31,65.38,82.63,4.43,49.57,0.39,978.27,cyclone,2
33.11,26.71,46.93,3.57,4.11,25.12,0.04,1013.76,none,0
43.92,30.85,68.34,3.42,11.1,52.35,0.1,1004.61,flood,2
96.76,34.01,87.24,3.75,7.17,53.27,0.52,1017.25,flood,1
31.6,28.8,89.75,153.18,0.8,33.29,0.64,979.81,cyclone,2
6.21,17.37,93.96,11.12,2.54,16.48,5.16,1004.01,earthquake,2
94.56,22.25,82.61,15.11,9.77,99.15,0.21,992.73,flood,3
0.0,19.14,37.94,21.08,3.3,14.37,0.45,1024.4,drought,1
7.41,25.71,59.48,9.57,1.85,41.75,0.15,1007.51,none,0
41.23,18.76,98.22,101.09,4.01,52.99,0.11,981.9,cyclone,2
10.39,32.09,45.82,31.11,2.77,40.51,0.1,1021.0,none,0
8.98,27.05,8.22,7.93,3.33,0.0,1.16,1006.36,drought,1
14.97,27.42,50.69,4.07,3.77,51.68,0.05,1022.7,none,0
0.0,24.76,71.14,13.8,4.72,0.0,0.6,1029.0,drought,1
58.73,22.07,77.61,70.51,3.59,63.35,0.89,964.74,cyclone,2
45.44,26.54,82.53,122.88,3.34,52.02,0.05,971.9,cyclone,2
144.09,29.89,80.55,15.85,14.4,77.71,0.59,1001.86,flood,2
9.56,22.86,56.85,6.29,4.29,16.53,1.49,1024.89,none,0
39.88,31.66,58.98,15.47,2.74,43.84,0.07,1023.04,none,0
23.78,27.27,69.84,4.83,2.49,28.03,0.34,1006.31,none,0
14.49,31.28,53.9,2.59,3.9,24.68,0.07,1018.12,none,0
81.25,33.73,100.0,43.75,2.94,40.29,0.13,981.03,cyclone,2
104.56,28.16,76.22,97.78,3.56,38.81,0.28,983.24,cyclone,2
127.84,28.11,50.17,7.24,6.3,66.62,0.74,1012.68,flood,1
92.39,30.64,80.12,33.57,5.78,93.77,0.2,997.07,flood,2
45.11,25.84,100.0,9.43,7.22,82.85,0.28,1009.2,flood,1
24.68,28.76,65.85,41.34,3.83,35.46,6.67,1024.06,earthquake,2
60.66,16.52,69.54,165.24,1.23,31.75,0.03,972.76,cyclone,2
19.82,27.38,80.51,5.36,2.52,44.51,1.4,1010.43,none,0
30.8,31.06,72.59,16.46,3.68,27.13,0.99,1013.56,none,0
4.21,31.53,60.14,50.34,3.44,50.49,0.15,1018.24,none,0
65.82,22.74,83.88,229.97,3.22,51.19,0.56,968.24,cyclone,3
232.16,35.91,72.94,4.81,12.24,50.31,0.05,1023.76,flood,2
17.43,27.07,63.48,12.65,3.48,32.87,0.68,1009.22,none,0
25.68,32.72,50.42,4.85,3.13,32.57,0.13,1018.29,none,0
78.09,20.33,87.72,8.63,9.96,54.71,0.12,1014.89,flood,2
0.0,34.57,57.33,18.39,2.52,7.1,0.57,1005.11,drought,1
34.23,25.22,55.95,6.59,2.5,54.96,0.59,1010.24,none,0
33.19,38.18,75.17,13.78,2.37,30.26,1.08,1023.95,none,0
15.93,23.48,70.06,24.79,3.35,33.91,0.06,1013.12,none,0
23.95,20.8,55.54,16.56,5.21,40.22,0.74,1003.93,none,0
77.92,22.02,81.12,66.4,2.51,26.07,0.74,979.91,cyclone,2
167.01,27.25,77.7,136.18,2.97,52.39,0.45,975.18,cyclone,3
0.0,34.11,0.0,10.36,3.65,12.98,0.49,1010.95,drought,1
0.0,34.15,39.56,18.06,1.32,18.79,0.22,1024.13,drought,0
5.91,36.7,75.64,12.58,2.18,64.89,0.04,1029.03,none,0
34.95,24.16,67.87,4.05,2.06,37.12,0.16,1016.09,none,0
3.44,24.85,71.8,13.48,2.97,25.54,0.37,1007.42,none,0
20.03,32.26,80.67,19.81,2.56,68.87,4.24,1020.05,earthquake,1
129.83,28.58,100.0,11.74,6.86,60.26,0.01,995.63,flood,2
189.07,32.44,87.79,15.46,7.28,96.65,0.49,1008.76,flood,2
13.74,27.6,59.39,2.24,2.96,38.75,6.03,1010.12,earthquake,2
19.12,30.08,30.29,36.75,5.18,24.57,0.59,1015.93,none,0
8.11,22.89,34.53,2.99,2.62,10.86,1.01,1020.83,drought,0
10.16,22.11,71.45,15.2,3.56,44.76,0.04,1025.31,none,0
7.08,35.82,47.82,15.84,4.17,15.1,8.11,1012.54,earthquake,2
106.18,21.3,63.38,56.78,2.88,67.17,0.03,985.26,cyclone,2
17.77,32.66,68.11,4.7,4.47,51.22,0.86,1010.07,none,0
16.48,20.84,47.4,8.37,4.12,44.84,0.43,1022.84,none,0
26.75,27.22,56.06,25.17,2.56,22.94,0.34,1000.67,none,0
129.92,28.11,82.71,6.72,5.43,83.32,0.95,994.06,flood,2
67.76,29.38,81.29,15.33,13.42,67.43,0.42,1005.01,flood,2
21.81,24.15,100.0,14.3,2.2,63.38,0.15,1008.47,none,0
5.34,40.88,23.46,15.87,2.5,28.7,0.19,994.07,drought,1
1.07,37.15,60.84,3.36,3.62,10.75,0.06,999.95,drought,1
4.89,30.76,30.79,6.66,1.7,31.39,0.18,1015.64,drought,0
12.14,39.53,54.94,19.8,3.67,26.91,0.33,1018.96,none,0
12.54,32.06,53.73,8.19,2.93,15.06,0.18,1014.28,drought,1
26.75,29.8,40.99,9.26,2.85,42.77,0.09,1016.78,none,0
11.06,31.53,52.14,13.23,0.99,40.28,0.82,1015.63,none,0
4.22,30.12,24.42,13.1,3.79,3.89,0.91,1032.76,drought,1
120.08,20.41,92.49,3.13,10.89,81.48,0.27,1004.26,flood,2
9.01,25.61,61.69,9.18,1.55,32.82,0.12,1020.96,none,0
9.9,29.29,23.27,7.68,2.55,61.06,4.56,1021.26,earthquake,1
5.78,31.79,51.02,11.13,1.9,31.76,7.22,1019.95,earthquake,2
0.0,30.68,33.47,13.1,2.83,9.78,0.05,1010.86,drought,1
63.17,17.94,68.45,4.26,7.91,62.32,0.96,1008.91,flood,1
18.24,32.85,9.37,19.28,4.12,7.93,0.49,999.58,drought,1
85.1,23.85,66.73,10.77,8.07,55.2,0.15,1004.32,flood,2
59.12,27.04,86.07,42.4,1.42,48.27,0.61,1010.62,cyclone,1
6.98,34.98,37.47,11.2,3.36,40.34,0.05,1023.15,none,0
131.16,33.51,100.0,144.14,3.57,47.84,0.05,985.33,cyclone,3
70.49,23.22,94.6,12.66,7.08,43.36,0.06,1010.18,flood,2
4.44,32.23,60.6,10.54,2.11,23.93,0.3,1022.45,none,0
16.63,23.33,55.12,6.76,4.02,37.01,9.4,1022.92,earthquake,2
20.7,26.51,53.08,20.52,2.57,12.88,8.03,1015.54,earthquake,2
146.12,28.25,68.85,15.68,10.28,81.08,0.18,996.78,flood,3
48.58,28.9,69.7,3.33,2.96,51.55,0.91,1026.67,none,0
226.19,26.6,71.13,11.13,5.95,69.44,0.38,987.49,flood,2
97.29,22.01,84.5,87.81,1.62,4.41,0.4,966.84,cyclone,3
59.23,23.26,82.6,78.22,1.52,34.89,0.08,967.46,cyclone,2
70.8,29.91,97.57,5.71,5.36,47.15,0.7,1004.5,flood,1
11.16,27.68,59.3,2.59,2.3,21.99,0.07,998.61,none,0
53.69,25.37,73.57,91.22,4.42,31.1,0.13,986.01,cyclone,2
0.0,35.65,35.5,5.51,3.69,25.35,0.02,1008.84,drought,0
24.57,30.15,49.38,8.46,2.78,31.55,0.7,1008.43,none,0
135.23,24.96,79.1,131.25,0.75,35.7,0.92,964.91,cyclone,3
7.8,37.57,74.34,11.26,3.62,43.89,4.44,1010.19,earthquake,1
0.0,29.19,30.7,17.93,2.71,21.92,0.09,1017.33,drought,0
9.49,26.0,46.3,8.07,1.98,37.51,7.32,1006.91,earthquake,1
59.27,26.54,78.26,48.05,2.25,13.05,0.09,1012.94,cyclone,1
3.11,32.7,3.71,7.18,3.94,15.83,0.02,1012.82,drought,1
11.0,30.9,70.85,6.3,3.28,40.1,0.27,1012.77,none,0
7.77,27.76,69.71,0.39,3.6,41.57,1.11,1019.18,none,0
180.31,32.55,74.51,12.37,3.43,49.88,0.57,1019.48,flood,2
52.48,23.17,72.68,19.0,2.23,41.02,0.79,1006.62,none,0
27.43,25.9,46.8,20.38,4.14,47.82,7.42,1013.24,earthquake,2
9.47,19.09,58.86,15.92,3.95,30.47,0.35,1004.06,none,0
16.39,21.97,36.02,4.85,2.57,23.5,0.19,1018.2,none,0
10.4,33.1,82.03,1.64,2.36,41.53,4.64,1015.61,earthquake,1
95.38,27.65,88.94,59.56,3.63,35.28,0.76,991.28,cyclone,2
24.07,29.04,71.07,2.15,5.27,46.37,4.06,1017.71,earthquake,1
76.76,25.01,87.51,88.47,2.89,22.86,0.13,965.5,cyclone,3
166.54,33.42,74.55,20.76,5.96,68.74,0.2,1009.32,flood,2
23.92,24.23,59.97,1.6,4.22,31.91,0.72,1011.24,none,0
132.31,22.48,82.17,11.97,9.38,67.03,0.45,1001.27,flood,3
37.0,19.52,95.38,2.28,5.94,35.12,0.19,1002.12,flood,1
133.56,20.39,72.64,161.19,3.61,61.54,0.3,991.17,cyclone,3
7.33,19.93,67.45,18.56,2.62,25.23,0.25,1018.55,none,0
47.83,34.02,97.52,129.05,3.04,26.52,0.27,986.92,cyclone,2
33.21,35.2,77.46,11.62,3.39,27.31,0.41,1001.2,none,0
14.0,26.85,47.58,7.81,2.8,25.97,0.08,1014.51,none,0
11.65,34.41,45.84,1.38,2.37,22.07,0.09,1011.84,none,0
0.0,21.04,45.14,5.81,2.98,35.89,0.04,1000.16,drought,0
15.8,36.07,10.05,6.23,3.17,3.47,1.04,1015.7,drought,1
23.84,23.64,36.11,8.95,4.46,21.44,0.1,1016.24,none,0
43.48,34.68,81.73,107.76,1.92,56.49,0.36,993.75,cyclone,2
11.65,31.43,67.72,8.19,3.1,50.98,0.03,1023.59,none,0
9.63,32.79,73.34,1.12,3.59,26.32,0.18,1000.28,none,0
23.37,21.7,63.58,8.16,1.41,42.5,0.31,1017.45,none,0
107.5,27.17,75.25,1.95,7.33,77.45,1.12,1008.23,flood,2
1.97,25.44,96.23,7.77,3.38,39.27,0.07,1016.4,none,0
7.93,29.19,66.28,17.21,2.08,24.5,4.7,1019.57,earthquake,1
24.81,32.32,18.79,28.43,4.33,20.9,0.3,1027.29,none,0
99.41,32.39,86.33,124.36,3.72,13.22,0.12,955.26,cyclone,3
51.03,11.06,53.76,6.7,2.07,45.47,0.21,1016.61,none,0
19.02,27.27,54.8,14.26,3.89,14.45,0.01,1004.48,none,0
44.19,29.98,80.23,82.09,4.0,37.79,0.09,976.13,cyclone,2
205.91,28.22,55.18,4.47,7.13,81.2,0.34,1008.51,flood,2
9.86,37.23,51.65,2.96,2.65,46.28,0.71,1024.82,none,0
77.89,27.46,92.11,8.68,6.48,57.07,0.05,1003.44,flood,2
6.83,19.96,71.74,20.53,2.23,7.27,6.04,1029.02,earthquake,2
23.99,29.39,64.54,10.74,4.07,28.73,0.37,993.01,none,0
152.97,25.86,95.04,13.4,6.52,78.11,0.07,1003.31,flood,2
115.98,17.85,77.63,94.45,1.11,31.56,1.26,962.26,cyclone,3
6.7,20.46,35.47,14.27,0.74,5.24,0.18,1026.42,drought,1
6.71,38.1,42.3,1.92,5.03,21.88,0.33,1000.44,drought,1
42.68,21.35,65.83,28.71,3.85,24.95,7.36,1003.7,earthquake,3
41.42,17.0,56.97,12.5,2.84,52.85,0.36,1012.16,none,0
73.33,21.7,80.73,8.93,8.93,73.29,0.03,1004.3,flood,2
21.08,27.92,52.67,2.16,3.35,31.55,8.5,1007.23,earthquake,2
17.14,31.92,74.46,4.41,3.53,46.76,0.39,1015.25,none,0
28.12,25.81,41.29,6.53,2.33,23.9,0.05,1016.16,none,0
7.54,22.0,49.39,15.86,1.25,47.3,0.19,1001.93,none,0
21.62,26.64,57.16,2.36,3.66,26.03,0.01,1020.79,none,0
71.87,24.09,45.16,0.79,2.65,45.5,0.06,1004.35,none,0
311.76,21.77,77.49,26.82,10.52,97.98,0.04,1012.19,flood,3
18.89,27.94,44.88,18.56,2.82,54.96,0.12,1014.2,none,0
0.0,30.34,38.49,1.86,4.02,15.11,0.79,1010.98,drought,1
7.32,37.16,65.68,19.12,3.16,50.17,0.59,999.53,none,0
9.37,28.28,88.88,21.17,1.8,25.33,9.21,1023.58,earthquake,2
104.42,21.3,100.0,95.94,2.27,37.63,1.63,980.94,cyclone,2
7.24,36.79,52.03,19.38,3.38,31.99,7.59,1025.22,earthquake,2
8.16,32.89,68.32,1.98,4.3,37.08,0.42,1002.43,none,0
27.53,36.01,67.5,7.19,2.75,28.87,0.27,1023.21,none,0
13.99,29.19,81.91,18.62,2.28,35.44,1.52,1014.92,none,0
85.88,22.7,59.35,94.68,2.98,16.67,0.1,993.35,cyclone,2
32.2,33.12,16.13,12.31,2.58,0.0,1.89,1014.3,drought,1
9.64,28.41,30.26,4.0,3.44,22.37,0.01,1002.31,none,0
25.72,26.1,51.84,8.65,2.39,10.65,0.11,1015.58,drought,1
17.32,26.36,67.82,16.04,1.88,27.34,3.95,1014.09,earthquake,1
11.17,31.4,55.31,19.31,3.27,8.74,0.16,1005.67,none,0
109.07,23.58,95.27,56.6,2.34,26.78,0.33,968.58,cyclone,2
60.82,28.28,85.57,121.43,1.64,33.54,1.32,981.94,cyclone,3
27.27,25.48,80.22,2.69,4.13,32.47,0.5,1010.88,none,0
25.34,32.46,65.13,18.24,4.74,37.64,0.18,1026.28,none,0
8.01,22.56,51.35,6.3,2.48,45.23,4.2,1015.17,none,0
0.0,42.78,38.93,28.42,2.54,0.0,0.84,1018.09,drought,1
4.99,31.25,44.56,4.37,3.87,30.17,4.79,1002.77,earthquake,1
17.12,19.95,65.7,17.84,3.88,23.98,0.18,1016.97,none,0
4.13,28.86,82.61,21.83,3.08,34.1,7.18,1006.32,earthquake,2
22.48,27.36,45.26,9.62,3.66,30.69,0.17,1018.55,none,0
3.7,26.55,72.41,2.69,3.75,30.31,0.17,1007.72,none,0
15.98,29.51,45.12,5.72,2.84,47.77,0.6,1009.47,none,0
14.03,21.8,61.6,1.63,1.9,49.13,2.24,1026.4,none,0
16.67,25.58,73.39,5.01,2.7,28.54,9.94,1012.8,earthquake,2
7.76,28.47,68.24,13.94,4.82,36.1,3.74,1018.11,earthquake,1
218.46,29.38,61.99,19.59,10.3,84.13,0.7,1002.84,flood,3
99.62,28.4,85.64,22.01,4.92,65.88,0.08,1010.61,flood,1
14.57,17.1,73.2,38.42,3.54,32.81,0.93,1012.69,none,0
95.62,31.54,95.49,2.08,8.88,64.53,0.04,994.52,flood,2
23.06,33.61,59.17,1.69,3.09,41.22,1.87,1019.94,none,0
119.99,33.17,97.08,8.36,6.25,63.52,0.46,1002.74,flood,2
31.32,30.34,80.74,5.88,4.73,37.75,1.05,1009.74,none,0
160.29,21.08,73.74,4.45,4.91,49.41,0.01,1013.14,flood,2
74.96,27.14,62.06,5.59,4.89,71.7,0.01,1008.31,flood,1
22.32,23.28,49.39,8.56,2.96,33.51,0.31,1012.71,none,0
8.95,16.7,56.77,3.67,5.42,37.99,0.56,1019.84,none,0
37.76,27.21,63.95,8.98,2.96,39.58,0.1,1003.36,none,0
113.42,29.06,79.06,1.69,3.82,80.83,0.28,998.19,flood,1
18.78,29.56,66.49,4.01,3.82,24.48,0.15,1022.2,none,0
82.09,29.23,40.41,6.41,8.23,57.59,0.32,1011.42,flood,2
54.51,27.76,86.48,108.78,4.3,28.13,0.06,992.29,cyclone,2
11.03,25.51,78.23,9.58,2.43,37.61,0.17,1029.6,none,0
164.2,27.59,86.11,3.22,3.61,71.38,0.47,1002.76,flood,2
39.04,30.85,84.62,86.74,3.12,35.08,0.02,967.2,cyclone,2
120.01,22.28,74.24,5.97,8.19,57.08,0.14,1004.43,flood,2
70.13,35.72,75.68,8.35,8.78,60.51,0.5,1008.13,flood,2
1.7,28.31,61.39,28.6,3.93,32.39,0.42,1005.83,none,0
3.27,33.99,53.9,27.65,1.8,33.24,0.26,1007.66,none,0
105.8,23.66,74.57,57.19,3.76,55.49,0.42,984.0,cyclone,2
17.62,27.43,50.74,13.58,3.4,35.87,0.06,1003.59,none,0
77.16,30.4,100.0,39.48,2.65,15.77,0.99,978.05,cyclone,2
11.85,36.15,27.52,5.29,3.12,3.83,0.29,1019.99,drought,1
10.95,21.72,79.47,20.47,1.55,22.39,0.67,1018.72,none,0
4.73,24.63,60.47,10.66,2.05,49.02,6.04,1022.33,earthquake,1
21.91,21.76,48.98,24.45,3.89,35.89,0.14,1019.13,none,0
0.0,32.76,21.69,22.2,3.26,25.12,0.64,1015.35,drought,1
120.85,30.01,80.29,5.81,9.85,66.81,0.34,1001.08,flood,3
121.3,16.25,97.72,10.81,5.0,39.41,0.01,996.02,flood,2
69.49,24.88,73.05,12.45,6.85,73.21,0.05,1005.28,flood,2
23.46,19.37,57.07,11.56,2.88,34.14,0.0,1022.88,none,0
40.22,27.64,56.45,96.82,3.99,18.39,0.67,994.51,cyclone,2
110.48,25.83,93.55,19.01,2.19,49.86,0.11,1000.67,flood,1
3.07,27.77,58.99,4.5,2.05,20.6,0.53,1018.72,drought,1
77.11,23.46,80.03,87.5,4.46,48.57,0.44,957.18,cyclone,3
52.31,29.44,87.48,3.38,4.13,17.28,0.01,1010.83,none,0
24.13,29.87,35.22,7.58,2.53,12.23,0.33,1022.63,drought,1
87.27,28.35,77.88,47.83,3.85,29.92,0.21,1003.55,cyclone,2
10.7,44.76,14.67,3.76,3.45,10.57,0.18,1023.65,drought,1
94.92,27.08,97.46,52.44,0.05,34.13,1.26,970.55,cyclone,2
24.05,24.47,57.88,7.96,3.11,25.47,0.08,1000.79,none,0
42.09,21.83,63.03,11.8,2.83,30.75,0.17,1009.67,none,0
314.09,21.74,74.55,13.92,9.87,57.03,0.28,1003.76,flood,2
93.38,32.39,75.09,68.86,3.51,14.37,0.25,975.2,cyclone,3
9.13,28.68,38.63,10.59,3.36,27.81,0.04,1005.02,none,0
16.62,33.14,64.43,10.6,3.73,37.89,0.26,1021.72,none,0
0.93,23.84,23.47,14.57,3.3,0.0,0.03,1023.89,drought,1
84.26,23.75,69.65,142.04,4.24,27.6,0.0,979.98,cyclone,3
7.33,27.39,59.09,8.48,3.52,31.57,0.14,1004.72,none,0
62.48,31.88,81.94,80.43,4.4,18.54,0.47,989.55,cyclone,2
116.0,22.89,87.16,4.16,7.98,75.05,0.11,998.75,flood,2
13.42,24.22,51.04,7.24,4.24,8.36,0.02,1012.11,none,0
51.17,20.73,86.4,89.08,2.01,40.24,0.11,989.1,cyclone,1
141.55,23.82,67.83,14.03,11.49,88.12,0.03,1010.85,flood,2
9.91,25.28,70.72,6.14,1.93,38.59,0.79,1001.62,none,0
19.31,26.75,58.08,12.71,2.5,27.37,5.35,1011.48,earthquake,1
18.75,22.94,80.09,8.9,3.36,20.25,0.31,1023.69,none,0
84.74,25.95,72.46,71.61,3.17,40.76,0.18,984.94,cyclone,2
3.63,32.42,21.85,4.87,1.86,26.5,0.09,1001.4,drought,0
106.58,25.2,71.65,15.15,9.39,58.21,1.08,999.79,flood,3
12.77,23.68,53.19,9.2,3.96,46.65,4.09,1003.77,earthquake,1
1.91,33.08,47.83,1.39,1.43,16.62,0.37,1015.87,drought,0
3.01,22.58,61.21,9.34,3.24,27.81,0.02,1030.14,none,0
6.44,30.4,46.71,10.02,3.15,22.05,6.58,1027.1,earthquake,2
120.76,20.22,100.0,2.58,7.28,79.42,1.33,1008.03,flood,2
5.42,26.2,69.32,2.76,3.9,34.03,6.82,1018.93,earthquake,2
96.99,31.94,89.63,221.45,2.0,41.1,0.01,972.5,cyclone,3
1.4,20.67,73.54,9.67,2.96,51.63,0.21,1012.77,none,0
5.59,29.49,78.28,7.18,2.58,43.66,0.16,1010.9,none,0
25.36,28.86,71.66,6.6,2.93,46.99,7.51,1005.72,earthquake,2
12.34,32.32,34.96,12.04,4.29,51.74,0.36,1014.34,none,0
116.58,27.97,84.86,26.93,9.32,63.08,0.76,1004.25,flood,3
2.46,34.79,48.37,10.65,3.94,30.35,0.24,1015.29,none,0
50.24,36.2,99.45,86.95,3.68,39.43,0.46,999.39,cyclone,2
52.66,29.31,71.52,23.59,8.97,65.1,0.78,1004.08,flood,2
76.84,22.61,91.62,97.22,2.99,41.16,0.53,991.04,cyclone,2
81.62,30.51,65.86,11.22,9.0,62.82,0.5,1014.27,flood,2
21.45,28.48,55.56,6.64,2.44,19.46,1.06,1027.7,none,0
16.35,24.04,75.34,13.53,2.26,18.4,0.67,1005.3,none,0
9.06,25.34,63.92,13.39,3.75,32.94,5.7,1024.1,earthquake,2
17.45,23.05,27.49,7.22,2.85,33.85,0.13,1004.98,none,0
70.58,33.32,93.15,75.32,4.93,38.77,0.03,971.59,cyclone,2
18.42,28.36,76.02,8.11,3.55,44.93,0.26,1020.09,none,0
22.14,32.48,57.64,6.33,2.73,41.2,1.07,1001.81,none,0
12.12,29.09,61.41,16.22,3.4,28.08,0.49,1028.56,none,0
105.72,25.66,67.19,9.83,9.29,57.3,1.57,1014.13,flood,2
17.54,36.21,46.18,2.88,3.24,20.58,0.67,1017.78,none,0
72.11,30.47,76.64,100.83,2.04,27.16,0.95,1001.93,cyclone,2
129.04,31.7,68.1,9.4,3.4,61.96,0.07,1008.51,flood,1
0.0,36.47,40.02,3.81,4.04,42.41,0.45,1004.96,drought,1
5.37,29.46,34.05,1.78,3.17,12.93,0.17,1021.7,none,0
177.28,18.66,56.81,7.24,10.94,81.34,0.26,1004.41,flood,2
15.98,25.19,67.49,14.83,2.04,32.55,0.15,998.35,none,0
4.23,21.36,46.25,8.9,2.36,14.2,7.96,1020.46,earthquake,2
13.0,23.0,62.07,3.31,1.97,40.27,4.83,1008.73,earthquake,2
82.59,19.48,85.08,81.2,3.9,24.08,0.69,995.53,cyclone,2
34.45,18.49,46.98,13.31,2.34,56.78,8.31,1012.08,earthquake,2
94.47,28.97,94.81,29.5,7.08,75.88,0.25,1008.8,flood,2
11.31,34.06,45.75,35.12,3.9,35.08,0.06,1002.58,none,0
3.29,35.95,49.99,19.96,2.91,51.03,0.09,1017.14,none,0
37.73,26.29,100.0,76.07,1.54,33.66,0.12,980.98,cyclone,2
4.97,22.86,62.78,3.94,2.65,34.86,0.97,1014.6,none,0
8.66,34.18,53.67,6.6,2.51,8.59,0.99,1010.09,drought,1
5.47,30.43,64.78,25.97,2.95,23.28,0.1,1022.64,none,0
27.9,35.4,32.32,33.69,3.05,11.47,1.27,1007.2,drought,1
13.41,30.31,91.62,6.97,2.62,28.27,5.54,1006.85,earthquake,1
0.0,31.11,0.0,22.42,2.87,7.15,0.41,1015.81,drought,1
16.94,26.82,66.15,35.49,2.64,29.71,0.11,996.03,none,0
0.0,44.57,32.23,8.18,3.1,10.3,0.03,1004.27,drought,0
11.84,30.61,63.61,12.63,4.15,38.3,0.31,1007.97,none,0
9.83,23.74,65.15,9.56,3.04,36.48,7.55,1007.87,earthquake,2
120.89,23.71,68.91,53.73,3.71,34.78,0.39,980.42,cyclone,2
33.53,25.26,52.98,15.9,4.45,41.74,0.97,1012.68,none,0
274.94,17.01,57.1,12.16,8.33,65.61,0.68,1024.46,flood,2
14.19,33.5,33.65,0.84,4.2,38.08,0.94,1020.14,none,0
25.84,28.22,63.0,4.71,5.23,24.3,0.39,1017.64,none,0
17.03,29.68,51.83,30.45,2.3,39.11,8.03,1015.06,earthquake,2
97.02,24.84,78.67,58.33,1.91,34.61,0.14,990.1,cyclone,2
148.38,28.14,91.26,13.98,8.98,64.72,0.54,1005.04,flood,3
25.19,28.22,90.76,14.14,3.27,30.76,0.19,1014.93,none,0
88.06,26.54,62.12,25.03,10.31,64.77,0.47,1007.12,flood,2
381.44,21.3,87.43,26.77,12.25,62.96,0.13,1012.91,flood,2
62.27,25.59,56.77,86.84,2.37,47.36,1.9,974.43,cyclone,3
52.82,28.2,68.57,7.91,3.55,32.54,0.15,1004.88,none,0
23.44,26.36,56.23,21.57,2.13,23.84,6.05,1007.25,earthquake,2
6.94,36.35,44.38,6.3,2.78,41.89,0.29,1011.32,none,0
75.73,28.07,57.53,117.57,2.3,22.35,0.08,964.51,cyclone,3
74.57,24.21,69.7,23.58,12.9,61.94,0.17,1008.5,flood,2
2.44,30.64,82.78,1.33,2.88,68.45,0.54,1015.98,none,0
0.49,34.5,26.06,5.25,4.39,4.55,2.73,1012.69,drought,1
5.62,32.02,64.65,9.12,2.99,37.45,7.14,1014.21,earthquake,2
53.17,30.71,81.57,19.23,7.6,58.13,0.29,1012.63,flood,1
5.76,13.87,31.06,15.04,2.15,34.36,0.31,1005.09,none,0
22.51,31.85,53.51,13.01,3.04,36.12,6.08,1003.16,earthquake,2
8.4,24.23,57.36,9.6,1.52,35.6,0.37,1012.19,none,0
57.44,25.27,64.78,4.92,2.27,78.43,0.38,1012.96,flood,1
11.34,29.03,66.48,51.41,1.22,33.28,0.29,1023.24,none,0
0.83,37.46,60.75,4.09,1.95,31.6,1.6,1006.69,none,0
18.72,26.87,72.34,4.65,3.41,31.65,5.38,1011.69,earthquake,2
2.17,22.52,72.48,18.96,2.25,17.25,0.07,1012.64,none,0
20.68,23.87,74.23,6.38,3.81,28.07,0.35,1012.85,none,0
98.3,23.8,89.04,67.8,2.24,30.56,1.94,997.53,cyclone,2
2.82,34.54,20.48,11.59,3.16,21.32,7.49,1014.65,earthquake,2
3.07,28.13,64.05,12.36,3.26,25.59,1.27,1019.54,none,0
19.39,29.19,47.92,7.97,4.52,39.82,5.46,1036.16,earthquake,2
30.95,26.91,68.05,16.4,2.13,42.34,0.86,1001.82,none,0
124.45,29.33,59.82,7.14,9.7,67.9,1.26,1009.9,flood,2
15.37,28.73,75.55,9.19,4.15,39.8,0.23,997.16,none,0
4.3,24.32,52.95,16.89,2.5,27.53,0.15,1011.02,none,0
34.78,13.31,61.28,20.42,2.59,34.27,0.53,1019.16,none,0
38.43,34.64,100.0,6.65,2.73,48.19,4.07,1031.18,earthquake,1
192.9,21.23,93.54,12.22,6.66,80.65,0.46,1002.11,flood,2
8.39,23.21,57.54,18.87,3.9,37.36,0.0,1021.21,none,0
4.98,28.78,80.47,10.51,2.29,28.55,0.24,1006.46,none,0
150.79,25.44,88.43,38.51,8.07,92.16,0.14,1008.73,flood,3
6.35,31.27,43.04,10.93,1.22,39.83,0.17,1012.79,none,0
24.51,25.62,75.62,98.43,3.33,51.12,0.34,965.25,cyclone,2
2.8,25.03,52.65,21.51,3.11,32.62,0.06,1021.34,none,0
30.12,23.29,58.08,20.5,3.89,34.34,0.05,1021.78,none,0
11.59,34.71,62.64,22.33,2.56,39.76,6.86,1019.16,earthquake,2
69.37,22.81,91.09,42.18,1.89,11.74,0.02,992.56,cyclone,2
157.2,20.63,77.84,5.41,11.07,65.0,0.08,1010.07,flood,2
6.62,26.49,59.88,5.65,2.87,35.33,0.8,1026.24,none,0
85.36,29.7,63.31,3.03,7.32,70.05,0.0,1009.12,flood,2
75.26,21.93,75.17,35.33,3.48,86.73,0.04,1004.63,flood,1
154.32,29.78,68.7,57.11,3.59,40.95,0.05,1004.88,cyclone,2
21.08,32.89,50.5,95.02,2.8,40.91,1.0,973.55,cyclone,2
5.88,28.22,90.18,13.3,3.51,22.3,5.53,1010.79,earthquake,2
145.84,20.52,36.55,22.58,8.85,58.97,0.43,1005.89,flood,3
8.54,26.65,96.57,14.68,3.55,36.31,0.37,1003.66,none,0
23.96,30.36,67.88,2.36,4.32,37.06,2.08,1010.33,none,0
1.62,22.34,67.62,15.28,3.63,48.68,0.13,1002.3,none,0
20.04,31.93,90.64,9.09,1.93,26.37,0.52,1014.05,none,0
84.18,22.23,85.03,1.94,3.67,58.21,0.48,1008.99,flood,1
4.86,30.5,63.13,29.95,3.18,14.68,8.58,1024.75,earthquake,2
131.13,34.9,73.79,17.42,10.99,64.42,0.28,1001.91,flood,3
9.42,30.29,65.78,10.73,1.17,37.9,4.5,1025.93,earthquake,1
19.1,33.55,47.05,6.89,4.83,32.72,5.56,996.28,earthquake,2
218.11,36.3,100.0,21.81,6.74,100.0,0.05,1003.21,flood,2
12.93,38.18,43.24,8.48,3.45,6.06,0.07,1017.17,drought,1
15.45,23.74,68.87,5.56,3.67,46.24,0.2,1011.34,none,0
38.24,37.55,78.4,73.92,3.2,63.21,0.24,983.96,cyclone,2
194.39,27.74,65.5,14.23,6.97,69.38,0.08,1015.52,flood,2
58.64,24.05,69.17,97.45,2.71,36.22,0.06,968.26,cyclone,2
19.0,26.68,58.29,7.16,3.43,20.91,7.72,998.31,earthquake,3
0.04,29.04,13.2,13.93,2.17,15.13,0.15,1017.64,drought,0
6.4,22.21,33.09,10.34,3.79,48.96,0.14,1006.44,none,0
57.89,26.72,98.95,6.52,6.98,100.0,0.05,1020.79,flood,1
192.79,18.92,89.86,137.2,2.22,36.07,0.22,974.97,cyclone,3
4.59,26.25,72.23,6.14,1.78,47.75,1.23,1013.16,none,0
3.69,29.57,68.47,7.44,4.42,33.94,6.01,1011.34,earthquake,2
25.2,24.73,46.53,13.33,4.72,5.57,0.06,1016.34,none,0
161.61,21.13,36.87,12.83,11.23,53.26,0.07,1010.05,flood,2
77.53,31.86,90.89,11.99,4.41,49.54,0.54,1016.48,flood,1
0.92,27.98,62.26,11.34,2.68,21.48,0.76,1012.15,none,0
28.42,37.61,68.97,9.98,6.62,60.94,0.19,1011.84,flood,1
68.27,20.41,91.92,121.29,3.63,35.04,0.7,983.16,cyclone,2
0.0,31.43,20.82,3.63,2.52,15.84,0.39,1015.96,drought,0
26.18,24.62,55.55,11.35,3.47,33.62,0.04,1026.53,none,0
23.39,24.96,63.82,2.07,1.54,41.1,0.32,1014.3,none,0
7.81,32.91,53.63,10.17,4.02,35.93,0.34,1013.06,none,0
6.36,35.71,62.83,22.43,2.73,6.79,0.56,1016.05,drought,1
20.71,31.42,48.22,3.1,2.82,37.51,0.12,1016.83,none,0
17.57,31.63,36.1,4.9,4.22,39.98,0.25,1028.09,drought,0
6.56,28.14,48.37,11.46,2.57,19.82,0.22,1006.6,none,0
11.13,28.92,54.48,6.13,2.93,38.69,8.2,1002.09,earthquake,2
105.17,29.75,76.08,9.65,8.12,76.98,0.28,1005.95,flood,2
77.1,32.92,100.0,133.88,3.08,6.25,0.5,976.86,cyclone,3
25.05,24.76,40.75,3.47,3.15,14.19,0.25,998.71,none,0
101.37,24.59,78.93,139.01,2.75,32.38,0.19,983.96,cyclone,2
123.38,29.16,85.8,7.1,6.79,73.48,0.07,1006.7,flood,2
119.25,27.38,52.21,22.5,6.29,56.95,1.17,995.52,flood,2
4.96,30.03,67.26,11.48,2.75,34.05,7.79,1016.41,earthquake,2
0.0,25.76,72.15,2.39,3.51,2.67,0.11,1024.44,drought,1
179.64,26.54,70.94,16.93,3.25,69.46,0.88,1002.36,flood,2
84.38,27.15,88.88,14.02,6.88,100.0,0.32,1013.77,flood,1
33.6,21.09,44.54,7.35,3.3,51.24,7.12,1013.61,earthquake,2
137.57,18.9,82.37,20.75,9.84,54.12,0.06,995.73,flood,3
13.6,24.55,65.18,8.82,1.1,27.85,0.21,1006.32,none,0
7.57,20.69,78.14,8.79,3.59,29.57,7.98,995.44,earthquake,2
9.63,30.8,24.49,2.44,1.86,41.57,0.83,1003.43,none,0
27.79,19.98,68.34,6.69,4.91,24.39,4.47,1015.28,earthquake,2
9.87,28.0,63.45,12.26,2.58,44.99,0.1,1019.43,none,0
7.29,29.21,61.08,17.77,5.07,34.36,0.14,1008.59,none,0
15.58,32.54,89.05,10.23,3.87,61.62,0.28,1014.09,none,0
81.36,31.1,72.4,11.63,10.13,86.77,0.8,998.69,flood,2
32.85,36.54,57.54,10.24,2.65,20.72,6.4,1003.62,earthquake,2
5.37,33.04,40.15,19.13,2.95,3.0,0.33,1026.23,drought,1
9.49,17.25,67.18,6.74,2.03,34.57,0.72,1018.92,none,0
17.62,28.09,67.54,24.75,5.22,19.66,0.37,1008.11,none,0
14.56,23.93,72.02,8.08,0.35,30.95,0.1,1018.56,none,0
76.78,23.7,90.01,18.98,5.16,73.24,1.12,1012.4,flood,1
40.21,25.25,74.22,130.31,1.01,19.5,0.63,975.85,cyclone,3
23.46,24.99,51.01,4.99,4.56,30.72,6.75,1001.13,earthquake,2
33.24,27.45,79.23,3.63,4.71,22.1,0.53,1018.05,none,0
134.45,33.95,66.16,8.83,11.48,84.83,0.14,1003.22,flood,2
26.86,28.95,45.28,34.15,1.86,19.37,0.09,1018.66,none,0
172.52,23.49,86.3,17.99,5.16,39.14,0.3,1014.75,flood,2
47.81,22.59,82.03,3.58,2.68,34.07,0.4,1013.85,none,0
17.58,20.06,67.25,10.76,2.58,30.2,0.19,1027.07,none,0
19.04,25.92,73.92,29.06,3.13,58.48,1.88,1012.08,none,0
93.94,27.16,61.54,124.52,2.86,46.66,0.65,998.17,cyclone,2
6.16,34.01,68.21,0.84,2.56,41.11,5.3,1006.12,earthquake,1
6.12,30.66,76.63,15.2,2.26,26.81,0.34,1006.4,none,0
30.64,29.71,37.97,15.51,2.63,51.35,0.24,1008.76,none,0
175.98,22.9,67.01,15.62,10.1,64.41,0.51,1004.55,flood,2
25.44,27.8,82.95,105.57,3.7,55.37,0.25,967.63,cyclone,2
184.29,33.85,52.58,8.87,5.43,54.77,0.09,1017.32,flood,2
80.5,38.35,70.46,32.04,3.06,50.64,0.3,990.95,cyclone,1
66.26,31.61,32.29,24.27,4.32,26.33,0.04,1007.88,none,0
3.82,21.86,43.75,15.67,2.68,22.14,0.27,1004.76,none,0
64.27,31.12,76.92,5.3,10.4,60.6,0.41,1013.24,flood,1
72.39,33.06,98.5,26.48,3.79,52.06,0.1,1008.27,cyclone,1
79.83,27.63,75.37,139.02,4.57,45.65,0.26,977.94,cyclone,3
34.98,27.16,78.03,6.41,5.12,54.34,0.69,1000.09,flood,1
7.65,25.09,31.06,6.03,1.18,37.89,0.09,1027.69,none,0
167.47,23.16,75.12,7.79,7.27,62.0,0.03,1011.73,flood,2
47.31,23.44,99.57,109.29,2.26,48.99,0.98,988.7,cyclone,2
15.32,26.58,67.17,19.69,3.03,28.31,8.6,1013.49,earthquake,2
85.51,13.78,82.6,42.72,11.73,75.68,0.02,991.02,flood,3
22.47,27.96,56.12,8.39,2.6,13.27,6.25,1011.69,earthquake,2
12.05,15.1,83.29,2.49,1.74,50.59,0.38,1009.21,none,0
4.16,24.26,67.79,14.25,0.95,32.04,1.31,1013.63,none,0
75.2,24.73,100.0,34.62,3.04,39.1,0.15,978.4,cyclone,2
54.21,33.8,41.95,21.0,3.77,69.6,0.93,1007.9,flood,1
6.57,20.17,39.33,6.16,4.68,57.31,0.06,1015.44,none,0
85.85,26.45,67.22,7.58,5.66,41.64,0.05,1008.85,flood,1
60.98,19.57,91.29,141.25,2.41,26.16,0.26,980.62,cyclone,3
4.96,18.91,62.58,15.64,3.13,20.45,0.28,1014.65,none,0
6.1,28.21,32.12,5.23,1.09,31.46,0.28,1012.43,drought,0
21.48,27.26,82.88,5.63,3.46,32.67,0.01,1014.99,none,0
5.19,33.73,68.72,2.5,3.23,43.93,0.8,1003.1,none,0
109.73,35.77,84.94,135.29,4.11,41.86,0.83,969.83,cyclone,3
0.0,33.19,48.97,2.74,3.19,27.22,0.31,1025.95,drought,0
15.63,22.74,79.27,16.14,3.21,39.16,6.23,1009.92,earthquake,2
16.62,32.34,67.98,17.77,3.08,9.57,0.12,1005.85,none,0
58.98,21.79,49.75,9.99,3.28,23.86,4.13,1008.11,earthquake,2
21.79,24.63,70.95,15.71,3.71,32.43,8.13,1014.49,earthquake,2
76.46,30.43,97.31,8.17,8.21,68.08,0.13,1004.01,flood,2
31.64,29.04,50.08,3.3,2.23,0.19,0.78,1018.73,none,0
2.62,29.56,59.81,13.75,3.19,43.23,0.0,1018.2,none,0
18.9,29.59,61.97,7.69,3.38,40.27,0.02,1005.63,none,0
17.73,28.53,74.73,10.25,2.58,10.4,0.12,1013.25,none,0
17.99,28.88,77.83,35.95,3.16,38.09,0.37,1009.27,none,0
17.48,33.85,55.16,21.02,2.24,50.94,0.28,1000.46,none,0
22.83,23.84,70.1,24.05,3.82,34.17,0.06,1019.99,none,0
7.55,31.14,56.22,12.62,3.0,36.29,0.15,1005.24,none,0
15.81,32.35,59.93,6.94,4.72,16.16,0.04,1013.29,none,0
0.44,31.24,25.02,2.96,1.24,0.0,0.02,1022.52,drought,1
65.78,31.25,83.81,15.32,9.92,80.81,1.55,1011.41,flood,2
86.51,22.32,90.45,20.15,9.02,81.34,0.73,1010.86,flood,2
170.98,26.3,85.72,12.12,13.69,91.2,0.53,1013.49,flood,3
7.04,27.93,37.8,6.77,3.83,48.85,0.7,1027.65,none,0
12.2,29.81,57.88,14.88,2.77,48.15,0.14,1013.17,none,0
130.26,29.19,78.18,87.42,2.44,38.83,0.26,984.98,cyclone,3
172.61,29.57,97.57,4.58,4.14,93.24,1.38,1013.12,flood,2
74.46,26.61,100.0,4.9,4.31,50.49,0.21,1004.78,flood,1
6.46,23.83,70.49,29.43,2.64,32.62,0.46,1008.14,none,0
61.87,26.87,96.71,145.32,2.7,40.55,0.94,994.48,cyclone,2
7.71,29.09,54.47,10.76,1.37,45.62,0.61,1007.18,none,0
68.07,19.2,74.59,1.65,7.24,74.68,0.56,1009.32,flood,1
201.57,26.9,95.67,81.89,1.97,10.64,0.56,966.09,cyclone,3
9.53,24.7,54.79,6.8,2.61,40.85,0.79,1019.33,none,0
51.87,37.69,59.08,1.86,2.4,23.56,0.18,1021.2,none,0
51.04,28.94,54.02,17.87,2.87,48.45,0.31,1001.41,none,0
124.51,27.39,91.6,10.96,6.76,56.44,0.81,1007.01,flood,2
6.92,21.81,74.22,22.34,2.46,14.68,0.43,1007.59,none,0
135.91,20.1,85.68,5.73,10.59,75.6,0.13,1007.25,flood,2
89.57,19.25,58.83,12.6,6.92,87.54,0.11,1007.64,flood,2
45.65,18.88,71.32,13.47,4.29,40.26,0.02,1004.51,none,0
16.06,19.87,39.46,19.38,4.17,25.31,6.36,1018.51,earthquake,2
178.67,28.57,79.58,19.84,8.55,50.38,0.13,992.29,flood,3
8.08,27.18,62.31,4.41,2.73,41.53,0.09,1017.69,none,0
124.51,34.29,71.24,2.69,8.5,82.13,0.03,1003.77,flood,2
18.28,34.53,17.57,4.61,1.14,35.71,0.26,1028.39,drought,0
5.43,24.23,41.25,8.46,2.1,33.05,0.08,1001.64,none,0
65.75,34.92,80.1,5.53,6.49,96.92,0.3,1012.53,flood,2
24.92,23.29,47.96,1.3,3.88,22.59,0.4,1022.61,none,0
84.77,30.83,100.0,128.27,5.4,39.87,0.56,967.57,cyclone,3
21.05,23.31,55.29,5.44,4.13,29.63,0.66,1007.33,none,0
28.19,13.37,90.22,63.37,3.75,48.44,0.16,994.32,cyclone,1
75.09,28.18,76.97,3.37,9.12,45.93,0.34,1009.18,flood,2
0.0,38.51,37.96,17.53,3.03,0.0,0.18,1009.78,drought,1
80.06,26.97,46.95,19.77,14.45,77.13,0.18,1004.28,flood,2
45.53,28.34,63.6,10.68,3.24,56.09,0.14,1011.6,none,0
64.76,32.58,70.45,38.71,1.89,57.31,6.33,1016.65,earthquake,2
117.89,29.63,72.82,8.49,6.03,70.26,2.15,1010.63,flood,2
1.39,25.84,81.71,6.45,1.85,37.11,0.42,1033.81,none,0
18.55,29.59,80.39,16.12,3.52,57.98,0.01,998.17,none,0
6.15,26.88,63.71,11.95,3.99,41.41,0.29,1019.77,none,0
16.36,30.6,58.14,10.82,2.15,9.26,1.32,1014.59,none,0
50.49,26.1,58.63,0.93,10.07,91.29,0.03,1004.67,flood,2
15.51,26.09,52.56,38.6,1.98,55.29,0.14,1021.76,none,0
14.23,28.21,69.8,20.86,3.75,24.15,0.04,1018.4,none,0
28.05,22.89,62.67,14.92,1.99,41.26,1.07,1030.2,none,0
47.44,16.97,44.55,6.66,0.62,33.57,1.03,1019.94,none,0
6.26,25.37,63.29,3.22,3.1,38.12,5.54,1018.94,earthquake,1
23.0,35.39,49.1,7.08,3.73,31.73,1.64,1026.31,none,0
3.61,29.35,66.31,10.84,2.59,43.13,0.1,1016.46,none,0
38.06,28.65,68.33,1.55,1.47,36.5,9.17,1014.13,earthquake,2
7.9,28.27,43.39,27.35,1.49,18.46,0.01,1023.78,drought,1
24.94,23.7,43.17,0.51,2.61,30.99,4.8,1012.1,earthquake,1
157.59,32.76,68.53,3.82,4.87,77.54,0.92,1013.39,flood,2
2.29,26.84,71.89,3.68,3.46,28.48,4.63,1002.11,earthquake,2
0.0,26.53,57.57,10.43,4.47,28.1,0.05,995.78,drought,1
3.38,30.63,71.44,26.53,2.11,18.31,0.04,1010.9,none,0
106.31,29.01,82.06,51.8,3.26,48.41,0.23,990.9,cyclone,2
193.62,32.7,87.96,18.47,6.36,62.93,0.71,988.93,flood,3
3.91,30.55,64.48,5.59,1.8,33.35,7.65,1011.7,earthquake,2
8.27,22.22,59.47,5.95,3.64,50.62,0.5,989.32,none,0
10.25,29.25,67.86,5.36,3.86,32.04,7.3,1017.18,earthquake,2
202.31,31.47,74.48,10.64,7.47,86.42,0.47,1004.34,flood,2
10.13,20.17,69.88,8.33,2.76,30.12,0.14,1013.31,none,0
78.62,29.28,64.64,48.61,1.98,42.14,0.7,993.16,cyclone,1
90.29,27.41,77.18,6.38,9.73,61.18,0.14,1007.46,flood,2
149.68,31.25,81.98,13.16,2.81,53.7,0.28,1014.82,flood,1
13.85,37.32,70.29,8.7,1.42,10.05,0.21,1019.5,none,0
7.15,20.79,83.27,8.93,2.11,40.89,0.76,1020.04,none,0
103.52,30.66,81.29,28.77,3.92,29.2,0.52,964.89,cyclone,2
26.26,26.36,51.79,6.25,2.89,47.62,0.79,1017.44,none,0
0.0,33.83,27.46,14.38,2.02,37.48,0.26,1023.7,drought,0
49.81,19.95,75.44,23.32,13.19,99.92,0.24,1003.14,flood,2
5.4,29.77,58.92,13.32,3.43,34.96,0.88,1014.12,none,0
24.54,18.83,45.53,5.84,2.46,46.1,0.67,1009.61,none,0
4.01,27.23,29.09,3.87,1.64,0.0,0.15,1010.58,drought,0
12.6,30.09,74.17,9.18,4.63,1.59,0.12,1016.44,none,0
9.45,18.01,56.93,17.94,2.47,43.0,0.6,1017.45,none,0
27.84,30.28,75.51,19.07,2.79,38.63,0.4,1013.93,none,0
11.0,30.11,68.32,64.83,3.33,38.06,0.23,1014.04,none,0
82.11,35.77,75.86,5.17,9.15,72.49,0.3,1005.29,flood,2
36.58,22.3,59.4,14.76,4.87,82.79,0.24,1012.72,flood,1
16.8,36.27,97.06,8.48,2.45,20.97,0.11,1015.0,none,0
87.6,23.67,85.17,61.0,3.78,25.01,0.22,998.54,cyclone,2
0.0,35.39,31.31,7.42,2.56,19.1,0.42,1031.1,drought,0
81.58,23.06,87.27,59.27,3.68,26.69,0.15,984.11,cyclone,2
8.64,26.27,33.71,33.36,2.54,12.0,5.58,1008.3,earthquake,2
99.8,25.82,78.27,143.61,2.09,14.27,1.73,957.68,cyclone,3
19.48,31.48,66.16,25.18,3.52,32.88,0.09,1007.39,none,0
30.08,33.32,99.48,74.18,3.53,42.95,0.39,1001.33,cyclone,1
235.45,21.9,77.73,2.9,6.6,94.94,0.03,996.84,flood,2
49.2,27.82,74.43,79.51,3.59,27.61,0.05,970.97,cyclone,2
8.26,35.0,55.39,10.31,3.22,30.53,0.22,1012.92,none,0
56.6,25.56,100.0,69.47,1.69,31.03,0.19,980.06,cyclone,2
22.44,27.78,82.23,24.63,2.36,40.15,0.19,1020.08,none,0
111.9,24.41,43.99,0.9,11.65,91.94,0.72,1001.61,flood,2
88.0,24.77,68.91,67.02,2.27,41.24,0.04,973.19,cyclone,2
72.8,25.21,88.37,33.19,3.41,48.68,0.7,993.17,cyclone,2
117.0,28.64,63.56,59.19,2.74,55.71,0.06,958.27,cyclone,3
17.46,20.63,46.81,8.22,1.7,34.19,0.61,1000.4,none,0
0.0,35.8,30.32,10.06,2.35,20.16,0.29,1014.51,drought,0
68.1,33.96,69.13,11.68,2.36,40.65,0.42,1018.6,none,0
95.21,37.59,84.56,142.13,2.19,23.49,1.14,965.37,cyclone,3
3.72,28.94,61.81,12.87,3.1,16.48,0.13,1016.38,none,0
0.0,29.75,0.0,11.61,2.87,21.7,0.22,1013.08,drought,0
29.89,25.79,95.42,20.23,2.43,32.96,0.35,1004.99,none,0
40.42,26.57,80.88,43.91,3.55,27.05,0.38,997.95,cyclone,1
11.75,32.36,41.13,9.72,2.88,46.62,6.7,1017.54,earthquake,1
81.38,35.19,83.02,13.81,6.49,83.42,0.69,997.17,flood,2
162.23,21.63,100.0,8.93,11.33,61.14,0.38,989.48,flood,3
1.16,22.13,66.16,6.21,2.44,19.4,0.24,1007.11,none,0
196.99,26.2,96.79,11.99,8.21,66.08,0.09,1013.68,flood,2
6.4,23.21,66.53,10.45,2.73,35.83,0.83,1019.24,none,0
3.88,24.2,46.32,3.52,2.52,52.98,5.98,995.33,earthquake,1
9.44,32.99,69.27,3.12,1.22,66.24,6.91,1022.36,earthquake,1
10.24,31.07,51.15,2.48,0.72,31.71,0.66,1003.86,none,0
7.81,25.16,63.73,6.23,1.12,34.4,0.2,1011.58,none,0
66.59,37.56,82.3,0.77,6.53,50.96,0.64,1022.2,flood,1
30.03,26.82,69.44,10.01,1.68,45.33,0.03,1004.03,none,0
43.14,24.64,79.45,84.39,4.84,34.53,0.2,973.48,cyclone,2
65.01,31.89,71.77,116.9,2.56,63.92,0.32,988.98,cyclone,2
43.33,19.06,53.69,2.1,2.98,35.05,0.03,1010.48,none,0
108.51,26.07,78.2,5.32,4.98,91.81,0.13,1009.38,flood,1
4.01,23.6,50.65,14.52,2.65,49.01,0.15,1016.99,none,0
110.17,31.7,61.65,14.24,5.47,67.15,0.35,1029.33,flood,2
5.21,21.45,63.86,7.12,3.9,44.09,0.38,1017.64,none,0
59.71,25.24,80.42,109.0,4.62,19.46,0.92,975.32,cyclone,3
212.57,27.85,44.19,1.88,6.25,64.37,0.3,1015.36,flood,2
66.19,23.94,63.98,9.2,12.73,43.19,0.27,1011.59,flood,2
8.86,19.56,40.15,8.53,2.7,15.73,0.39,1029.64,none,0
154.91,27.43,65.2,16.35,6.0,71.13,0.19,1004.59,flood,2
28.03,24.44,49.4,5.22,3.07,37.4,0.56,1003.55,none,0
75.19,30.0,54.96,3.65,7.84,68.28,0.07,1002.61,flood,2
5.44,26.91,51.98,32.16,2.1,17.73,0.02,1005.59,none,0
19.99,32.61,24.07,3.28,4.5,20.18,0.84,1014.34,none,0
12.73,25.12,56.61,6.33,3.58,45.39,6.95,1011.51,earthquake,2
19.42,32.27,57.42,52.12,2.34,36.52,0.82,1013.22,none,0
12.12,30.03,89.7,4.15,2.68,20.96,0.11,1006.52,none,0
131.31,34.41,80.84,25.54,6.51,32.09,0.07,1013.01,flood,2
27.63,25.46,100.0,5.16,2.05,44.28,0.7,1004.91,none,0
6.57,28.68,59.37,1.69,3.01,48.25,0.0,1013.52,none,0
36.77,25.19,79.38,12.04,3.41,42.51,4.61,1020.38,earthquake,1
13.43,32.1,9.44,23.63,4.17,0.0,0.5,1013.06,drought,1
11.25,13.15,60.03,11.86,4.09,33.13,5.26,1011.8,earthquake,2
1.36,31.48,62.64,4.46,2.71,29.72,5.24,1012.46,earthquake,1
0.0,29.69,34.09,12.12,3.44,37.03,0.57,1002.58,drought,1
18.33,32.28,52.13,4.51,2.76,50.21,0.1,1001.97,none,0
41.68,34.74,100.0,73.28,2.24,21.07,0.44,986.41,cyclone,2
15.44,21.12,66.6,6.05,0.62,50.63,0.38,1021.85,none,0
99.76,30.81,73.4,6.81,10.18,72.2,0.1,1012.34,flood,2
22.12,34.57,34.77,10.27,2.36,38.66,0.11,1030.22,none,0
53.92,32.07,84.85,52.03,3.66,31.36,0.48,982.51,cyclone,2
14.36,30.26,43.97,39.74,3.2,42.48,0.48,1009.02,none,0
118.71,34.32,78.91,120.53,2.16,26.58,0.14,980.53,cyclone,3
2.21,23.27,72.39,5.96,1.45,14.69,0.22,1024.48,none,0
24.34,30.05,51.3,7.76,2.45,34.21,0.01,1007.34,none,0
4.89,24.53,62.97,5.68,4.63,47.61,0.3,1004.6,none,0
5.74,30.68,40.39,5.11,3.75,26.69,0.26,1007.01,none,0
94.1,30.47,85.82,23.12,8.16,96.16,0.48,1004.08,flood,2
9.56,25.4,58.79,13.76,4.14,42.17,1.65,1007.67,none,0
4.18,23.37,73.03,0.43,4.16,35.06,0.51,1005.78,none,0
16.01,33.52,71.88,17.62,2.53,16.61,0.7,1005.91,none,0
12.93,21.33,82.88,2.85,0.75,33.29,0.52,1007.76,none,0
4.87,25.22,62.26,4.46,2.21,44.58,6.86,1004.61,earthquake,2
53.46,25.86,94.49,58.26,3.02,21.79,0.12,975.09,cyclone,2
8.4,25.24,47.04,9.86,1.64,34.4,0.61,1010.72,none,0
105.73,27.66,79.89,4.19,6.62,87.35,0.48,1007.4,flood,2
15.2,31.5,26.4,11.47,3.48,0.0,0.63,1005.69,drought,1
26.35,33.6,86.75,7.84,4.28,24.66,0.67,1007.99,none,0
34.35,29.95,24.55,3.91,2.82,14.31,0.11,1018.43,none,0
65.36,29.7,77.26,63.67,2.66,35.39,0.04,990.02,cyclone,2
0.0,32.55,59.16,6.88,1.34,26.47,0.38,1020.82,drought,0
4.89,33.35,48.26,5.91,1.76,39.57,0.84,1003.07,none,0
142.17,26.94,69.42,19.06,13.27,67.24,0.24,1008.84,flood,2
35.99,33.15,49.39,2.26,0.97,21.63,7.5,1014.33,earthquake,2
167.26,21.45,100.0,10.16,6.32,78.24,0.58,993.34,flood,3
9.95,29.85,36.95,15.68,2.99,32.3,0.21,1012.83,none,0
6.69,28.6,62.55,18.11,1.62,35.3,0.29,1029.59,none,0
15.42,22.03,35.82,25.16,3.81,45.28,0.2,1009.98,none,0
187.76,23.49,56.34,10.4,7.2,65.68,0.08,997.38,flood,2
38.19,22.32,91.5,186.39,3.02,58.34,0.85,980.95,cyclone,2
94.48,28.29,55.43,93.75,1.4,52.56,0.13,965.48,cyclone,2
14.05,25.26,32.22,17.91,0.69,44.52,0.75,1005.51,none,0
71.49,35.5,90.6,135.25,3.58,24.43,0.16,977.0,cyclone,3
10.45,26.22,75.94,1.15,1.75,39.69,0.24,1001.17,none,0
11.09,30.04,62.42,22.18,4.01,34.55,0.21,1011.12,none,0
6.69,42.91,30.54,5.55,4.19,15.99,0.71,1012.36,drought,1
128.59,34.48,87.34,9.52,11.99,70.81,0.03,1015.18,flood,2
6.41,23.27,75.44,8.01,1.87,30.76,0.16,1019.49,none,0
35.35,31.36,66.33,116.85,3.89,15.33,0.55,996.4,cyclone,2
34.82,26.04,65.72,9.91,1.23,41.27,0.01,1011.0,none,0
12.79,32.96,73.01,26.5,2.32,31.01,7.91,1002.43,earthquake,2
167.11,24.6,69.93,10.38,6.07,56.48,0.31,1006.22,flood,2
31.05,18.33,73.9,10.55,0.0,23.44,6.21,1003.79,earthquake,1
55.94,26.42,58.61,16.13,2.0,30.07,4.97,1010.74,earthquake,2
30.76,18.81,84.96,8.84,1.4,48.53,0.26,1023.79,none,0
25.65,28.58,73.16,3.81,4.07,80.23,0.01,1013.39,flood,0
5.73,32.05,67.7,14.55,3.49,22.19,0.12,1003.99,none,0
60.59,22.16,77.83,74.29,4.3,21.56,0.35,983.21,cyclone,2
68.26,27.54,49.22,146.09,2.22,43.41,1.04,988.72,cyclone,2
14.05,38.96,52.33,3.2,3.35,45.46,0.3,1006.36,none,0
9.48,37.33,34.61,12.83,3.22,28.36,0.42,1021.23,none,0
22.83,26.78,74.28,5.15,5.18,21.97,0.15,997.82,none,0
1.53,30.88,48.2,4.05,4.08,31.75,0.08,999.83,drought,1
50.71,32.79,86.82,2.28,10.03,98.84,2.41,1002.15,flood,2
92.93,36.64,69.01,124.42,2.97,17.15,0.03,957.32,cyclone,3
121.06,25.05,70.86,14.04,6.51,58.51,0.46,1013.41,flood,2
2.56,31.62,65.37,17.25,2.08,44.32,0.01,1012.06,none,0
6.99,29.83,60.03,27.17,2.54,26.81,0.18,1022.46,none,0
173.1,27.01,73.59,5.03,8.49,33.84,1.68,1021.33,flood,3
0.0,24.21,14.58,19.29,3.1,30.56,0.15,1018.76,drought,0
46.46,32.88,55.47,3.04,2.08,50.72,0.62,1014.88,none,0
69.11,19.43,84.74,13.12,9.29,66.52,0.38,1015.92,flood,2
127.64,22.87,48.04,62.65,4.02,21.33,0.06,999.17,cyclone,2
21.01,29.91,87.79,12.51,2.37,47.22,0.1,1010.52,none,0
18.7,20.35,58.34,42.09,3.63,21.15,0.22,1001.69,none,0
31.18,27.64,66.17,1.98,3.35,48.68,0.97,1006.46,none,0
156.73,29.68,51.7,7.74,5.88,42.26,0.12,1009.6,flood,2
2.04,30.48,33.33,17.6,2.1,4.8,0.29,1008.31,drought,1
159.02,31.56,84.71,38.11,5.05,80.67,0.48,994.1,flood,2
8.15,27.28,48.15,12.19,0.41,43.02,0.02,1014.6,none,0
90.84,31.3,59.8,11.36,5.02,66.85,0.27,998.77,flood,1
11.21,26.18,62.29,7.79,1.96,46.69,0.22,1014.26,none,0
19.32,26.36,46.48,8.16,3.39,44.46,0.07,1011.73,none,0
107.29,30.26,66.33,6.98,8.13,33.76,0.16,1011.56,flood,2
43.71,24.95,55.57,35.29,3.59,32.14,0.6,1022.05,none,0
9.36,27.5,61.21,4.92,3.21,38.99,0.07,1005.08,none,0
14.77,37.05,54.6,10.93,3.78,6.11,0.52,1014.47,drought,1
34.92,36.16,14.36,6.43,2.48,24.75,0.03,1026.82,drought,1
22.03,22.06,41.72,9.61,3.28,33.43,0.03,996.1,none,0
11.08,22.43,45.9,20.16,3.63,44.23,8.69,1019.42,earthquake,2
25.85,28.32,32.47,25.25,2.52,18.59,1.29,1010.85,none,0
8.69,15.58,44.61,2.83,2.86,35.21,0.43,1014.22,none,0
93.86,29.22,50.86,51.28,4.05,32.14,0.09,968.84,cyclone,2
73.89,26.3,79.25,44.53,2.47,35.38,2.22,983.57,cyclone,2
43.99,28.62,100.0,66.82,3.94,21.38,0.05,965.14,cyclone,2
40.05,30.6,89.45,41.43,2.11,35.41,1.01,989.6,cyclone,1
25.96,32.38,60.61,19.06,4.59,40.65,7.76,1017.95,earthquake,2
157.93,25.25,88.29,12.05,1.1,91.1,0.03,1019.15,flood,1
26.33,29.21,64.33,18.43,3.74,25.16,7.08,1011.11,earthquake,2
83.07,27.48,36.12,1.64,4.19,70.41,0.07,1007.0,flood,1
30.17,28.87,67.11,86.66,0.16,38.73,0.3,979.1,cyclone,1
11.79,45.42,11.48,1.68,3.66,0.0,0.36,1011.56,drought,1
17.59,27.72,44.13,35.76,3.79,51.52,0.41,1013.25,none,0
7.29,40.07,18.31,1.68,2.27,18.54,0.42,1002.0,drought,1
0.0,42.17,43.19,24.13,4.23,16.74,0.06,1014.78,drought,1
48.0,25.78,67.77,16.75,6.92,38.54,0.7,1004.78,flood,2
1.56,28.68,55.17,36.63,2.62,32.33,8.48,1008.11,earthquake,2
36.6,14.96,32.03,20.72,3.55,31.33,0.44,1019.03,none,0
98.15,29.64,94.4,84.52,4.4,26.96,0.16,991.55,cyclone,3
18.39,31.33,79.07,14.62,4.66,44.13,0.33,1023.13,none,0
14.47,35.74,60.37,30.3,4.4,37.38,0.24,1028.38,none,0
0.0,38.94,41.27,4.15,2.7,7.32,0.1,1017.05,drought,0
15.38,21.34,48.59,5.3,4.33,40.2,5.53,1013.7,earthquake,1
22.88,25.27,74.73,14.09,4.44,18.67,7.92,1008.94,earthquake,2
213.37,26.93,100.0,1.71,10.58,58.41,0.5,1017.01,flood,2
110.87,31.99,65.19,13.8,8.56,67.28,1.06,1007.11,flood,2
64.33,27.39,67.74,89.36,3.52,22.2,0.13,1003.01,cyclone,2
43.45,35.52,79.95,2.98,11.27,54.29,0.17,1007.6,flood,1
3.78,34.21,40.57,9.85,3.22,4.44,0.28,1028.04,drought,1
7.56,26.9,64.83,9.69,4.95,32.59,4.02,1019.64,earthquake,2
17.24,17.49,45.93,11.7,1.41,35.79,7.69,1011.03,earthquake,2
108.92,30.66,70.53,10.49,5.46,77.18,0.07,1012.52,flood,1
21.65,27.75,84.04,10.75,1.45,21.4,0.92,1009.59,none,0
154.69,26.32,82.48,75.84,2.65,45.93,0.21,1000.21,cyclone,2
30.85,32.45,63.57,18.51,2.06,35.86,0.7,1021.93,none,0
36.41,19.53,55.84,22.42,1.53,14.35,0.4,1001.42,none,0
6.85,28.03,48.69,9.96,3.61,46.21,4.68,1004.6,earthquake,1
10.58,20.53,67.41,20.49,2.83,30.18,0.87,1020.2,none,0
11.71,33.89,68.16,10.86,1.4,40.1,0.09,1009.51,none,0
2.51,26.67,55.49,17.11,2.73,71.61,0.61,1032.56,none,0
17.11,24.08,100.0,29.49,1.55,41.4,0.66,978.67,cyclone,1
234.24,22.7,76.88,7.5,8.07,46.19,0.14,1015.92,flood,2
129.01,33.99,81.24,11.06,9.23,53.83,0.99,997.1,flood,3
20.22,22.32,87.57,12.81,3.42,38.07,0.79,1010.66,none,0
126.74,33.76,44.29,17.73,7.36,38.69,0.05,995.25,flood,2
2.91,14.6,65.44,13.97,1.77,30.1,0.32,1015.77,none,0
16.23,22.07,62.34,18.93,3.41,54.71,0.28,1006.26,none,0
3.32,29.32,77.57,2.17,2.93,35.45,0.95,1012.75,none,0
38.99,31.45,22.29,6.49,3.87,17.66,0.05,1007.73,drought,1
0.0,26.08,65.43,8.47,3.62,39.31,1.63,1013.85,drought,1
8.49,19.68,48.02,3.23,2.94,49.46,0.47,1004.98,none,0
13.73,26.95,67.5,10.88,2.4,17.49,6.74,1004.79,earthquake,2
60.5,27.3,88.36,13.02,3.69,74.4,0.33,1013.27,flood,1
313.03,32.5,60.95,0.5,4.7,76.19,0.24,997.88,flood,2
0.0,25.37,53.7,7.91,2.86,4.38,0.88,1004.23,drought,1
24.01,27.24,87.53,125.33,4.17,36.13,0.27,997.36,cyclone,2
62.75,27.81,90.9,133.7,1.9,35.05,0.93,993.09,cyclone,2
3.05,28.89,67.6,4.23,2.47,17.87,6.87,1018.32,earthquake,2
130.85,31.0,68.92,9.78,4.83,54.52,0.91,999.96,flood,2
29.36,24.0,39.79,2.21,3.79,24.32,0.38,1011.61,none,0
16.11,24.48,60.48,6.58,2.29,22.52,0.56,1013.45,none,0
20.39,25.91,61.09,5.83,3.42,40.28,0.23,1015.27,none,0
7.39,14.13,60.03,28.75,3.82,41.53,0.2,1017.16,none,0
7.28,31.89,51.88,9.68,3.02,47.56,0.94,1010.14,none,0
5.47,35.19,33.13,15.22,1.79,29.34,0.13,1028.21,none,0
3.23,29.72,78.66,3.84,2.27,42.48,0.23,1028.2,none,0
97.66,21.23,100.0,98.21,3.7,59.62,0.07,978.09,cyclone,3
2.92,36.99,27.75,14.58,3.38,13.94,0.4,1027.16,drought,0
22.69,34.2,87.87,6.09,2.64,29.97,0.47,1004.72,none,0
108.68,26.19,100.0,8.22,8.58,39.76,0.09,1005.22,flood,2
33.24,36.96,54.57,4.01,1.92,39.0,0.19,1007.94,none,0
6.09,36.02,87.98,16.32,2.33,44.07,0.17,1016.3,none,0
53.41,29.24,64.71,4.15,4.53,61.43,0.48,997.8,none,0
11.05,24.58,57.99,20.13,1.73,28.86,7.76,1027.71,earthquake,1
10.61,32.18,75.2,12.24,2.37,35.53,0.15,1012.95,none,0
6.94,34.83,72.68,9.97,2.9,47.93,8.55,1023.23,earthquake,2
19.11,17.96,59.5,9.41,4.73,45.52,0.31,1025.27,none,0
2.63,29.34,74.95,1.6,4.1,53.02,0.48,1022.19,none,0
14.89,20.89,70.83,3.1,2.56,39.44,0.12,1008.97,none,0
43.54,19.49,62.26,30.76,4.34,23.04,0.1,985.72,cyclone,1
16.2,16.9,40.78,20.19,2.99,19.17,4.45,996.86,earthquake,2
9.09,25.84,40.66,9.25,2.58,47.0,0.2,999.36,none,0
12.26,21.37,45.26,6.67,4.1,38.17,5.04,1021.76,earthquake,1
0.0,35.43,1.09,16.02,4.4,23.31,0.56,1016.91,drought,1
33.81,31.83,57.04,19.76,3.73,33.86,0.22,1011.77,none,0
3.13,18.61,83.45,27.27,2.99,54.98,0.26,1008.74,none,0
11.4,27.73,55.58,6.89,2.42,35.5,0.1,1004.51,none,0
17.58,23.41,66.67,14.58,1.66,36.02,0.31,1021.04,none,0
10.8,20.78,49.76,9.59,3.09,18.5,0.81,1019.2,none,0
58.01,32.53,59.82,60.04,3.16,29.03,0.56,992.48,cyclone,2
18.0,19.82,36.24,20.79,5.42,17.17,0.18,1004.81,none,0
67.69,27.17,89.77,21.53,6.51,59.75,0.1,1015.15,flood,1
12.45,17.99,72.06,11.19,3.97,27.33,7.84,1006.73,earthquake,2
126.84,24.03,81.5,9.97,3.32,70.72,0.24,1005.07,flood,2
34.98,26.46,70.21,6.52,2.66,36.42,1.79,1008.39,none,0
0.92,27.66,54.35,20.15,2.68,14.81,0.03,1012.74,none,0
34.06,27.23,44.39,11.47,3.24,43.73,0.27,1014.03,none,0
28.78,25.96,78.55,6.71,2.59,51.7,0.64,1013.82,none,0
113.49,27.27,92.37,23.61,5.7,79.43,0.53,997.33,flood,2
4.72,21.06,69.11,8.48,4.43,14.18,0.17,1003.32,none,0
174.61,23.37,52.6,3.44,5.82,62.04,0.51,1006.94,flood,2
76.3,33.67,99.8,87.66,1.22,44.14,0.74,983.35,cyclone,2
27.4,28.37,66.57,14.11,3.42,30.71,0.33,1001.33,none,0
214.21,17.69,70.94,17.09,6.94,100.0,0.4,1017.18,flood,2
10.23,26.44,58.73,14.25,2.2,43.67,0.73,1015.86,none,0
25.87,24.45,58.88,11.59,1.74,34.8,0.76,1009.65,none,0
10.22,25.89,43.27,4.27,2.67,42.43,0.14,1019.97,none,0
14.04,21.99,49.97,16.05,1.42,31.16,0.38,1029.5,none,0
9.14,31.21,81.96,19.9,2.05,26.65,8.38,1007.57,earthquake,2
71.58,23.62,75.96,2.27,8.98,82.9,0.16,1003.06,flood,2
9.42,29.98,59.28,0.49,2.0,33.33,8.62,1016.47,earthquake,2
12.56,25.88,59.7,12.9,4.13,28.44,0.17,1032.57,none,0
4.08,26.47,68.0,15.92,3.8,23.01,0.39,1013.11,none,0
5.71,28.6,67.47,9.03,2.28,41.04,0.57,1010.08,none,0
2.93,22.21,62.09,16.59,1.84,58.48,6.9,1008.75,earthquake,1
85.89,32.13,70.58,3.81,5.13,71.69,0.47,1006.95,flood,2
5.11,28.49,55.61,4.0,2.91,45.1,0.28,997.76,none,0
13.63,24.47,68.49,5.27,2.76,40.72,0.31,1001.28,none,0
148.43,25.99,83.67,7.53,8.17,85.66,0.53,1013.54,flood,2
26.55,36.68,47.25,5.66,1.98,22.97,0.28,1020.0,none,0
33.03,33.15,39.58,6.27,3.22,52.15,0.03,1008.7,none,0
5.2,25.77,81.71,4.0,4.27,28.85,0.07,1017.61,none,0
7.48,25.13,60.43,11.42,4.93,26.15,0.25,1001.12,none,0
10.47,27.51,49.02,22.31,3.78,26.84,0.33,1012.09,none,0
0.0,27.45,29.12,11.27,2.04,31.48,1.11,1031.32,drought,0
23.22,28.96,48.45,7.69,1.8,61.02,0.07,1009.27,none,0
131.7,25.36,59.58,8.38,7.1,56.22,0.94,1013.23,flood,2
127.44,17.79,80.28,7.99,8.4,80.68,1.65,1020.9,flood,2
15.61,27.03,42.09,10.43,2.65,39.65,7.89,1010.68,earthquake,2
0.0,31.68,38.01,4.97,3.11,0.0,0.11,1022.55,drought,1
10.64,37.6,63.08,55.46,3.05,38.5,4.3,1015.0,earthquake,1
32.16,19.91,62.56,20.25,2.31,46.79,0.27,1016.11,none,0
10.48,23.11,68.05,8.49,4.11,31.03,0.24,995.51,none,0
5.09,29.1,28.34,5.1,3.09,18.28,0.18,1010.75,drought,0
102.09,32.53,68.72,6.44,8.26,44.88,0.63,995.43,flood,2
30.33,27.61,62.46,18.13,2.12,32.19,0.69,1012.64,none,0
42.75,31.7,85.83,104.42,2.42,23.41,0.02,985.36,cyclone,2
7.74,25.4,31.27,7.3,3.09,19.68,0.23,1008.22,drought,0
27.55,30.93,65.98,11.18,4.19,36.36,0.04,1003.31,none,0
136.45,26.28,67.23,20.56,2.95,51.65,0.11,981.71,cyclone,2
124.0,22.89,45.12,11.37,7.02,70.86,0.07,1015.83,flood,2
52.93,25.14,71.79,72.76,3.16,40.56,0.11,979.92,cyclone,2
12.99,20.43,24.13,6.07,0.0,55.96,6.92,1010.72,earthquake,1
38.07,27.19,100.0,50.96,3.34,40.87,0.04,992.73,cyclone,2
13.29,29.32,61.44,7.29,2.79,54.07,0.09,1015.06,none,0
0.0,33.61,60.34,0.98,3.66,0.0,0.43,1009.26,drought,1
14.13,31.88,81.54,6.09,2.57,42.14,0.46,1006.65,none,0
120.05,26.19,40.75,11.71,6.62,74.35,1.24,1014.42,flood,2
7.15,35.46,57.68,19.09,2.77,46.83,0.04,1000.73,none,0
55.96,36.37,82.68,125.36,2.06,63.15,0.58,984.9,cyclone,2
160.19,19.7,85.3,7.17,6.11,88.26,0.28,1008.16,flood,2
132.88,26.64,76.17,9.64,8.27,41.1,0.35,1000.86,flood,2
19.97,26.64,87.07,169.68,1.71,44.01,0.37,970.13,cyclone,2
72.35,17.7,67.03,20.59,7.73,85.27,0.34,1003.7,flood,2
1.58,38.58,69.16,15.52,1.91,31.83,0.36,1028.32,none,0
66.25,20.41,46.76,106.69,1.69,9.86,0.07,974.91,cyclone,2
20.64,21.31,59.57,6.47,4.43,39.31,7.44,1014.76,earthquake,2
23.09,25.83,67.4,43.72,3.16,16.78,0.03,981.87,cyclone,1
27.95,33.4,98.42,6.55,2.65,11.3,0.07,997.05,none,0
166.02,18.07,95.03,27.76,2.02,48.79,0.06,971.11,cyclone,2
5.5,26.72,43.2,19.34,1.02,21.38,7.42,1014.76,earthquake,2
9.08,31.89,56.8,12.44,1.84,61.37,0.01,1015.36,none,0
107.92,27.57,73.5,67.94,3.09,46.78,0.31,996.05,cyclone,2
7.81,23.06,51.73,23.88,2.08,47.23,0.07,999.09,none,0
311.88,27.67,100.0,28.11,9.65,75.05,0.35,1013.49,flood,3
21.96,24.54,49.19,8.74,3.16,24.0,5.17,1017.38,earthquake,2
41.3,37.31,75.68,87.95,3.24,76.72,0.11,980.99,cyclone,2
102.72,36.13,73.98,40.97,4.46,29.12,0.01,976.35,cyclone,2
10.26,26.12,45.87,1.71,3.53,35.03,4.87,1005.81,earthquake,1
135.16,33.59,98.46,200.22,4.05,31.43,0.55,984.95,cyclone,3
9.43,35.57,53.86,0.32,3.5,8.21,0.48,1016.59,none,0
7.98,28.77,71.83,0.88,3.49,37.03,0.39,1024.36,none,0
12.49,33.41,47.77,3.89,1.88,11.66,5.56,1016.34,earthquake,1
15.01,23.36,65.02,3.3,2.8,38.87,0.35,1011.95,none,0
90.19,35.35,71.15,19.53,4.38,56.21,0.08,1001.01,flood,1
9.24,21.42,47.57,35.6,0.89,39.11,0.2,1014.95,none,0
12.33,32.74,26.73,2.85,1.31,29.25,7.95,1020.8,earthquake,2
5.15,33.05,41.82,28.53,2.25,40.67,0.21,1012.43,none,0
7.88,35.47,39.94,6.85,3.53,45.73,0.41,1015.57,none,0
38.24,28.43,81.89,91.44,4.37,19.1,0.6,985.77,cyclone,2
116.11,33.14,72.54,18.64,3.53,74.2,0.07,1000.56,flood,1
2.41,29.05,53.89,5.03,2.82,33.0,0.18,1009.74,none,0
14.18,26.58,75.81,24.39,2.46,34.57,4.56,1009.24,earthquake,1
170.92,22.65,99.47,7.34,6.92,83.26,0.16,997.72,flood,2
13.04,25.5,88.91,17.07,4.63,39.67,0.24,1016.92,none,0
70.32,32.08,86.23,17.97,9.69,78.15,0.18,1013.58,flood,2
149.69,23.27,69.69,24.99,4.37,50.54,0.28,1005.61,flood,2
34.23,27.54,48.94,8.15,2.95,22.85,0.61,1006.97,none,0
5.85,32.08,41.02,16.66,2.48,15.94,0.62,1014.35,drought,1
10.49,21.61,73.05,6.2,3.47,31.71,0.67,1010.04,none,0
48.75,37.91,98.72,5.88,7.31,36.23,0.48,1008.9,flood,1
24.99,15.85,18.58,9.44,3.02,44.72,0.39,1024.09,none,0
55.14,19.14,100.0,56.82,2.46,18.92,0.82,987.17,cyclone,2
5.75,32.17,87.53,10.5,4.68,27.48,0.61,1009.58,none,0
117.56,30.31,80.77,18.48,9.46,74.83,0.45,998.22,flood,2
14.17,21.9,42.17,5.28,3.38,33.12,0.29,1004.93,none,0
7.0,33.84,42.36,21.42,3.18,53.32,0.2,1016.22,none,0
18.66,29.33,49.95,5.82,2.64,47.16,0.17,1018.22,none,0
110.44,27.01,83.64,70.05,2.18,40.55,0.52,983.07,cyclone,2
19.26,28.97,67.14,6.02,2.28,30.84,0.05,1017.08,none,0
37.52,25.28,52.0,12.66,2.8,30.28,0.47,1013.55,none,0
8.01,26.98,51.38,5.33,2.61,57.12,6.9,1006.43,earthquake,1
139.37,27.15,83.36,8.33,6.33,71.23,0.32,1021.72,flood,2
19.93,26.13,61.64,21.3,2.75,19.24,0.38,1026.25,none,0
17.01,20.44,40.17,10.04,2.42,33.72,0.55,1008.62,none,0
166.64,28.4,96.52,52.15,8.05,50.15,0.37,1007.62,flood,3
0.0,29.75,26.11,31.07,3.23,14.3,1.11,995.75,drought,1
13.29,32.62,48.98,12.57,3.06,46.44,7.99,1023.53,earthquake,2
8.54,20.52,74.92,26.9,3.07,16.11,0.08,1015.08,none,0
40.13,21.48,61.92,9.39,2.66,38.77,0.17,1002.45,none,0
76.31,24.65,77.37,62.74,3.46,47.75,0.43,979.13,cyclone,2
25.99,31.18,75.31,7.38,2.74,42.63,0.25,1008.79,none,0
84.35,24.36,83.84,82.56,2.31,28.13,0.57,991.68,cyclone,2
26.52,21.89,57.96,6.51,3.12,12.46,0.02,1018.84,none,0
35.82,31.23,48.96,27.02,4.58,51.3,0.01,1016.25,none,0
116.39,18.91,76.59,159.35,3.73,16.79,0.98,978.55,cyclone,3
58.79,19.26,50.73,129.44,3.65,32.18,0.15,974.99,cyclone,3
2.4,20.97,51.35,1.34,1.31,20.6,2.2,1011.97,none,0
12.28,28.9,45.82,5.67,4.23,44.89,0.61,1016.72,none,0
83.96,28.2,54.5,60.64,3.62,32.45,0.0,959.05,cyclone,2
45.33,27.81,61.53,11.98,3.07,19.14,4.27,1018.21,earthquake,2
24.46,29.01,66.37,0.62,4.59,31.97,0.8,1023.48,none,0
62.63,25.57,100.0,193.85,3.1,26.93,0.2,978.98,cyclone,3
15.91,23.25,38.04,10.47,3.59,34.44,0.23,1006.05,none,0
7.46,17.56,77.06,18.82,2.88,44.67,0.55,1012.44,none,0
125.84,24.97,66.71,8.41,8.29,47.01,1.61,1006.16,flood,2
12.94,34.13,64.48,16.48,4.68,33.13,0.05,1008.34,none,0
46.38,28.01,68.88,2.56,2.0,46.61,0.05,1005.62,none,0
84.45,34.3,90.03,19.12,10.77,77.3,0.02,1003.81,flood,2
56.19,35.11,48.68,8.31,8.04,66.8,0.01,1006.52,flood,2
8.77,30.29,47.86,9.02,2.23,17.47,0.76,1023.17,drought,0
64.38,29.12,87.91,21.03,5.28,54.05,0.68,972.2,cyclone,2
12.23,35.37,71.22,5.06,1.61,27.04,0.55,1015.81,none,0
11.87,38.12,8.69,5.67,3.55,2.58,0.12,997.6,drought,1
16.6,27.67,79.73,7.37,4.35,33.11,0.6,1010.0,none,0
114.35,19.5,82.31,46.29,3.12,53.87,0.22,978.67,cyclone,2
2.13,30.29,62.15,5.24,3.12,33.71,0.6,1006.84,none,0
129.22,27.6,89.28,15.62,5.59,80.46,0.5,1007.68,flood,2
72.59,27.69,84.13,143.95,3.09,21.86,0.12,992.88,cyclone,3
10.49,21.69,41.04,28.67,3.68,31.27,0.0,1007.37,none,0
15.46,30.31,44.27,8.92,3.75,40.54,0.01,1021.11,none,0
8.66,29.76,59.98,2.88,3.13,17.38,0.19,1015.99,none,0
23.27,20.65,41.83,15.46,2.69,40.49,0.02,1013.88,none,0
39.54,34.95,51.91,5.59,4.07,35.0,0.53,1015.91,none,0
14.71,26.93,19.73,4.56,1.48,17.21,0.16,1016.61,none,0
10.81,19.19,77.76,8.65,3.37,16.28,0.04,1021.4,none,0
48.4,22.89,78.03,56.91,4.07,61.26,0.28,999.27,cyclone,2
180.85,25.43,59.32,8.91,14.14,98.91,0.18,985.76,flood,3
11.27,20.1,33.92,17.9,2.74,22.85,3.96,1018.09,earthquake,1
29.52,32.02,44.97,15.17,2.21,59.64,7.31,1008.27,earthquake,2
9.21,22.98,78.77,5.16,1.81,19.62,0.09,1015.07,none,0
10.18,23.87,43.56,13.18,3.14,47.18,1.43,1015.5,none,0
19.12,45.6,36.14,6.38,5.11,27.79,0.41,1008.5,none,0
7.2,30.13,88.6,3.06,2.89,35.01,0.11,1011.61,none,0
12.15,23.41,40.18,37.79,2.81,60.53,0.19,1017.82,none,0
4.71,36.77,61.4,0.82,3.48,45.81,1.12,1025.2,none,0
0.0,34.25,16.73,4.4,2.35,11.34,0.44,1015.3,drought,0
103.78,29.71,62.15,9.62,5.51,74.34,1.17,1005.64,flood,2
6.49,26.71,48.04,10.98,0.99,42.5,0.11,1012.24,none,0
106.16,33.2,100.0,6.98,8.35,82.59,0.35,1004.08,flood,2
40.45,30.3,69.79,87.35,2.47,46.47,0.23,995.88,cyclone,2
31.04,29.41,95.83,59.2,1.89,19.53,0.01,965.8,cyclone,2
16.32,36.05,47.49,6.97,3.89,2.56,0.96,1011.85,drought,1
15.28,24.3,63.62,6.1,4.18,31.34,8.5,1011.03,earthquake,2
24.87,24.42,75.31,28.8,2.6,23.38,8.11,1009.59,earthquake,2
200.84,27.05,68.77,16.11,7.76,69.54,0.12,1011.84,flood,2
26.94,20.93,48.67,4.64,3.43,30.54,0.22,1003.99,none,0
14.89,22.08,66.32,20.63,2.67,41.16,0.12,1002.02,none,0
11.65,34.83,56.87,1.72,4.75,32.99,0.61,1010.56,none,0
0.0,32.55,37.14,6.13,3.04,7.94,0.01,1016.74,drought,0
2.31,26.87,77.51,33.95,3.54,33.87,5.86,1015.19,earthquake,2
6.28,18.36,61.4,24.42,2.02,17.9,0.9,1020.42,none,0
1.68,23.55,50.52,28.47,1.33,37.78,0.48,1008.85,none,0
5.59,27.25,62.51,14.23,3.35,46.4,0.51,1012.18,none,0
0.0,32.34,21.58,9.43,4.78,27.97,0.3,1020.36,drought,0
2.15,24.12,54.02,2.65,3.59,55.28,0.48,1014.25,none,0
9.39,30.19,100.0,22.04,3.48,40.7,0.47,1019.05,none,0
18.95,26.27,64.65,19.44,2.55,26.49,0.07,1025.28,none,0
0.0,27.3,37.14,6.51,2.89,8.94,0.52,1015.97,drought,1
3.09,31.07,35.03,12.31,2.81,26.91,0.1,1009.1,none,0
18.17,30.06,66.22,6.37,3.96,25.24,0.35,1013.25,none,0
105.36,27.65,94.7,1.83,6.44,76.82,0.3,989.58,flood,2
212.12,34.94,79.36,17.79,5.17,62.23,0.6,1007.35,flood,2
147.04,37.47,80.43,13.86,6.44,77.63,0.06,998.0,flood,2
18.81,20.96,70.09,14.88,2.81,19.21,0.09,1011.16,none,0
24.78,24.5,62.67,58.5,2.94,16.97,0.02,966.96,cyclone,2
101.37,23.27,70.24,17.41,9.39,68.15,0.1,1014.36,flood,2
12.38,28.26,59.73,4.71,2.95,18.71,0.18,1010.89,none,0
20.84,31.35,56.71,30.66,1.39,45.0,0.36,1022.61,none,0
11.48,24.37,67.38,16.23,3.78,0.0,4.38,1008.4,earthquake,2
15.54,19.66,83.0,5.78,5.14,27.56,0.2,1014.86,none,0
72.5,27.67,69.5,13.75,10.78,76.91,2.48,1003.88,flood,2
78.42,29.37,78.08,3.73,6.29,71.91,0.78,1016.95,flood,1
17.87,27.87,54.54,9.11,4.38,58.23,0.18,1019.29,none,0
1.16,26.95,52.21,10.37,5.96,28.63,0.02,1023.34,none,0
9.4,16.13,58.88,10.26,4.8,43.54,6.62,1012.86,earthquake,2
23.49,19.3,76.4,13.22,3.31,40.83,3.78,1009.21,earthquake,1
16.1,27.47,51.47,7.35,3.27,11.95,7.68,1010.57,earthquake,2
48.58,18.25,67.3,50.45,4.17,41.04,0.1,977.57,cyclone,2
3.04,17.75,59.33,7.8,2.8,46.85,0.34,1010.42,none,0
34.3,19.52,61.95,2.34,2.66,46.08,0.03,1021.83,none,0
5.24,36.97,56.26,11.3,3.25,26.02,0.02,1009.57,none,0
34.08,35.0,78.19,174.35,4.8,24.73,0.5,991.31,cyclone,3
3.95,35.56,52.34,6.67,4.37,18.44,0.25,1010.43,none,0
58.19,23.66,67.07,3.66,9.2,72.79,0.36,1002.35,flood,2
3.58,27.34,68.54,0.75,3.95,27.32,6.97,1002.47,earthquake,2
55.71,27.46,76.19,4.63,5.08,40.3,0.45,997.99,flood,1
47.83,17.17,60.98,1.9,17.13,59.98,1.02,1000.44,flood,2
38.95,27.64,58.67,20.21,4.06,44.58,0.34,1023.14,none,0
51.73,31.76,97.59,50.41,2.99,37.67,0.47,988.97,cyclone,2
99.0,22.51,100.0,70.87,3.75,52.5,0.19,989.21,cyclone,2
49.78,29.08,87.11,94.39,3.79,18.34,0.06,981.36,cyclone,2
13.51,26.98,40.72,7.02,4.42,43.3,4.32,1001.76,earthquake,2
6.9,37.09,49.93,14.97,1.07,34.81,0.51,1018.42,none,0
10.08,23.44,39.85,24.92,3.28,61.78,0.09,1018.55,none,0
4.21,24.23,42.41,16.81,1.75,20.72,0.46,999.63,none,0
21.48,28.37,41.23,11.09,1.96,42.48,4.2,1003.51,earthquake,1
22.74,27.29,59.82,24.83,3.77,28.9,0.94,1017.06,none,0
39.29,26.68,75.86,87.96,2.58,46.49,0.13,985.2,cyclone,2
36.11,18.19,63.98,9.16,2.6,28.48,1.28,1013.78,none,0
90.32,22.03,76.42,146.25,1.81,34.64,0.45,979.43,cyclone,3
82.1,26.27,71.78,2.57,10.08,77.27,0.45,1017.77,flood,2
0.83,24.33,67.03,27.86,1.33,31.68,0.53,1012.8,none,0
13.82,30.35,57.28,15.77,4.06,35.27,0.42,1009.67,none,0
18.04,27.12,47.03,9.51,2.51,21.71,0.33,1002.85,none,0
29.89,23.67,72.79,16.5,2.51,35.99,0.99,1017.2,none,0
3.39,28.1,70.63,2.86,3.41,47.33,0.07,1012.19,none,0
60.92,16.47,100.0,87.38,3.7,45.23,0.49,988.04,cyclone,2
6.33,30.36,67.28,17.95,4.01,35.17,0.04,1004.21,none,0
110.6,18.77,70.91,79.1,2.97,34.27,0.09,995.22,cyclone,2
28.17,31.27,60.62,25.12,3.91,27.9,0.7,1014.18,none,0
4.44,29.98,67.95,8.8,2.46,64.12,0.0,1008.28,none,0
6.83,20.9,49.95,9.59,2.58,32.5,9.05,1017.89,earthquake,2
15.76,23.62,38.57,11.24,3.89,38.21,8.16,1021.6,earthquake,2
7.29,28.51,58.15,10.0,3.51,40.2,5.64,1026.99,earthquake,1
18.8,31.84,47.86,5.55,3.11,42.65,0.26,1000.58,none,0
56.68,15.8,77.26,15.21,4.28,74.29,0.01,1004.14,flood,1
26.92,31.07,65.77,2.67,1.58,25.17,7.36,1004.82,earthquake,2
7.52,21.15,53.61,22.42,2.83,38.5,0.61,1014.94,none,0
36.17,37.82,41.03,13.82,1.41,11.41,0.45,1001.28,drought,1
13.39,26.76,53.03,49.85,2.54,49.2,0.18,1013.46,none,0
4.29,28.85,57.12,18.45,1.9,44.31,3.55,1019.85,earthquake,1
78.52,25.64,56.54,89.48,0.71,40.63,2.25,973.39,cyclone,2
88.51,33.56,74.65,235.78,2.57,31.42,0.17,967.07,cyclone,3
1.33,33.15,32.24,4.17,0.47,11.98,0.43,1021.68,drought,0
2.86,27.02,62.61,1.8,3.16,51.9,0.21,1016.92,none,0
6.17,24.63,75.72,5.22,3.21,35.06,0.0,1015.03,none,0
81.96,29.98,100.0,44.85,2.88,47.49,0.36,975.84,cyclone,2
100.64,34.1,85.29,167.8,2.73,36.51,0.86,983.64,cyclone,3
0.0,36.74,48.39,10.1,0.93,19.08,0.1,1008.6,drought,0
18.72,29.51,58.27,7.59,2.81,35.57,0.67,1014.11,none,0
93.81,29.2,65.82,20.95,5.12,76.88,0.24,1016.73,flood,2
74.33,29.69,70.75,11.99,10.76,60.99,0.16,998.4,flood,2
6.91,23.69,61.05,8.96,5.03,41.9,0.2,1015.7,none,0
17.27,24.25,32.95,7.41,3.63,42.39,0.19,1017.41,none,0
16.73,25.54,22.17,4.93,2.37,20.31,0.03,1019.23,none,0
24.54,37.97,96.86,129.44,2.58,22.96,0.95,960.14,cyclone,3
11.33,22.6,42.17,17.53,3.26,30.63,0.44,1023.67,none,0
90.35,24.19,61.5,1.76,6.64,79.26,0.62,1007.77,flood,1
180.62,24.39,55.74,9.62,6.84,55.91,0.39,1008.51,flood,2
22.33,22.09,82.83,9.57,3.56,29.62,0.77,1007.74,none,0
4.19,30.34,47.66,18.58,2.68,20.29,7.4,1027.92,earthquake,2
11.84,19.92,32.07,11.06,2.85,15.11,0.19,1025.49,drought,1
162.79,20.85,89.44,7.32,6.19,59.4,0.42,1012.39,flood,2
22.63,23.62,69.07,12.31,2.91,44.47,0.4,995.59,none,0
11.95,24.7,79.39,32.16,2.62,7.62,0.54,1011.85,none,0
29.05,19.1,25.84,23.42,2.71,19.7,0.09,1035.04,none,0
30.71,25.17,20.42,7.83,4.26,23.29,3.61,1012.16,earthquake,2
7.7,29.54,31.47,29.44,2.66,38.19,7.35,1011.58,earthquake,2
15.36,22.98,58.07,1.89,2.98,35.21,0.78,1008.37,none,0
16.64,31.43,58.15,13.87,2.9,26.88,0.75,1003.86,none,0
1.96,22.91,65.5,5.0,3.96,44.83,1.08,1011.26,none,0
45.36,31.64,89.94,194.09,3.54,24.37,0.37,1019.02,cyclone,2
14.26,20.21,42.36,14.85,4.14,14.15,0.47,1016.65,none,0
67.62,24.82,73.69,8.6,5.34,67.0,0.35,1024.7,flood,1
142.93,37.27,77.79,6.86,6.09,82.6,0.12,1016.28,flood,2
3.77,22.84,41.2,3.7,3.76,26.89,0.88,1038.23,none,0
174.02,26.32,96.33,24.51,6.72,48.31,0.17,1020.52,flood,2
85.11,28.19,85.81,79.89,3.45,44.88,0.3,977.97,cyclone,2
10.08,31.53,31.31,2.45,3.18,14.31,0.08,1020.53,drought,0
13.22,22.92,75.97,25.8,3.4,33.71,5.84,1016.62,earthquake,2
30.41,26.85,51.92,1.29,1.92,39.01,6.98,1005.16,earthquake,2
16.71,23.6,69.87,2.78,3.27,33.5,0.47,1020.36,none,0
11.78,25.85,41.85,5.75,3.7,34.78,6.39,1007.82,earthquake,1
2.47,19.7,41.91,16.12,1.12,28.29,7.42,1008.05,earthquake,2
5.49,25.56,85.86,9.22,3.26,31.13,0.06,1016.68,none,0
46.5,30.59,65.97,161.19,3.69,52.06,0.06,967.2,cyclone,2
22.99,31.89,39.5,16.73,1.53,42.42,0.17,1012.93,none,0
5.24,25.25,64.25,5.28,3.54,54.36,0.14,1015.7,none,0
32.04,27.42,96.94,40.21,1.32,40.44,0.18,1006.38,cyclone,1
101.55,27.25,83.36,37.42,10.17,76.21,0.41,1008.72,flood,2
147.47,36.98,92.72,23.12,7.57,49.47,0.06,996.04,flood,3
12.92,23.42,43.87,5.26,1.84,22.79,0.6,1017.23,none,0
0.0,38.11,39.48,2.39,3.08,3.57,0.02,1005.2,drought,1
9.32,28.73,61.72,2.31,4.46,27.03,4.13,1021.91,earthquake,1
16.37,26.92,66.4,21.14,4.13,28.94,0.01,1026.31,none,0
12.78,38.0,59.36,28.93,3.03,46.33,0.13,1012.18,none,0
8.94,34.01,83.4,5.63,2.53,43.62,7.3,1003.88,earthquake,2
12.71,32.82,0.0,6.86,2.49,0.0,1.1,1004.08,drought,1
6.68,27.01,57.2,2.96,2.36,23.93,7.51,1007.24,earthquake,2
15.98,27.81,74.01,2.45,1.69,36.05,0.01,1012.8,none,0
28.0,30.52,67.6,7.39,2.87,51.74,0.51,1010.31,none,0
21.16,39.26,64.1,8.71,3.49,5.74,0.19,1009.5,drought,1
4.35,27.12,63.57,18.67,2.87,32.9,0.04,1013.26,none,0
15.7,29.01,45.94,16.38,3.01,32.04,8.18,1011.14,earthquake,2
27.49,33.72,59.11,2.87,2.7,44.13,0.04,1010.35,none,0
9.28,31.73,75.72,3.84,3.67,21.35,8.43,1010.39,earthquake,2
55.82,34.76,100.0,49.39,4.33,29.38,0.9,981.48,cyclone,2
0.0,33.74,17.05,6.17,2.61,0.0,0.24,1007.49,drought,1
118.01,32.0,85.81,2.29,8.14,59.78,0.75,1023.11,flood,2
7.25,25.47,64.71,20.64,2.52,36.02,0.24,1013.97,none,0
17.74,36.9,24.13,15.11,3.37,20.81,0.12,1017.85,none,0
23.5,28.66,78.38,7.76,1.37,27.64,0.03,1028.22,none,0
72.82,30.32,77.71,11.14,19.13,81.2,0.19,998.85,flood,2
13.62,36.27,17.1,5.6,4.4,21.59,0.12,1015.76,drought,1
4.6,28.18,58.42,8.86,5.19,50.03,0.11,999.9,none,0
22.99,31.25,83.42,4.16,2.19,33.75,0.03,1010.19,none,0
10.95,29.17,31.45,3.68,3.04,0.12,0.01,1011.75,drought,1
11.48,23.45,36.2,16.31,3.12,18.49,1.0,1024.04,none,0
84.99,16.21,43.48,12.56,2.83,33.15,0.74,1015.99,none,0
39.81,26.9,55.29,15.32,2.77,52.45,0.32,1013.99,none,0
21.69,20.57,64.87,9.23,3.76,50.56,0.56,1026.5,none,0
6.09,27.3,54.02,17.34,2.76,30.53,0.54,998.46,none,0
39.47,30.91,86.34,5.07,6.0,57.19,0.34,1018.18,flood,1
2.09,34.65,43.83,10.8,2.9,41.1,0.43,1008.49,none,0
76.68,30.17,98.54,41.13,4.81,67.06,1.03,1009.71,flood,2
29.64,15.59,72.02,13.33,3.88,19.64,4.18,1029.97,earthquake,2
9.16,27.29,75.06,13.17,3.55,37.81,0.22,1029.59,none,0
147.8,30.17,92.59,80.66,3.02,42.04,0.15,984.14,cyclone,3
7.94,27.4,34.76,15.6,3.69,29.3,0.12,1012.8,none,0
47.9,28.12,81.83,5.45,5.03,70.74,0.22,999.66,flood,1
14.8,21.62,68.16,7.41,4.55,29.51,1.3,1010.41,none,0
13.04,29.1,71.71,9.72,2.79,27.27,0.04,1012.54,none,0
14.82,24.32,75.93,7.58,3.29,38.39,0.01,1012.44,none,0
17.54,37.47,54.74,8.12,2.73,38.77,0.01,1014.18,none,0
71.62,27.04,100.0,46.62,2.85,36.78,0.38,1000.09,cyclone,1
72.52,25.1,66.11,15.35,3.42,75.02,1.1,996.14,flood,1
63.58,21.39,61.6,4.3,3.86,87.26,0.36,1000.03,flood,1
15.83,32.74,55.59,10.3,0.55,33.78,0.4,1015.99,none,0
168.89,23.68,96.53,157.58,4.47,28.22,0.32,998.51,cyclone,3
18.78,29.57,66.76,6.48,2.45,2.24,1.31,1014.92,none,0
19.52,21.01,48.08,17.04,4.34,50.64,0.2,1010.66,none,0
56.49,29.71,74.85,2.75,3.12,39.15,1.01,1005.41,none,0
10.65,17.54,55.42,14.26,1.59,31.79,0.37,1001.78,none,0
95.32,17.98,89.18,132.55,2.93,40.8,0.64,985.12,cyclone,3
61.94,27.17,83.97,53.1,3.05,26.99,0.16,968.05,cyclone,2
255.62,28.41,74.91,23.22,6.15,58.72,0.2,1002.95,flood,2
94.24,17.3,100.0,7.09,8.19,71.12,0.35,1010.93,flood,2
38.87,36.18,75.0,109.05,2.55,47.46,0.01,980.5,cyclone,2
35.0,32.82,69.11,15.73,3.56,38.4,4.97,1007.19,earthquake,2
65.39,31.19,60.25,16.79,18.18,78.61,0.65,988.77,flood,2
27.44,32.71,35.65,10.19,2.73,39.31,7.16,1021.39,earthquake,2
3.67,20.07,68.23,13.56,3.35,27.42,0.07,1009.73,none,0
10.65,22.34,49.97,16.38,3.51,25.27,0.46,1022.81,none,0
0.0,28.11,30.95,13.91,2.65,25.67,0.42,999.62,drought,1
11.88,27.5,76.47,22.46,2.26,29.95,8.39,1020.15,earthquake,2
15.41,22.37,55.82,8.03,2.52,41.09,0.55,1003.19,none,0
57.92,25.19,63.6,22.78,4.17,49.45,0.09,1016.66,flood,1
19.48,22.57,68.12,14.97,1.71,34.55,0.06,1012.53,none,0
31.14,25.51,100.0,12.43,2.52,25.92,0.23,1015.46,none,0
14.23,20.89,46.58,3.12,2.12,44.41,0.84,1019.72,none,0
24.9,22.76,72.69,13.41,3.11,49.11,1.24,1004.97,none,0
13.82,22.05,50.17,1.74,2.94,40.29,6.39,1027.35,earthquake,2
118.93,25.67,80.45,33.49,9.72,66.86,0.97,1012.4,flood,2
20.55,28.18,54.73,0.49,1.74,0.0,0.11,1020.28,drought,1
15.92,30.29,54.62,4.98,2.23,12.01,0.15,1008.39,none,0
36.04,28.13,21.76,3.35,4.73,28.17,0.09,1014.51,none,0
6.67,22.41,88.95,3.51,2.41,41.0,2.9,1019.22,none,0
38.75,23.63,67.92,8.68,5.86,40.53,0.71,1011.57,flood,1
26.11,21.56,63.08,5.14,3.16,30.03,0.8,1009.0,none,0
80.38,27.91,100.0,49.67,2.51,23.52,0.1,965.56,cyclone,2
24.65,24.56,43.25,10.69,1.73,31.55,0.04,1014.98,none,0
78.68,22.37,82.76,101.21,3.33,32.58,0.86,981.86,cyclone,2
23.27,21.0,74.28,4.16,1.13,36.3,6.62,1020.96,earthquake,1
0.27,26.05,16.72,4.23,3.84,32.92,0.15,1008.65,drought,0
8.25,26.23,66.49,21.39,3.11,14.81,0.55,1014.66,none,0
5.45,26.67,33.22,4.53,1.59,9.41,0.61,1007.31,drought,1
55.38,28.28,57.83,139.49,2.18,35.19,0.01,999.37,cyclone,2
16.71,25.64,9.56,32.11,2.83,16.17,0.22,1004.35,drought,1
90.72,38.54,53.2,40.28,4.01,45.15,1.51,972.15,cyclone,2
1.0,28.26,41.22,3.9,1.66,25.42,8.38,1017.59,earthquake,2
2.15,28.95,66.25,6.6,4.52,24.72,0.2,1013.16,none,0
10.78,29.24,54.18,21.35,2.68,41.35,0.0,1007.61,none,0
7.15,24.9,49.24,8.06,3.7,40.08,0.5,1014.13,none,0
20.11,33.71,44.74,23.56,2.07,32.55,0.43,1016.66,none,0
4.23,27.39,43.11,7.04,4.62,53.61,0.61,1026.39,none,0
118.16,17.66,60.83,7.42,11.41,76.76,1.12,1012.69,flood,2
93.33,35.15,63.83,76.41,3.41,34.04,0.16,984.23,cyclone,2
43.11,24.98,52.31,3.93,1.9,44.59,0.48,998.89,none,0
218.19,15.47,79.12,5.66,6.55,70.5,0.16,1008.74,flood,2
73.77,29.81,76.4,134.36,1.83,46.25,0.11,979.12,cyclone,2
28.35,24.56,40.35,11.84,2.3,27.97,9.79,1022.47,earthquake,2
5.77,32.1,60.62,23.66,0.69,66.26,7.79,1006.7,earthquake,2
10.76,29.24,63.82,30.5,1.1,33.21,1.0,1010.52,none,0
9.54,28.7,79.06,2.08,0.96,30.92,0.6,1017.5,none,0
8.49,18.92,65.87,14.32,3.66,39.82,7.29,1018.57,earthquake,2
2.61,35.15,73.45,6.0,3.35,37.8,0.21,1023.52,none,0
91.03,27.4,78.53,129.1,3.21,35.9,0.78,968.58,cyclone,3
15.33,23.92,51.62,4.06,3.35,34.6,7.45,1020.3,earthquake,2
12.11,24.33,74.37,19.94,3.37,48.33,1.11,1011.31,none,0
5.66,32.53,21.68,3.6,3.6,17.49,0.18,1006.37,drought,1
61.68,35.63,83.99,114.5,2.19,28.44,0.05,997.04,cyclone,2
56.35,22.73,72.33,14.55,3.7,35.7,0.1,1000.58,none,0
126.57,24.68,65.47,177.33,1.04,28.82,0.08,967.69,cyclone,3
56.23,28.05,80.95,4.62,5.95,88.53,0.91,1009.79,flood,1
13.03,17.05,73.75,15.67,3.5,24.45,0.11,1023.28,none,0
17.55,31.93,12.44,5.97,2.86,21.43,0.15,1012.7,drought,0
0.0,25.52,1.24,26.46,2.76,35.82,0.46,1017.12,drought,0
78.37,24.83,80.62,11.22,5.94,77.51,0.22,1022.99,flood,1
17.73,24.07,40.81,12.59,3.49,35.32,0.69,1015.52,none,0
10.45,26.61,30.59,5.81,3.56,66.18,0.63,1003.42,none,0
189.79,33.96,79.68,9.99,3.2,68.69,0.02,992.85,flood,2
6.04,31.34,65.87,26.66,2.04,42.67,1.33,1010.52,none,0
8.9,31.68,54.47,15.59,4.09,32.17,0.14,1004.13,none,0
6.55,34.34,53.32,2.88,1.58,51.01,0.4,1007.17,none,0
26.74,19.53,75.65,8.21,1.17,37.7,0.17,1018.27,none,0
12.27,26.13,72.96,15.7,1.99,43.49,0.8,1003.48,none,0
91.1,29.25,69.19,11.13,4.87,78.44,1.18,1010.76,flood,1
107.75,22.01,81.03,7.76,10.09,76.95,0.16,998.62,flood,2
117.86,30.71,60.33,16.47,5.76,70.88,0.13,1020.07,flood,2
4.61,22.31,21.28,8.76,2.75,19.79,0.06,1010.37,none,0
21.02,28.18,45.9,5.57,3.6,31.51,0.21,1016.85,none,0
18.93,16.41,89.29,8.5,2.38,31.45,2.94,1012.04,none,0
104.26,26.29,72.63,20.29,9.56,57.81,0.6,1006.29,flood,2
120.41,22.86,100.0,15.35,6.67,58.94,0.55,1003.86,flood,2
21.06,27.09,62.75,14.18,3.96,38.83,0.44,1019.74,none,0
3.06,27.6,97.08,9.1,2.6,42.43,0.12,1007.89,none,0
95.08,27.71,64.91,26.03,4.71,59.71,0.25,1005.87,flood,2
9.64,23.41,43.68,4.57,1.71,14.69,5.32,1023.19,earthquake,1
15.42,26.57,48.01,0.7,1.74,30.73,0.48,1009.24,none,0
80.87,20.11,88.84,34.97,3.29,30.1,0.51,993.12,cyclone,2
157.29,25.86,67.26,6.03,9.13,54.73,0.05,1011.52,flood,2
24.53,23.72,43.44,11.96,1.76,33.94,7.37,1012.5,earthquake,1
8.91,38.84,60.07,10.36,3.9,40.4,4.67,1003.03,earthquake,2
26.43,31.11,40.39,0.7,2.19,27.28,5.51,1010.94,earthquake,1
13.76,27.02,68.17,28.83,4.81,39.88,0.25,1021.42,none,0
27.94,28.51,61.99,21.74,1.61,60.1,3.91,1008.6,earthquake,1
161.47,23.75,70.57,6.78,9.66,68.38,0.06,998.97,flood,3
15.99,30.54,31.36,28.43,3.43,0.0,0.35,1031.57,drought,1
1.21,19.46,33.31,9.92,3.29,18.86,1.21,1016.26,drought,0
125.56,35.38,76.53,1.07,13.02,74.91,0.97,995.29,flood,2
0.0,31.66,30.13,7.39,2.7,22.55,0.59,1008.28,drought,1
15.26,24.08,38.76,9.84,3.13,27.0,1.15,1011.45,none,0
0.0,26.85,24.28,3.68,4.24,13.14,0.11,994.93,drought,1
4.19,24.81,54.26,10.29,3.57,40.52,7.84,1013.21,earthquake,2
6.3,28.5,38.79,4.57,3.9,13.05,0.23,1017.14,drought,1
124.27,32.21,53.78,10.77,4.73,61.45,0.74,1001.37,flood,2
30.09,21.24,45.6,17.14,2.35,18.74,0.04,1015.52,none,0
12.11,31.83,79.94,28.23,4.81,47.16,0.34,1025.27,none,0
5.58,34.22,66.89,13.03,2.82,35.89,0.19,1027.19,none,0
33.72,27.64,64.17,8.13,2.33,35.66,0.27,1031.6,none,0
41.83,27.48,45.2,1.11,2.43,28.87,0.04,1013.05,none,0
30.2,25.7,73.41,5.6,3.4,30.98,1.71,1019.67,none,0
102.22,27.88,57.8,85.34,3.63,38.04,0.52,970.61,cyclone,2
135.97,21.43,48.94,9.94,7.55,49.55,0.12,996.67,flood,2
21.22,31.93,61.73,15.62,3.76,25.31,1.73,1022.71,none,0
108.66,31.06,50.54,5.92,2.87,55.43,0.39,1004.89,flood,1
12.38,21.03,73.98,5.57,4.92,42.58,0.15,1024.56,none,0
16.73,26.6,37.78,12.72,4.82,30.65,0.08,1007.59,none,0
114.27,27.34,69.27,5.24,4.57,88.69,0.05,1001.34,flood,1
2.04,30.41,31.23,18.54,2.34,1.98,1.09,1002.92,drought,1
205.63,31.01,87.34,13.12,6.28,79.79,0.19,998.94,flood,2
9.47,18.08,74.11,19.91,0.58,36.64,0.12,1009.18,none,0
13.61,26.94,49.88,5.2,2.82,44.64,0.66,1010.17,none,0
40.47,27.3,42.64,6.48,4.44,22.41,0.05,1006.66,none,0
59.47,29.38,76.0,74.46,2.36,32.71,0.35,984.26,cyclone,2
89.0,28.15,100.0,22.38,4.77,71.64,0.25,1007.68,flood,1
6.07,30.46,52.94,6.48,1.73,39.0,0.53,1018.87,none,0
6.98,33.88,72.69,6.73,3.89,21.03,0.46,1008.15,none,0
7.55,38.0,69.06,9.36,1.89,53.25,0.21,1030.34,none,0
169.76,21.6,62.13,22.55,10.57,47.23,0.44,1011.6,flood,2
15.87,28.14,43.65,5.66,3.94,41.06,0.49,1007.28,none,0
109.01,23.49,89.87,6.95,4.05,71.68,0.21,1003.08,flood,1
4.71,24.69,100.0,14.47,3.65,35.95,0.27,998.04,none,0
108.95,21.59,65.43,14.62,7.08,98.07,0.61,1009.3,flood,2
103.19,32.41,75.74,156.59,2.44,40.87,0.01,981.2,cyclone,2
28.51,14.47,44.3,15.21,3.78,20.51,6.07,1016.46,earthquake,2
35.73,27.26,32.9,4.71,2.93,39.53,0.89,1015.11,none,0
73.98,34.63,91.49,17.01,6.11,76.98,0.01,1006.76,flood,2
22.95,31.87,50.35,12.87,1.62,18.38,0.24,998.72,none,0
35.85,19.42,62.49,8.61,2.41,47.81,0.25,999.67,none,0
36.65,26.5,71.8,1.83,2.63,47.32,0.51,1014.41,none,0
10.9,35.77,55.71,13.46,3.39,5.79,0.4,1003.37,none,0
27.61,30.04,41.65,14.44,1.55,31.19,0.02,1013.78,none,0
17.98,30.82,60.62,7.5,2.26,34.13,0.93,1018.85,none,0
11.81,32.38,81.25,6.73,4.15,35.54,0.04,1020.71,none,0
0.0,36.81,56.48,13.46,3.89,0.0,0.75,1014.69,drought,1
9.33,29.09,55.99,2.44,4.0,14.73,0.12,1008.94,none,0
16.91,18.37,77.26,3.34,1.82,29.49,0.7,1008.77,none,0
16.85,40.53,73.93,22.16,1.04,31.44,0.17,1032.79,none,0
143.49,26.14,90.04,32.59,7.0,51.22,0.02,1018.29,flood,2
18.87,26.52,74.13,14.31,2.86,30.81,0.12,1012.32,none,0
88.25,31.73,85.77,85.91,0.58,35.12,1.31,980.79,cyclone,2
44.17,23.95,75.69,51.11,3.76,45.49,0.09,987.11,cyclone,2
19.74,26.28,66.48,7.64,3.22,13.87,0.18,1025.08,none,0
7.99,29.85,45.17,22.6,1.88,34.07,5.13,1012.52,earthquake,1
10.84,27.43,21.78,1.51,2.64,37.88,0.21,1024.33,none,0
104.1,29.07,73.38,148.48,3.25,38.21,0.79,965.3,cyclone,3
157.85,23.94,76.37,12.65,6.33,58.13,0.03,1005.34,flood,2
46.58,30.93,58.75,65.39,4.17,15.07,0.28,1004.29,cyclone,2
89.78,24.62,98.36,19.57,7.12,40.79,0.12,1006.24,flood,1
46.6,30.81,45.77,7.8,3.24,36.08,1.64,1005.54,none,0
6.51,28.99,82.55,6.74,1.13,39.02,0.88,1010.53,none,0
3.25,26.81,79.01,26.13,1.58,39.83,6.15,1023.41,earthquake,1
19.78,27.07,58.62,1.13,5.27,33.96,0.19,1012.93,none,0
134.94,30.93,99.16,3.42,11.07,47.11,1.15,1043.99,flood,2
38.56,30.87,55.82,0.97,1.16,6.71,0.23,1022.38,none,0
132.47,20.11,97.99,2.76,2.22,70.13,1.18,998.64,flood,2
156.79,27.24,73.69,10.71,17.05,74.56,0.54,997.39,flood,3
11.02,24.0,47.59,6.59,3.03,45.66,7.45,1023.39,earthquake,2
91.54,30.94,62.26,81.41,3.45,21.96,1.34,969.39,cyclone,3
4.29,27.11,46.37,26.96,2.36,37.18,7.16,1020.73,earthquake,2
8.81,25.37,52.48,1.07,1.77,22.35,0.1,1017.1,none,0
93.96,34.58,67.82,62.08,4.24,40.04,0.26,976.22,cyclone,2
111.52,15.92,72.57,4.01,4.46,80.7,0.26,992.67,flood,2
23.72,26.92,50.68,2.49,2.1,63.17,0.31,1011.3,none,0
48.88,36.49,32.26,2.44,4.02,34.2,0.24,1021.84,none,0
6.26,29.27,68.83,5.7,1.91,37.97,0.84,1013.95,none,0
21.62,32.5,60.31,5.04,4.89,34.17,0.21,1003.85,none,0
23.7,30.76,47.64,11.78,3.27,13.24,0.82,1025.95,none,0
70.16,16.02,79.4,133.91,4.67,55.29,0.26,958.4,cyclone,3
26.65,24.5,39.56,2.5,2.77,32.01,0.45,1002.95,none,0
125.41,26.12,82.63,1.03,6.08,47.8,0.04,1012.61,flood,2
22.68,25.39,56.27,16.85,2.84,32.4,0.23,1007.32,none,0
12.26,27.76,58.99,20.05,3.35,31.1,0.06,1030.31,none,0
3.97,25.52,32.91,16.89,3.91,11.14,0.37,1007.24,drought,1
12.01,16.38,71.83,4.38,2.24,59.51,0.08,1028.37,none,0
36.94,27.25,68.09,13.47,2.91,45.16,6.34,1020.73,earthquake,2
193.16,26.22,56.01,7.66,10.67,65.97,0.61,1016.0,flood,2
29.71,22.56,91.87,1.93,2.97,32.21,6.69,1006.6,earthquake,2
230.35,23.5,61.89,8.7,8.02,56.83,0.07,1012.78,flood,2
84.84,30.66,81.58,21.47,6.83,66.89,0.06,989.6,flood,2
10.04,31.35,37.01,7.56,2.76,0.0,0.21,1022.03,drought,1
97.31,25.28,90.07,0.89,6.69,77.57,0.39,1012.07,flood,2
3.54,34.62,50.36,17.65,2.99,29.71,4.98,1010.28,earthquake,2
9.51,20.01,81.74,2.39,3.16,3.78,0.32,1002.29,none,0
131.63,24.69,71.91,4.97,4.47,35.03,0.22,1006.69,flood,2
14.17,29.71,56.51,7.04,3.23,16.39,0.15,1007.1,none,0
54.85,32.41,52.63,9.44,4.64,31.41,0.14,1000.03,flood,1
14.79,23.76,52.48,7.26,5.16,38.76,0.13,1002.93,none,0
28.75,26.22,48.84,1.67,2.75,40.35,0.28,1002.67,none,0
36.41,20.37,53.8,15.5,3.88,32.5,6.78,1010.06,earthquake,2
60.08,25.04,87.2,10.44,7.93,74.8,0.21,1002.63,flood,2
11.86,28.91,70.61,8.69,3.42,44.58,0.02,998.86,none,0
0.4,41.55,25.41,34.39,4.23,19.9,0.6,1024.07,drought,1
95.03,29.73,78.92,7.51,3.64,46.99,0.57,1004.02,flood,1
12.25,26.73,86.57,15.86,3.89,45.29,0.04,1010.37,none,0
7.7,32.82,43.85,29.59,2.89,7.31,1.04,1016.1,drought,1
7.09,26.23,42.82,7.91,0.73,37.0,0.27,1024.02,none,0
14.46,30.85,30.38,7.46,3.01,0.0,0.56,1028.57,drought,1
7.19,24.4,43.9,9.85,2.67,34.35,7.17,1024.67,earthquake,1
21.04,36.4,56.42,22.33,1.82,55.21,0.67,1003.66,none,0
6.9,17.73,52.97,19.88,1.73,25.69,0.55,1019.12,none,0
0.7,28.01,32.75,28.05,1.98,0.0,0.09,1012.66,drought,1
12.96,28.41,38.34,13.72,2.84,48.67,0.89,1011.59,none,0
6.52,23.18,40.1,14.2,2.28,45.5,0.14,1005.19,none,0
4.8,36.83,51.47,24.57,3.14,48.03,0.14,1012.33,none,0
62.23,38.2,96.92,7.48,9.12,75.71,0.48,1012.51,flood,2
30.97,25.19,73.81,11.99,3.66,18.32,0.06,1008.11,none,0
16.17,32.0,75.99,73.13,2.48,29.22,0.16,974.58,cyclone,2
13.25,30.26,40.3,12.76,2.57,30.2,1.35,1017.02,none,0
27.3,30.41,90.37,2.56,4.54,40.2,0.49,1027.19,none,0
19.6,40.56,71.83,10.36,3.25,20.77,0.01,992.98,none,0
111.47,27.08,85.91,108.62,3.8,32.02,0.33,967.21,cyclone,3
52.15,16.75,63.74,108.51,2.78,44.28,0.04,978.19,cyclone,2
32.11,38.44,94.39,11.14,3.89,88.17,0.13,1010.83,flood,1
70.28,26.03,62.96,17.73,7.21,77.88,0.02,1014.67,flood,1
155.47,24.49,86.12,5.02,10.19,76.26,0.64,996.51,flood,3
38.37,26.36,39.74,15.65,1.45,23.56,0.46,1000.36,none,0
75.3,25.39,100.0,67.31,3.82,36.45,0.03,959.05,cyclone,2
19.4,30.56,78.34,16.71,3.57,16.6,0.12,1016.73,none,0
13.49,23.93,54.91,15.54,3.11,23.21,4.11,1009.82,earthquake,1
6.23,25.17,46.02,1.23,3.75,25.34,0.03,1004.8,none,0
2.0,30.0,21.98,16.93,2.41,14.36,0.15,1021.45,drought,0
9.29,30.82,46.06,19.14,1.71,31.17,0.22,1013.32,none,0
89.84,39.73,58.29,48.84,8.64,82.02,0.13,1010.18,flood,2
18.27,21.98,27.95,18.83,1.91,42.8,4.19,1000.69,earthquake,1
12.37,28.14,51.65,7.2,2.39,29.37,0.3,1013.73,none,0
3.07,27.3,55.03,4.51,5.36,57.39,0.05,1015.75,none,0
19.74,36.59,81.54,8.97,3.0,28.45,0.25,1014.18,none,0
0.0,35.97,48.21,18.88,1.47,1.33,0.53,1021.9,drought,1
15.82,24.5,60.01,4.41,2.96,10.57,0.39,1002.02,none,0
183.08,18.46,75.79,8.42,4.69,85.52,0.18,1000.18,flood,2
6.32,27.85,84.07,6.87,3.0,28.66,0.86,998.37,none,0
45.79,30.08,60.81,8.15,6.83,81.49,0.73,1023.05,flood,1
131.9,20.72,81.92,16.04,8.23,60.48,1.12,1001.33,flood,3
75.85,28.52,74.19,61.93,2.42,50.13,0.25,962.38,cyclone,2
14.8,24.95,39.32,8.44,4.46,55.92,0.03,1004.02,none,0
96.78,16.87,93.32,8.37,6.0,68.68,0.1,1001.39,flood,1
89.77,39.6,70.41,3.96,5.0,56.82,1.4,994.23,flood,1
4.13,30.25,58.04,5.93,1.36,18.88,3.85,1031.25,earthquake,1
59.44,33.86,89.15,19.41,7.3,62.0,0.03,1000.4,flood,2
0.0,32.35,50.53,4.92,3.19,9.75,0.84,1028.3,drought,1
10.55,34.77,69.08,20.21,3.52,16.34,1.11,1013.94,none,0
10.84,23.05,55.58,23.85,3.52,44.73,6.21,1007.33,earthquake,2
73.67,25.13,85.08,3.94,6.1,68.74,0.92,1013.97,flood,1
95.77,27.43,82.76,2.82,4.18,71.1,0.56,1015.43,flood,1
18.05,26.04,65.29,9.47,3.14,29.44,0.08,1021.43,none,0
11.05,27.02,58.05,7.78,2.01,36.33,0.36,1019.51,none,0
13.53,25.25,59.09,6.53,3.94,14.21,4.24,989.78,earthquake,2
26.76,21.52,100.0,4.48,6.76,40.74,0.01,1008.31,flood,1
1.85,25.26,24.0,1.57,2.52,10.79,0.38,1022.28,drought,0
45.63,29.9,72.0,9.61,5.97,63.9,0.11,998.04,flood,1
145.14,22.53,100.0,38.0,4.7,33.67,0.36,997.2,cyclone,2
78.94,23.4,96.44,28.32,2.89,42.61,0.48,994.13,cyclone,1
12.65,32.92,58.28,5.89,3.49,30.38,7.24,1013.94,earthquake,2
69.43,34.48,59.44,101.1,3.96,27.31,0.03,991.53,cyclone,2
12.39,31.23,20.66,5.07,1.16,21.73,0.18,1023.3,drought,0
20.5,29.42,37.2,19.13,1.03,62.15,0.0,1013.86,none,0
24.74,31.45,77.56,14.65,1.85,55.24,0.53,1013.7,none,0
146.29,30.99,82.95,15.68,6.47,62.75,0.13,1007.1,flood,2
115.43,23.7,80.12,16.85,6.64,88.11,0.27,1006.42,flood,2
134.25,14.73,80.79,19.73,8.7,76.64,0.05,994.38,flood,3
73.26,32.19,89.55,27.48,9.9,65.89,0.69,1020.15,flood,2
20.67,33.08,85.65,4.93,3.97,38.31,0.83,1019.92,none,0
5.48,24.89,73.51,8.43,3.41,22.11,0.42,1014.48,none,0
13.52,22.53,54.47,9.62,4.0,54.08,0.61,1024.46,none,0
53.7,36.14,83.44,86.83,1.63,34.39,0.05,996.1,cyclone,2
25.14,24.41,45.82,3.06,3.79,37.84,0.0,1004.56,none,0
156.73,27.21,63.54,55.13,4.74,38.39,0.99,961.94,cyclone,3
79.49,23.48,70.79,9.36,3.54,71.72,0.04,997.72,flood,1
6.83,24.19,38.26,4.58,4.14,50.57,1.07,1008.28,none,0
26.58,26.14,81.81,78.41,2.65,51.23,0.31,982.21,cyclone,2
16.26,41.33,47.76,24.5,4.54,5.63,0.04,1014.28,drought,1
23.83,27.61,46.03,9.41,2.47,4.1,0.15,1004.97,drought,1
9.83,32.55,43.09,2.28,4.48,0.41,0.4,1009.82,drought,1
0.0,31.24,46.21,2.11,3.22,13.25,0.2,1014.73,drought,1
25.58,25.78,59.59,2.85,4.12,35.48,0.55,1007.26,none,0
72.5,21.82,60.65,12.43,13.89,85.22,0.12,1010.5,flood,2
69.05,31.46,70.3,117.18,3.43,41.31,1.27,973.97,cyclone,3
32.56,20.89,70.79,5.86,2.71,56.05,0.06,998.93,none,0
6.93,19.97,62.5,17.33,3.65,45.98,0.86,1012.03,none,0
0.0,32.78,52.0,14.5,3.92,15.12,0.03,1006.04,drought,1
69.91,23.03,90.27,14.68,4.99,76.05,0.52,998.09,flood,2
24.67,26.1,47.6,9.31,2.24,53.37,7.81,1006.11,earthquake,2
31.96,26.73,55.07,6.56,3.57,21.31,0.22,1013.65,none,0
3.46,30.75,35.92,4.89,3.82,15.99,0.47,1009.2,drought,1
18.28,25.18,48.57,27.1,2.3,32.08,0.58,1016.86,none,0
43.1,34.25,23.81,35.04,0.97,17.13,0.46,1019.06,drought,1
50.03,30.02,53.21,25.16,10.02,61.36,0.28,1016.72,flood,2
13.84,31.82,68.52,5.5,2.45,31.42,0.03,1010.52,none,0
19.83,32.62,26.5,4.48,2.12,0.0,0.02,1000.02,drought,1
3.16,44.52,36.63,16.12,3.28,32.94,0.23,1016.71,drought,0
112.04,29.71,73.01,7.71,7.33,75.76,0.4,1015.57,flood,2
1.35,30.46,43.3,32.87,3.54,23.49,0.01,1005.98,drought,1
24.68,24.69,52.56,17.47,3.49,48.28,0.27,998.52,none,0
4.11,30.65,81.83,2.78,4.97,56.97,0.16,1029.15,none,0
62.92,33.29,78.77,6.18,6.18,58.59,0.03,1012.35,flood,1
107.4,26.06,67.14,198.93,2.47,25.84,0.2,978.82,cyclone,3
127.53,23.5,75.87,10.37,5.2,70.87,0.34,1007.76,flood,2
8.42,31.42,63.58,19.54,5.03,24.9,0.76,1017.41,none,0
26.5,24.89,61.85,9.22,4.02,40.62,0.17,1007.77,none,0
55.97,31.43,89.58,188.44,3.68,32.58,0.55,982.69,cyclone,3
4.12,29.84,70.63,6.26,0.75,19.9,0.25,1012.93,none,0
19.0,31.01,60.84,9.39,4.88,42.66,0.03,1015.07,none,0
50.17,32.82,71.67,97.38,3.02,13.39,0.21,996.28,cyclone,2
35.44,28.69,58.7,13.73,3.19,30.9,0.1,1005.67,none,0
161.98,31.96,69.03,7.07,8.36,77.99,1.63,1011.33,flood,3
3.83,29.49,78.75,14.03,4.29,29.93,0.12,1012.48,none,0
97.58,26.84,77.92,6.91,4.85,62.86,0.13,1000.88,flood,1
1.14,24.43,65.83,13.77,3.49,43.92,0.85,1010.36,none,0
62.07,25.96,88.69,47.22,2.61,43.15,0.86,1008.18,cyclone,1
21.44,32.68,63.79,15.92,3.77,28.79,0.44,1011.35,none,0
3.25,23.89,23.03,3.26,3.44,33.4,0.59,1006.77,none,0
12.42,18.15,51.99,35.38,2.7,23.15,0.26,1016.44,none,0
0.0,37.14,33.35,14.23,2.03,15.44,0.04,1018.68,drought,0
23.05,28.29,31.51,11.57,3.16,24.57,0.07,1012.69,none,0
3.27,23.92,62.71,8.75,5.82,28.85,0.74,995.57,none,0
21.0,27.12,52.58,18.67,2.36,39.93,6.29,1023.25,earthquake,1
0.0,34.29,52.7,2.91,2.81,33.2,0.43,1007.96,drought,0
0.0,32.92,20.33,12.07,2.44,25.56,0.19,1024.49,drought,0
137.65,24.98,93.74,8.74,5.24,48.23,0.33,1021.65,flood,2
7.57,37.88,27.98,15.43,2.56,8.13,0.65,993.53,drought,1
20.68,30.66,58.24,6.3,4.29,56.06,6.2,987.68,earthquake,2
2.35,38.69,28.75,2.23,3.07,17.53,0.58,1018.28,drought,1
0.0,32.9,48.6,16.95,2.18,21.07,0.08,1014.14,drought,0
2.9,23.09,70.13,7.74,3.77,55.27,0.51,1014.16,none,0
20.42,26.24,58.7,4.33,2.33,52.49,4.18,1020.52,earthquake,1
4.98,35.45,61.86,7.89,3.07,37.35,6.72,992.64,earthquake,2
2.4,35.79,42.63,11.66,2.88,18.71,0.1,1005.46,drought,1
17.11,36.96,45.41,3.46,1.1,0.0,0.71,1016.55,drought,1
11.02,28.66,55.0,6.66,2.21,56.83,4.0,1014.51,earthquake,1
4.51,22.54,65.47,2.27,3.94,33.58,0.03,1006.5,none,0
5.18,27.77,61.85,14.67,2.94,40.47,0.04,1016.98,none,0
3.7,25.77,48.47,16.59,1.72,43.05,0.17,1015.59,none,0
47.72,19.96,61.66,20.02,2.33,33.82,0.1,1020.81,none,0
179.76,29.1,88.07,9.62,5.22,54.75,0.51,1017.55,flood,2
76.68,28.87,67.99,16.85,6.64,44.96,0.68,1011.94,flood,2
9.08,28.31,42.02,6.03,3.57,42.04,0.14,1010.32,none,0
97.02,26.63,82.44,9.95,7.71,97.16,0.02,1009.48,flood,2
5.67,24.93,42.68,14.02,2.14,42.48,6.78,1028.8,earthquake,1
12.73,35.73,20.74,14.12,1.16,18.16,1.92,1011.72,drought,1
97.1,30.29,64.74,102.16,3.46,50.97,0.2,977.07,cyclone,3
15.59,23.1,94.75,3.07,3.68,22.29,0.29,1034.88,none,0
1.97,15.81,39.91,10.95,1.52,28.49,0.14,1010.46,none,0
65.46,29.81,77.28,138.97,2.51,41.85,0.29,981.98,cyclone,2
98.54,29.1,79.2,8.82,3.05,51.21,0.62,1019.97,flood,1
4.23,28.49,69.42,12.11,3.43,45.02,0.17,1004.18,none,0
82.29,31.28,92.22,5.91,8.56,86.6,1.09,1005.65,flood,2
150.84,21.5,64.47,48.95,2.81,25.01,0.97,988.45,cyclone,3
12.9,22.53,77.12,28.31,0.48,34.79,3.82,1007.34,earthquake,1
14.79,15.47,68.17,6.9,2.27,37.44,0.0,1018.16,none,0
20.97,30.3,44.98,7.55,3.7,24.08,4.68,1008.98,earthquake,2
23.92,32.08,57.25,12.55,3.07,0.49,0.31,1006.7,drought,1
108.43,31.49,40.52,6.11,7.65,66.2,0.11,996.06,flood,2
7.51,32.72,5.71,9.65,3.48,9.84,0.54,1001.93,drought,1
49.75,23.89,86.24,7.74,7.77,66.03,0.15,1000.18,flood,2
15.75,31.66,31.2,25.77,2.88,0.0,0.2,1003.03,drought,1
12.11,31.99,36.42,14.26,2.55,12.78,0.35,1000.9,drought,1
4.05,21.92,68.26,6.17,2.09,40.24,0.04,1010.48,none,0
123.05,25.5,34.46,7.27,4.82,60.85,0.12,996.6,flood,2
9.6,21.8,72.7,11.29,3.67,41.34,1.8,1014.44,none,0
168.88,29.71,57.28,20.44,3.86,49.89,0.11,998.21,flood,2
22.28,35.55,44.23,6.0,2.11,34.29,0.79,1006.72,drought,1
51.04,29.86,73.34,98.93,2.61,31.52,0.22,988.64,cyclone,2
5.68,26.51,42.9,3.01,4.05,42.8,0.25,1007.86,none,0
8.37,24.19,63.88,19.76,3.85,50.25,0.45,1003.62,none,0
37.22,26.87,73.24,8.72,10.9,57.51,0.0,1011.7,flood,1
41.23,31.73,22.73,8.4,1.86,15.93,0.67,1001.63,drought,1
73.74,32.45,84.55,15.34,3.01,72.41,0.35,1016.53,flood,1
35.36,29.63,63.77,13.9,3.52,36.05,0.02,1011.72,none,0
0.0,28.88,47.03,16.18,3.49,14.09,0.32,1011.13,drought,1
47.76,27.05,76.71,15.69,5.19,62.63,0.76,1006.84,flood,2
187.21,24.55,71.69,11.98,9.87,48.82,0.21,1001.48,flood,3
42.08,28.92,83.41,123.8,2.49,41.73,0.39,983.98,cyclone,2
65.91,23.27,100.0,8.03,6.56,43.68,0.13,1003.7,flood,2
1.61,30.1,61.34,5.36,2.17,34.05,0.36,1008.55,drought,0
207.44,26.16,68.45,17.66,8.7,61.28,0.11,1006.72,flood,3
98.48,31.8,56.96,10.01,14.82,72.76,0.93,1001.19,flood,2
11.67,25.76,68.17,1.77,1.58,44.6,0.22,1003.25,none,0
17.75,25.78,73.65,8.92,3.39,31.71,2.22,1006.01,none,0
188.15,29.03,60.99,7.79,15.35,52.33,0.01,1012.8,flood,2
15.31,27.16,77.16,17.74,2.89,17.38,0.47,1010.28,none,0
5.24,24.89,47.42,17.71,2.79,30.78,0.64,1017.31,none,0
8.0,26.14,45.58,3.76,3.99,10.13,0.33,1015.18,none,0
0.0,34.08,55.68,3.81,3.9,4.29,1.7,1014.19,drought,1
64.2,20.32,59.19,34.42,4.55,30.38,4.14,1009.41,earthquake,2
20.41,22.36,41.93,11.67,4.09,53.56,0.68,1013.19,none,0
8.59,23.84,48.02,9.6,2.7,36.53,0.23,1017.58,none,0
1.85,31.82,51.65,10.4,2.61,49.01,0.07,1012.6,none,0
85.04,26.73,77.83,155.41,3.54,21.64,0.21,986.68,cyclone,3
117.89,19.28,88.64,97.8,3.48,43.55,0.04,987.09,cyclone,2
24.41,25.56,64.5,5.65,2.25,33.55,0.32,1011.35,none,0
174.43,21.31,56.74,3.47,10.23,90.34,0.31,1005.52,flood,2
9.35,26.49,55.21,8.43,2.43,15.83,7.04,1013.64,earthquake,2
7.26,32.12,69.08,24.24,2.58,26.47,7.74,1004.22,earthquake,2
12.5,23.41,61.92,32.5,4.09,39.57,0.04,1020.74,none,0
3.22,27.15,64.55,17.45,2.56,48.74,0.29,1002.54,none,0
6.42,21.63,51.85,4.69,0.55,36.34,0.52,1005.3,none,0
12.55,29.87,51.0,2.29,2.34,28.67,0.08,1009.52,none,0
137.31,29.55,79.92,14.65,9.79,62.61,1.66,998.04,flood,3
6.46,18.78,49.0,37.41,1.82,25.33,1.2,1015.15,none,0
6.34,26.7,57.98,34.53,2.79,5.04,0.08,997.2,none,0
57.99,27.13,86.95,30.48,3.56,33.38,0.37,982.69,cyclone,2
9.13,30.94,46.18,21.34,3.3,44.27,0.4,1014.47,none,0
79.22,22.19,66.02,69.98,4.13,20.16,0.06,970.98,cyclone,3
80.38,24.33,92.45,60.09,2.28,42.07,0.12,987.3,cyclone,2
3.31,23.62,53.31,9.72,2.73,43.15,0.59,1023.12,none,0
7.62,30.61,57.0,5.5,3.33,26.71,5.43,1035.96,earthquake,1
72.74,28.98,100.0,50.25,1.3,27.73,0.21,989.74,cyclone,1
10.18,26.32,69.02,12.32,3.83,20.39,0.07,1009.69,none,0
6.56,27.39,36.94,20.01,1.83,20.73,6.37,1015.29,earthquake,2
10.84,37.65,56.82,13.73,1.28,21.2,0.16,1016.59,none,0
58.05,25.24,98.04,130.4,1.9,42.21,0.58,1000.53,cyclone,2
23.8,28.54,31.1,33.97,4.74,43.99,0.09,1029.35,none,0
51.92,24.32,74.71,60.35,2.31,56.27,0.05,987.5,cyclone,1
9.08,41.77,26.24,6.19,2.3,5.53,0.28,1010.42,drought,1
10.99,26.54,53.68,19.43,2.58,26.9,0.05,1028.91,none,0
29.51,29.63,77.66,8.01,3.94,40.94,4.45,996.75,earthquake,2
3.64,35.47,18.33,22.31,2.87,16.49,0.68,1019.97,drought,1
15.87,37.12,61.27,8.97,3.19,21.39,0.17,1004.9,none,0
13.61,26.25,56.31,10.41,1.91,17.7,0.98,1007.22,none,0
42.79,24.17,63.15,9.49,4.32,59.09,7.83,1024.52,earthquake,2
36.56,29.06,72.8,20.06,4.02,27.83,1.35,1027.6,none,0
10.19,23.37,66.95,14.14,3.56,30.0,0.24,1021.95,none,0
25.42,24.47,52.57,21.48,3.24,21.0,0.08,1011.3,none,0
21.89,21.71,46.03,16.4,3.55,29.93,0.59,1002.01,none,0
25.36,29.21,63.56,1.75,3.33,44.08,1.32,1014.93,none,0
5.79,24.02,45.7,15.46,2.75,39.79,5.8,1004.42,earthquake,2
7.01,20.89,30.61,1.78,3.67,65.23,0.15,1002.76,none,0
185.93,29.86,79.45,16.86,4.26,100.0,0.17,1007.31,flood,2
31.76,25.75,82.34,71.07,3.81,42.53,0.01,978.9,cyclone,2
2.44,29.73,11.04,15.02,1.06,24.23,0.19,1002.45,drought,0
30.25,27.83,69.75,8.46,1.5,38.88,0.98,1008.91,none,0
14.22,33.18,67.39,9.55,1.81,8.2,0.84,1011.45,none,0
136.07,29.64,81.47,17.72,9.43,69.25,0.34,1009.26,flood,2
2.02,37.61,36.69,4.83,2.71,16.64,2.24,1003.02,drought,1
58.1,28.51,58.48,10.56,8.35,73.71,1.16,1019.95,flood,2
24.8,21.7,36.42,27.3,3.08,56.65,0.27,992.81,none,0
62.64,31.22,39.19,51.16,7.83,76.54,0.01,1001.21,flood,2
20.41,31.87,81.57,21.16,3.82,28.41,6.57,1018.58,earthquake,2
161.89,26.97,72.71,7.51,5.8,62.71,0.05,1005.67,flood,2
6.01,34.93,36.33,18.96,4.27,35.35,0.12,1006.68,drought,1
13.81,25.69,73.35,5.34,4.44,27.9,0.07,1021.39,none,0
125.61,37.45,76.64,59.32,2.03,26.79,0.22,978.43,cyclone,2
14.04,29.76,71.02,18.37,3.96,26.69,0.05,1009.37,none,0
0.0,38.16,38.42,35.02,1.01,12.73,0.55,1004.31,drought,1
164.59,20.85,55.89,9.39,4.59,53.25,0.45,1015.1,flood,2
184.84,29.03,91.92,12.91,4.05,62.81,0.29,1001.14,flood,2
4.41,30.14,90.44,18.01,2.77,35.58,1.11,1013.19,none,0
28.07,35.4,80.92,10.2,1.33,36.56,4.57,1000.67,earthquake,1
22.56,32.82,49.81,6.55,2.03,56.18,7.85,1016.68,earthquake,2
31.06,33.66,74.11,6.81,4.15,40.88,3.68,1019.4,earthquake,1
24.56,19.42,61.4,76.32,3.73,41.07,0.23,1004.05,cyclone,1
16.05,26.36,68.81,3.56,2.47,44.3,0.17,1018.21,none,0
15.99,24.51,20.87,18.01,2.88,23.66,0.48,1006.69,none,0
92.42,33.67,100.0,6.05,8.27,40.25,0.27,1010.17,flood,2
8.52,16.65,37.22,14.49,2.81,25.03,0.28,1013.68,none,0
4.88,32.62,56.63,13.11,3.46,5.13,0.03,1009.36,none,0
10.79,27.71,42.11,18.38,2.43,32.28,0.15,1012.73,none,0
30.3,28.83,62.23,40.76,3.18,32.57,0.01,988.64,none,0
7.21,23.32,54.9,18.59,4.94,36.23,0.08,1019.24,none,0
9.89,16.67,76.0,11.98,1.43,27.02,5.33,1011.38,earthquake,1
7.05,25.67,46.4,1.35,3.69,21.32,7.59,1013.67,earthquake,2
0.0,36.7,15.58,12.45,2.93,8.83,0.66,1020.51,drought,0
16.11,26.83,82.53,110.28,3.33,38.95,0.7,979.04,cyclone,1
145.27,31.76,81.89,83.33,2.23,46.07,0.77,965.71,cyclone,3
16.57,19.82,54.33,12.65,4.01,41.33,0.37,1017.06,none,0
90.23,21.87,77.79,8.78,4.08,78.74,0.55,999.35,flood,1
11.93,25.8,56.57,7.18,2.47,45.47,4.78,1017.91,earthquake,1
7.55,23.7,56.41,14.19,1.63,23.5,0.48,1017.39,none,0
11.01,28.31,68.48,17.99,2.56,51.79,0.5,1010.11,none,0
172.95,25.35,97.33,24.2,4.62,84.24,1.02,1004.15,flood,2
112.46,20.15,85.3,17.71,4.44,99.23,0.04,1011.44,flood,2
13.69,35.42,48.86,4.22,3.46,22.88,0.04,1015.36,none,0
5.56,33.42,47.49,18.88,2.73,22.79,0.54,1018.04,drought,1
8.47,36.38,69.8,28.54,2.52,48.92,0.15,1014.44,none,0
0.0,30.01,50.5,14.53,3.73,11.43,0.24,1017.3,drought,1
200.72,21.9,84.93,21.0,8.03,76.77,0.05,987.76,flood,3
4.37,24.92,47.42,13.61,3.49,0.0,0.41,1010.62,drought,1
19.18,16.18,65.06,8.4,5.07,32.41,0.2,1012.04,none,0
19.15,31.79,42.41,1.9,3.89,0.0,0.88,1020.7,drought,1
108.59,17.87,58.66,30.75,9.7,60.86,0.15,1021.91,flood,2
6.45,28.46,47.77,2.4,3.39,43.25,0.61,1009.8,none,0
29.72,22.84,76.3,7.78,3.89,52.39,0.28,1004.97,none,0
15.73,32.65,43.37,3.27,2.14,46.52,0.66,1014.68,none,0
24.31,27.74,32.93,2.65,2.74,18.57,0.07,1015.0,drought,0
42.23,27.08,54.41,15.17,3.71,21.84,0.52,1009.31,none,0
9.67,30.52,59.54,27.97,2.57,44.68,4.45,1021.78,earthquake,1
20.91,28.83,58.04,6.99,1.88,26.32,0.34,1012.61,none,0
59.63,24.49,92.93,108.73,2.25,50.59,0.71,985.29,cyclone,2
2.31,43.43,29.62,20.02,3.42,9.23,0.22,1015.67,drought,1
22.61,30.07,75.58,15.3,0.0,23.39,0.52,1005.1,none,0
12.2,23.32,70.27,23.24,3.08,17.39,0.4,1011.74,none,0
27.36,26.03,61.78,10.0,2.17,30.08,0.33,1009.0,none,0
161.07,23.15,92.48,120.7,2.02,29.64,0.5,989.4,cyclone,3
14.58,31.25,48.16,8.1,3.62,46.45,8.21,1009.54,earthquake,2
35.06,25.57,89.86,159.16,3.23,63.16,0.18,975.17,cyclone,2
6.7,25.35,71.93,7.84,2.55,23.64,0.03,1022.44,none,0
27.52,20.38,70.74,10.56,5.09,57.93,0.14,1020.63,flood,1
0.0,33.87,3.83,15.43,4.38,8.7,0.31,1015.73,drought,1
14.18,24.95,60.65,18.31,1.16,35.62,0.31,1020.2,none,0
5.59,28.45,80.87,27.24,2.18,33.47,7.4,1001.79,earthquake,2
4.95,37.37,55.58,12.78,3.24,27.5,0.53,1032.59,none,0
21.14,30.38,57.35,4.44,2.21,32.72,0.05,1008.53,none,0
31.17,22.4,61.16,13.57,3.35,54.02,0.14,1019.46,none,0
22.84,22.15,66.49,1.92,1.87,53.22,0.2,1024.63,none,0
24.43,26.67,53.94,7.24,1.32,20.57,0.36,998.98,none,0
100.07,21.64,91.34,10.16,8.33,82.64,1.74,1015.0,flood,2
3.35,24.75,40.86,9.37,3.17,37.19,0.17,999.47,none,0
9.8,23.27,55.6,18.89,4.32,16.27,0.03,1018.26,none,0
81.36,28.38,66.47,159.12,1.37,72.18,0.98,1010.55,cyclone,2
0.0,28.46,33.89,21.63,2.93,11.43,0.6,1020.62,drought,1
6.75,35.76,61.55,3.61,3.34,31.05,1.61,1018.88,none,0
14.09,29.4,50.48,3.03,1.97,12.24,7.99,999.04,earthquake,2
52.02,28.8,71.86,5.78,3.38,44.05,1.5,1016.55,none,0
8.5,28.69,58.12,8.24,2.37,43.0,0.33,1028.55,none,0
9.33,19.77,61.4,12.63,5.64,23.83,0.06,1026.47,none,0
90.51,32.41,65.98,0.31,6.96,81.13,0.48,996.1,flood,2
54.14,28.86,92.2,70.54,0.98,36.4,0.09,979.53,cyclone,1
152.66,29.03,77.97,14.99,6.68,82.11,0.22,998.39,flood,2
13.92,25.76,48.3,7.03,4.54,33.2,0.19,1020.75,none,0
3.33,24.62,64.81,36.37,2.0,35.94,0.02,1014.43,none,0
76.7,25.04,95.99,17.54,9.83,72.82,0.14,995.75,flood,2
32.88,18.32,70.53,4.9,1.55,38.24,0.31,1006.77,none,0
135.79,36.52,83.85,10.54,8.33,84.2,1.32,1011.56,flood,2
118.63,27.94,98.87,57.73,2.49,29.45,0.03,981.66,cyclone,2
92.75,26.7,96.98,6.38,4.22,83.66,0.11,1007.87,flood,1
17.1,34.99,44.64,7.08,4.26,30.51,0.54,1012.15,none,0
9.78,22.45,54.84,45.9,2.45,39.59,0.1,1013.0,none,0
20.03,27.08,54.72,13.66,5.13,47.61,0.31,1003.64,none,0
64.59,25.36,77.11,11.18,3.39,89.96,0.7,1004.78,flood,1
166.47,27.77,69.52,9.19,6.99,94.84,0.06,991.39,flood,2
72.91,32.58,57.64,28.14,5.46,83.24,0.42,1005.83,flood,1
4.73,31.9,44.99,2.9,3.85,47.31,0.07,1023.49,none,0
35.23,26.3,59.4,59.03,4.4,16.87,0.06,974.89,cyclone,2
9.24,26.05,71.11,35.36,2.98,29.82,0.24,1007.41,none,0
7.01,33.92,84.66,15.91,1.74,16.23,0.39,1023.12,none,0
18.48,32.05,74.18,4.12,2.85,31.87,0.26,1015.88,none,0
20.07,26.11,58.32,19.55,2.74,52.11,4.92,1009.23,earthquake,1
10.91,21.57,47.66,2.02,2.06,60.73,1.29,1023.73,none,0
4.37,31.16,44.21,13.14,2.86,32.89,0.06,1020.9,none,0
0.06,23.71,61.53,39.69,3.02,40.96,4.51,1013.01,earthquake,1
18.08,28.62,46.88,7.86,2.56,48.66,0.97,1015.46,none,0
12.7,33.92,53.87,7.75,2.4,36.05,0.88,1010.54,none,0
57.86,33.75,65.77,19.22,6.22,63.94,0.11,1008.02,flood,2
2.42,21.84,39.78,14.52,3.98,44.77,0.31,1020.33,none,0
19.85,23.87,58.3,24.09,3.43,30.73,0.62,1006.1,none,0
44.89,22.37,68.27,8.03,4.32,55.43,0.46,1020.04,none,0
50.56,36.12,50.2,9.96,10.44,58.56,0.04,1002.7,flood,2
111.31,31.51,95.63,2.16,10.09,77.69,0.92,1009.67,flood,2
52.57,33.7,88.67,130.98,1.94,29.12,0.25,983.38,cyclone,2
21.57,28.52,52.67,26.4,3.17,47.33,8.08,1032.66,earthquake,2
18.4,25.21,67.45,4.67,3.02,49.88,8.43,1013.52,earthquake,2
137.52,28.76,61.55,17.25,8.17,52.68,0.34,999.69,flood,3
213.78,24.44,99.3,13.03,9.75,73.51,1.65,1025.56,flood,3
8.96,24.84,51.81,13.33,3.66,33.37,6.68,1006.88,earthquake,2
24.53,32.67,59.46,2.65,1.9,35.97,0.25,1005.77,none,0
30.13,27.31,67.49,2.58,3.41,46.45,1.08,1010.62,none,0
16.47,30.22,53.05,20.97,4.24,47.47,0.05,1010.11,none,0
87.44,22.85,90.16,8.08,7.62,65.09,0.26,1006.09,flood,2
112.23,25.16,60.67,11.6,12.57,56.35,0.62,1011.03,flood,2
23.52,28.49,85.96,83.38,1.1,6.3,0.84,970.75,cyclone,2
80.72,28.85,80.97,157.8,1.47,0.0,0.19,974.86,cyclone,3
25.5,22.5,77.41,20.79,3.56,41.01,0.18,1010.92,none,0
176.12,29.79,90.0,7.43,5.19,74.32,0.08,1011.42,flood,2
9.42,22.56,60.69,19.72,2.14,32.65,0.82,1020.86,none,0
15.84,27.31,58.72,2.79,2.85,29.36,7.74,1006.04,earthquake,2
5.61,18.21,52.54,6.41,3.61,55.55,0.2,1005.13,none,0
4.79,19.89,51.53,13.18,3.89,39.63,0.2,1016.13,none,0
3.86,28.02,38.96,8.14,3.87,27.68,1.49,1015.66,drought,1
19.36,26.98,42.0,21.27,2.25,28.62,0.48,1011.26,none,0
32.48,31.45,30.98,25.72,4.68,27.75,0.45,1013.72,none,0
126.78,18.66,54.39,15.12,5.6,33.82,0.56,1001.44,flood,2
0.0,33.78,0.65,12.14,2.96,4.8,0.47,1009.93,drought,1
0.0,43.51,27.73,11.77,2.47,29.8,0.51,1008.22,drought,0
22.5,33.76,67.96,27.16,2.8,34.98,5.26,1004.94,earthquake,2
27.53,25.04,42.3,11.12,4.34,20.87,0.59,1024.49,none,0
3.17,23.37,67.17,8.42,3.79,25.35,0.28,1019.3,none,0
10.91,26.02,52.14,5.56,2.7,71.97,0.04,1006.19,none,0
198.45,38.61,86.24,12.85,6.65,42.46,1.07,1007.94,flood,2
1.05,20.75,67.76,12.83,4.32,37.89,0.45,1015.57,none,0
5.93,33.09,44.6,2.79,4.82,27.69,0.35,1015.93,none,0
33.92,25.7,64.41,12.46,3.55,52.35,0.24,1009.12,none,0
13.68,19.25,43.0,11.57,2.15,30.89,0.66,1031.73,none,0
97.53,22.76,87.26,103.82,3.41,32.44,0.05,972.91,cyclone,3
32.47,29.75,58.65,11.7,2.18,37.02,0.63,1018.66,none,0
0.0,41.5,44.67,11.66,3.95,5.64,0.53,1016.43,drought,1
88.2,27.31,94.13,14.71,8.12,55.89,0.06,1007.31,flood,2
39.71,26.34,80.92,98.37,4.42,12.95,0.61,977.14,cyclone,2
96.36,26.83,100.0,98.69,3.25,32.81,0.54,995.0,cyclone,2
13.62,32.39,32.36,29.04,3.57,25.13,0.62,1026.88,drought,1
7.63,12.76,69.29,8.7,4.91,31.3,0.62,1016.66,none,0
55.34,26.43,75.22,12.72,2.67,22.24,0.05,1015.39,none,0
5.51,32.37,28.49,14.35,1.63,1.93,0.38,1014.05,drought,1
44.49,26.29,45.4,38.56,3.19,35.97,0.09,981.99,cyclone,1
21.02,19.91,60.95,12.01,2.85,27.7,7.34,1009.25,earthquake,2
50.42,20.33,57.8,15.42,7.67,59.21,0.28,1001.23,flood,2
85.4,21.79,53.99,69.69,2.17,35.78,0.21,988.9,cyclone,1
63.4,30.49,87.69,117.25,3.07,38.05,0.49,993.74,cyclone,2
7.45,28.4,93.25,16.92,4.27,44.3,0.05,1016.56,none,0
10.87,26.42,65.12,10.63,2.82,34.96,0.38,1021.2,none,0
9.44,29.63,40.76,25.68,2.22,2.19,1.12,1016.23,drought,1
18.86,28.61,50.57,11.29,3.47,23.21,0.21,1012.15,drought,0
5.86,21.57,59.71,18.71,2.07,44.38,0.34,1016.39,none,0
156.35,18.37,59.37,23.16,11.17,70.49,0.4,1006.6,flood,2
11.75,30.96,38.85,12.85,2.15,25.85,0.1,994.94,none,0
5.61,20.93,59.34,3.1,3.86,37.96,1.55,1010.8,none,0
17.89,28.71,57.45,12.89,1.94,57.17,0.18,1027.45,none,0
191.58,27.16,72.54,9.13,5.3,54.98,0.54,1016.36,flood,2
192.15,25.66,71.23,110.89,4.01,43.9,0.08,988.51,cyclone,3
31.01,30.71,81.72,16.5,3.58,14.95,0.13,1019.0,none,0
16.42,36.16,45.63,25.12,3.85,30.15,0.47,1006.57,none,0
6.13,21.49,69.79,28.76,1.97,24.71,0.35,1019.58,none,0
104.24,27.85,61.31,54.21,3.85,36.01,0.46,1009.27,cyclone,2
197.94,27.61,100.0,4.54,4.89,93.17,0.25,1007.98,flood,2
95.72,16.0,83.11,22.83,11.41,70.72,0.24,988.53,flood,2
22.08,31.35,84.0,8.48,3.29,43.38,0.26,1008.32,none,0
10.92,27.13,56.17,2.7,2.76,32.85,0.01,1014.97,none,0
14.23,30.51,64.61,16.5,3.15,27.9,6.15,995.28,earthquake,2
5.84,27.68,60.73,13.94,4.17,43.89,1.24,1004.91,none,0
133.42,24.04,71.51,8.57,6.22,67.81,0.11,1006.82,flood,2
104.4,20.6,83.87,6.8,6.34,76.08,1.22,997.5,flood,2
43.96,23.7,95.94,54.16,3.75,17.88,0.42,979.46,cyclone,2
20.15,23.46,58.82,13.86,2.95,52.49,0.19,1013.06,none,0
156.93,33.36,43.63,8.74,5.99,70.35,0.53,1012.08,flood,2
4.56,27.99,42.54,23.61,3.37,26.08,5.75,1018.33,earthquake,2
8.61,24.01,70.72,14.24,3.76,16.54,7.29,1006.81,earthquake,2
13.43,27.89,68.6,3.08,1.49,1.47,0.24,1005.49,none,0
9.17,28.21,41.9,6.94,3.24,36.54,1.02,1012.13,none,0
9.2,26.58,41.96,5.82,2.58,8.96,0.37,1013.22,drought,1
107.53,25.95,74.56,284.54,1.7,50.68,0.23,968.7,cyclone,3
48.48,18.37,50.73,14.2,2.45,8.27,1.73,1010.83,none,0
21.16,25.47,40.3,7.99,2.95,29.07,0.62,1023.14,none,0
4.87,22.68,42.09,11.31,3.75,30.68,0.02,1013.69,none,0
16.62,31.04,23.75,9.09,3.56,24.4,1.06,1020.27,drought,1
15.87,22.73,54.23,9.29,2.19,19.5,0.06,1018.97,none,0
0.0,39.05,31.83,14.85,2.31,16.79,0.71,1002.85,drought,1
36.75,23.86,95.57,10.09,10.61,92.95,0.31,1004.26,flood,1
0.0,43.8,43.16,20.86,1.9,20.74,1.27,1002.71,drought,1
1.61,34.54,67.39,19.03,2.73,35.22,0.16,1024.01,none,0
92.11,31.6,100.0,102.34,4.85,40.51,0.44,978.68,cyclone,3
21.95,31.51,25.11,9.01,0.91,31.59,0.47,1003.15,none,0
86.44,34.04,72.28,4.5,7.73,72.02,0.51,1004.49,flood,2
7.34,31.05,40.54,13.81,1.92,33.86,0.35,1021.41,drought,0
45.45,30.27,41.97,1.41,0.76,28.98,0.19,1005.6,none,0
4.3,32.33,33.96,11.59,3.45,32.35,8.29,1019.07,earthquake,2
13.91,25.78,67.37,4.86,2.01,20.16,0.38,1022.39,none,0
13.2,19.83,69.12,1.96,2.92,40.38,0.01,1025.55,none,0
18.58,32.26,53.49,15.94,2.92,41.01,5.58,1017.56,earthquake,1
51.13,28.91,39.47,4.78,3.91,23.76,0.08,1013.96,none,0
8.07,30.06,58.85,3.76,6.42,32.58,0.23,992.32,none,0
0.0,30.2,57.78,37.49,2.5,11.2,0.43,1006.06,drought,1
2.69,30.97,45.13,14.11,3.31,9.31,0.06,1011.66,drought,1
55.99,33.92,51.34,61.97,4.4,32.14,0.98,987.81,cyclone,2
27.66,32.25,46.59,16.76,1.37,48.19,0.07,1010.75,none,0
51.37,29.91,74.0,11.68,7.24,66.98,0.0,1003.0,flood,1
2.53,29.52,34.24,11.95,1.13,0.0,0.01,1016.51,drought,1
95.96,24.27,66.58,10.46,11.54,64.13,1.39,1005.07,flood,2
124.1,25.99,74.64,10.48,6.1,44.68,0.04,1014.79,flood,2
107.92,23.67,74.74,16.7,12.65,56.1,0.96,1021.08,flood,2
148.67,25.33,83.87,8.48,6.48,74.52,0.8,1011.89,flood,2
10.39,34.03,38.26,5.68,3.15,27.65,0.02,1002.03,none,1
186.76,26.45,87.08,7.34,4.75,80.27,1.03,997.99,flood,2
31.83,22.49,73.37,8.59,2.37,27.8,3.99,1002.4,earthquake,1
98.05,21.68,65.61,60.97,2.31,18.41,0.34,980.59,cyclone,2
191.78,34.54,79.93,18.82,7.01,37.53,0.03,997.59,flood,2
108.31,32.06,71.1,53.99,3.1,28.77,0.17,981.32,cyclone,2
16.38,31.91,73.27,36.08,3.36,26.75,1.14,1005.58,none,0
22.92,19.23,39.79,11.93,2.71,29.28,0.15,1015.65,none,0
119.52,33.08,100.0,57.44,3.78,17.79,0.08,981.65,cyclone,3
14.79,23.35,59.78,9.25,5.68,26.19,0.85,1006.91,none,0
2.95,28.78,61.39,4.64,1.84,34.67,0.04,1008.66,none,0
23.64,18.97,70.85,14.83,4.65,35.29,1.26,1016.76,none,0
7.72,31.61,79.12,13.58,3.16,35.4,0.26,1021.47,none,0
48.47,25.29,86.62,135.12,2.08,25.06,0.58,978.84,cyclone,3
10.5,29.1,55.58,5.83,4.86,29.72,0.06,1019.28,none,0
8.83,22.76,36.95,5.34,2.42,36.57,0.59,1023.74,none,0
12.0,29.21,57.65,5.53,2.24,52.58,0.51,1000.82,none,0
149.61,19.15,74.11,9.57,5.19,68.09,0.36,1005.87,flood,2
66.93,23.79,88.27,6.48,5.83,53.07,0.1,1008.5,flood,1
0.0,29.99,47.9,17.74,1.89,6.67,0.21,1012.11,drought,1
8.4,35.4,60.5,12.56,5.04,22.27,5.92,1020.15,earthquake,2
1.62,30.87,65.3,3.13,3.57,18.4,0.53,1016.0,none,0
26.27,18.04,84.57,22.03,2.86,44.47,0.02,1010.83,none,0
64.15,26.74,91.42,90.77,4.15,17.08,0.16,989.83,cyclone,2
177.86,22.29,100.0,10.71,6.52,60.31,0.1,1014.14,flood,2
29.61,23.58,55.73,5.11,4.23,9.66,0.4,1004.31,none,0
11.61,18.92,89.23,24.09,3.66,21.65,0.08,1003.01,none,0
228.74,31.46,97.47,16.7,4.05,88.07,0.57,1011.76,flood,2
237.31,23.84,93.14,24.96,13.6,61.3,0.04,1011.88,flood,3
153.15,16.16,90.09,11.86,6.08,81.4,0.32,1006.75,flood,2
47.83,26.42,89.36,95.1,3.05,33.15,0.15,972.13,cyclone,2
90.23,24.77,79.02,8.12,13.49,77.18,0.65,1005.71,flood,2
95.96,30.09,77.35,40.65,3.51,40.28,0.01,983.64,cyclone,2
12.12,24.06,76.12,13.36,3.45,33.23,0.28,996.48,none,0
4.92,30.23,51.4,11.9,2.86,11.79,0.98,1005.11,drought,1
61.27,25.62,69.07,75.06,2.95,33.32,0.32,1012.46,cyclone,1
88.9,28.0,54.75,5.24,5.7,64.0,0.83,1005.78,flood,2
14.76,24.92,66.65,21.74,2.54,42.57,0.69,1007.25,none,0
30.35,22.9,59.93,13.77,3.54,28.36,0.42,999.76,none,0
7.35,22.09,56.88,14.03,2.12,29.47,0.03,1017.07,none,0
5.72,38.26,40.83,28.22,3.32,29.8,0.02,1006.9,drought,1
61.02,27.21,78.18,5.48,2.72,39.66,0.28,1009.57,none,0
94.4,23.79,72.99,117.94,2.92,21.25,0.56,990.35,cyclone,3
10.21,20.9,72.11,5.2,3.7,14.55,0.67,1018.48,none,0
15.02,32.43,47.04,10.42,2.3,29.49,0.06,1017.4,none,0
78.89,26.17,71.07,67.12,3.7,43.6,0.9,985.39,cyclone,2
19.22,23.21,53.14,18.27,1.56,16.61,1.07,1001.08,none,0
30.91,30.71,94.64,96.71,3.71,38.25,0.05,983.85,cyclone,2
47.52,30.3,49.34,13.45,3.79,36.82,0.06,1011.6,none,0
102.69,26.84,94.25,5.3,6.76,49.64,0.4,1026.14,flood,1
111.4,19.82,100.0,7.32,5.92,51.76,0.9,994.82,flood,2
5.89,22.45,56.87,20.73,2.08,32.22,0.13,1022.76,none,0
100.27,19.65,71.49,20.23,5.44,48.47,0.39,1001.86,flood,2
9.68,22.99,42.37,11.82,3.91,50.36,0.95,1011.47,none,0
140.11,15.56,58.36,114.15,2.89,42.36,0.72,986.01,cyclone,3
104.16,23.52,65.35,10.87,4.3,45.88,0.23,1008.52,flood,1
115.68,37.38,75.31,34.88,9.39,54.04,0.19,1013.79,flood,2
104.26,22.75,87.97,7.12,4.97,88.54,0.38,1002.47,flood,1
1.55,23.76,44.05,12.91,4.5,38.4,0.03,1016.13,none,0
64.85,22.85,100.0,96.83,3.55,24.29,0.46,977.82,cyclone,3
100.27,19.62,85.28,191.79,3.9,49.19,0.18,975.0,cyclone,3
59.05,30.91,100.0,1.62,7.56,67.31,1.57,989.43,flood,2
5.3,30.73,46.7,7.69,1.69,50.11,0.58,1007.97,none,0
0.0,37.49,62.73,4.75,1.9,25.36,0.79,1019.13,drought,0
7.32,24.42,36.19,15.26,2.08,43.41,0.09,1009.38,none,0
109.07,26.14,100.0,15.71,12.77,83.88,0.05,1019.57,flood,2
24.31,29.09,59.02,18.13,4.01,25.06,4.96,1014.54,earthquake,2
21.09,28.87,44.62,15.7,2.65,25.58,0.02,1017.1,none,0
43.97,27.43,69.09,6.8,3.02,46.57,0.72,1004.84,none,0
50.82,25.89,68.14,2.5,3.93,79.82,1.56,1012.42,flood,1
24.31,28.25,88.94,15.94,3.75,28.54,6.88,1017.1,earthquake,2
69.19,19.65,66.83,131.24,1.48,22.94,0.08,989.0,cyclone,2
5.44,27.0,71.41,25.58,2.38,43.17,0.16,999.57,none,0
28.41,30.13,81.9,10.58,3.45,32.19,1.03,1017.14,none,0
84.76,34.66,100.0,93.63,2.01,21.52,0.11,970.39,cyclone,3
17.71,31.27,46.01,7.81,3.62,13.19,0.68,1002.44,drought,1
106.44,22.67,75.37,13.61,7.56,76.7,0.2,1003.3,flood,2
101.59,23.09,74.93,7.97,5.04,55.97,0.28,1019.8,flood,1
50.48,23.5,56.1,12.95,3.55,71.75,0.32,1016.81,flood,1
1.93,28.29,26.61,16.06,4.36,9.56,0.17,1000.34,drought,1
0.0,28.13,25.59,0.54,2.59,21.81,0.47,1000.85,drought,1
116.97,20.85,77.42,63.61,2.23,33.98,0.25,1001.38,cyclone,2
7.53,26.11,77.98,11.43,2.01,49.45,5.99,1010.72,earthquake,1
0.0,28.98,18.93,5.23,3.9,21.12,1.06,1015.83,drought,1
77.85,24.92,79.8,8.92,12.58,66.91,1.09,1013.57,flood,2
3.98,34.32,61.95,2.24,4.14,36.23,0.73,1009.05,none,0
44.38,29.72,84.65,70.15,1.66,29.14,0.05,990.64,cyclone,1
22.55,21.36,63.52,12.93,2.37,40.99,0.0,1004.58,none,0
7.52,22.38,57.34,1.75,2.23,31.99,0.1,1014.14,none,0
136.65,28.14,54.24,147.04,0.77,43.05,0.35,977.79,cyclone,3
9.1,19.49,79.7,29.78,1.23,25.73,0.27,1008.55,none,0
16.06,25.05,63.0,16.91,1.77,39.86,0.14,1015.42,none,0
132.75,22.9,80.71,179.97,4.01,34.96,0.01,963.45,cyclone,3
91.44,36.53,100.0,7.34,8.8,52.68,0.25,1012.68,flood,2
150.44,24.23,99.3,6.25,4.48,80.83,0.41,1005.2,flood,2
16.89,26.51,50.69,8.21,2.31,9.09,0.12,1024.97,none,0
67.29,23.48,74.86,110.83,4.11,45.19,0.6,976.83,cyclone,2
6.31,26.56,45.37,36.44,2.43,36.22,0.92,1007.94,none,0
3.25,27.02,67.09,7.65,3.46,30.67,0.36,1011.43,none,0
15.89,20.97,52.8,11.31,3.43,25.25,0.12,1020.88,none,0
96.06,21.03,54.35,12.55,9.22,43.91,0.14,1014.95,flood,2
16.82,23.87,45.37,14.89,2.9,31.53,4.86,1009.63,earthquake,1
0.0,27.18,24.76,7.79,2.73,10.15,1.08,1023.3,drought,1
39.2,45.12,71.52,12.9,1.28,49.06,0.24,1019.96,none,0
64.26,19.34,92.72,3.21,7.76,52.69,0.55,1007.62,flood,2
96.07,21.89,62.26,9.25,12.43,90.55,0.01,1005.3,flood,2
3.26,25.38,58.4,11.19,3.33,29.14,2.28,1012.66,drought,1
13.65,20.12,43.54,3.34,2.61,38.41,0.45,1010.99,none,0
120.7,22.05,72.86,6.53,6.9,72.49,2.0,1001.44,flood,2
1.77,32.93,65.41,15.17,3.37,25.73,7.55,1017.02,earthquake,2
16.36,29.49,48.76,6.72,4.04,34.56,0.83,1005.4,none,0
26.64,31.36,81.41,0.56,3.76,18.06,0.4,1017.48,none,0
15.75,21.67,67.03,19.3,4.36,40.04,0.41,1013.53,none,0
7.84,22.5,51.66,36.14,2.67,29.95,0.11,1009.48,none,0
161.95,34.18,77.81,18.58,11.25,64.52,0.07,1014.36,flood,2
17.64,31.82,88.21,12.24,3.37,24.25,0.43,1032.7,none,0
128.94,29.4,64.58,8.77,16.94,87.17,0.02,988.96,flood,3
7.28,36.64,60.51,13.66,4.37,47.48,4.28,1014.68,earthquake,1
17.61,21.16,59.62,17.01,4.31,52.02,0.08,1014.5,none,0
91.63,32.21,79.07,8.25,16.63,46.37,0.54,985.68,flood,2
55.67,26.72,65.77,20.04,3.76,75.26,1.03,1011.49,flood,1
26.02,34.82,61.55,1.3,3.12,37.9,0.51,1006.63,none,0
72.57,26.75,58.25,12.03,8.14,48.09,0.02,1016.38,flood,1
1.49,34.2,46.35,13.85,3.11,32.05,0.39,1006.33,none,0
27.17,26.22,75.81,9.64,6.07,68.81,1.0,1008.42,flood,1
18.03,31.36,28.48,6.68,2.05,14.69,0.11,1010.54,drought,0
0.35,30.4,7.58,19.21,4.29,12.31,0.17,1008.98,drought,1
13.39,26.83,64.71,13.89,2.26,37.97,0.44,1013.74,none,0
9.43,38.42,26.9,4.37,4.11,42.68,1.86,1026.1,drought,1
68.69,23.56,96.72,5.26,6.71,76.72,0.9,1011.93,flood,2
16.93,26.36,63.54,5.12,8.22,53.15,0.91,1005.12,flood,1
6.76,29.89,63.58,19.08,4.58,0.0,0.66,1006.27,none,0
74.28,31.33,55.34,2.83,4.06,52.96,0.72,1017.92,flood,1
102.87,21.81,86.73,4.7,4.15,78.5,0.03,1003.8,flood,1
6.63,31.98,48.52,2.7,4.25,37.85,0.03,1010.78,none,0
22.18,26.98,52.3,16.08,1.16,13.62,0.12,1020.77,none,0
11.84,23.39,54.88,2.54,2.14,53.45,0.17,1013.51,none,0
8.32,30.47,37.98,6.78,3.74,10.41,0.08,997.02,drought,1
36.88,28.14,87.36,48.81,1.67,44.03,0.06,987.24,cyclone,1
9.93,19.38,64.86,34.9,4.43,25.28,0.89,1004.59,none,1
41.38,27.6,48.77,4.52,4.32,37.36,0.33,1009.6,none,0
47.28,26.77,76.07,11.14,2.02,30.13,0.33,1012.32,none,0
7.28,20.82,17.12,37.65,2.15,15.68,0.19,1016.1,drought,1
47.42,20.77,97.3,87.69,3.57,24.35,0.55,978.15,cyclone,2
7.07,25.09,30.79,7.41,1.96,29.22,0.71,1013.96,none,0
22.3,35.39,66.84,12.61,1.97,30.76,0.01,1006.62,none,0
16.8,27.31,57.38,18.17,3.29,50.38,0.82,1007.55,none,0
55.27,32.01,80.53,73.62,3.51,37.81,1.09,975.1,cyclone,2
5.68,29.92,48.63,11.45,2.38,21.85,0.61,1024.56,drought,0
11.74,31.31,44.07,41.27,1.72,21.27,0.25,1019.11,none,0
79.82,29.88,55.84,85.41,2.41,41.99,0.09,986.23,cyclone,2
1.26,34.54,46.39,4.34,4.1,12.96,0.06,1004.95,none,0
2.71,37.38,43.51,20.22,4.38,2.59,0.04,1031.79,drought,1
11.21,25.55,62.92,15.6,3.45,37.61,1.18,997.35,none,0
11.02,31.9,52.19,16.13,1.72,35.85,0.02,1024.92,none,0
6.43,25.69,41.12,31.2,4.76,13.39,0.1,1011.81,none,0
66.76,31.73,50.42,26.66,4.25,80.68,0.23,1001.96,flood,1
83.52,17.31,76.35,18.27,3.84,29.54,1.23,987.96,cyclone,2
22.01,22.59,66.41,46.7,2.2,27.53,0.36,967.83,cyclone,2
216.17,33.73,70.17,1.19,5.49,48.97,0.94,984.36,flood,3
140.5,25.24,88.35,4.1,14.59,40.27,0.21,997.87,flood,2
61.34,24.2,93.35,84.3,2.29,37.8,0.64,987.28,cyclone,2
11.73,19.82,65.7,9.79,2.27,34.24,0.01,1002.49,none,0
13.54,26.81,78.35,9.81,2.98,15.61,7.79,1006.43,earthquake,2
0.95,24.83,75.92,10.48,4.28,0.79,0.16,1015.52,none,0
0.0,24.22,60.58,6.22,3.71,0.0,1.36,1013.48,drought,1
19.71,25.48,23.62,2.69,3.1,8.08,0.23,1015.43,drought,1
15.27,24.34,56.75,23.48,3.64,50.61,0.09,1013.26,none,0
48.87,28.75,92.59,115.27,2.96,43.03,0.24,961.93,cyclone,3
10.54,19.36,80.54,15.69,3.11,33.71,0.24,1001.63,none,0
98.27,25.57,61.13,10.42,9.24,61.37,0.51,1008.03,flood,2
24.28,29.26,63.33,20.53,3.26,20.82,0.05,1001.88,none,0
48.76,26.98,48.18,119.82,4.83,50.09,0.19,986.38,cyclone,2
48.09,24.66,86.15,103.76,1.74,45.82,0.08,972.23,cyclone,2
34.43,25.1,64.72,3.54,2.58,20.77,0.1,1019.02,none,0
47.76,18.19,74.49,88.3,2.14,48.43,2.3,984.28,cyclone,2
38.22,22.75,100.0,26.6,7.23,54.18,0.41,995.9,flood,2
77.42,35.88,73.26,17.79,6.63,88.89,0.13,1014.12,flood,1
18.03,29.57,68.76,16.88,4.03,65.06,0.03,1015.29,none,0
29.15,33.29,53.6,8.31,2.47,40.51,0.28,1020.01,none,0
16.38,29.21,56.89,7.91,4.36,21.04,0.12,1011.06,none,0
15.63,24.28,37.01,7.76,3.43,1.43,0.04,989.62,drought,1
27.46,26.85,65.33,12.16,3.05,24.76,0.02,1011.25,none,0
283.69,23.13,78.83,4.48,7.58,50.27,0.23,1005.9,flood,2
9.43,22.69,22.88,44.65,1.55,16.04,0.06,1009.55,drought,1
16.84,25.17,48.21,7.41,3.3,26.58,0.06,1021.51,none,0
41.08,19.43,77.91,30.18,2.53,30.85,0.63,1019.68,none,0
91.37,27.95,70.85,1.45,9.85,49.88,0.24,1004.78,flood,2
38.78,31.73,46.26,3.17,3.42,17.27,0.04,991.16,drought,1
26.06,26.43,61.6,2.08,2.85,18.49,0.07,1013.35,none,0
8.41,17.89,61.8,5.88,2.8,34.15,0.2,1021.43,none,0
0.0,39.07,18.97,27.11,3.67,43.76,0.24,1017.04,drought,0
72.19,34.36,65.79,6.18,10.37,91.74,0.43,992.02,flood,2
6.36,29.92,39.35,15.77,2.52,16.48,0.47,1016.61,drought,1
10.4,33.87,22.7,6.82,2.17,8.29,0.08,1012.09,drought,0
22.56,25.23,64.4,9.44,2.01,25.88,0.52,1011.99,none,0
64.96,28.34,91.11,51.79,1.91,8.92,0.21,978.05,cyclone,2
13.0,31.22,73.16,7.42,2.55,47.19,0.69,1010.55,none,0
6.38,29.3,56.9,7.27,2.71,28.8,8.4,1004.34,earthquake,2
3.94,22.53,67.15,8.45,3.71,40.93,0.32,1015.36,none,0
0.0,35.76,28.25,33.06,3.03,4.24,0.42,1022.54,drought,1
2.86,30.71,60.52,5.76,3.2,30.19,0.07,1017.1,none,0
18.3,28.48,93.12,8.67,2.15,26.97,0.04,1019.65,none,0
44.5,26.64,53.21,3.38,4.3,25.83,0.22,1016.44,none,0
13.11,20.62,69.11,6.82,3.06,46.64,0.02,1006.1,none,0
51.68,15.28,71.92,127.81,4.71,8.11,0.42,965.15,cyclone,3
62.53,18.25,57.17,50.05,3.09,35.59,0.15,984.74,cyclone,2
63.74,26.26,99.1,14.22,8.75,59.97,0.31,1006.98,flood,2
10.67,24.6,74.68,7.0,3.16,50.29,0.5,1002.66,none,0
60.54,34.18,96.4,6.21,10.51,46.63,0.07,1013.91,flood,2
52.69,28.41,89.81,92.09,3.05,45.68,1.45,976.64,cyclone,2
106.78,25.28,87.7,3.88,5.48,69.87,0.08,1014.26,flood,1
15.62,26.09,61.28,1.35,2.89,20.45,6.73,1009.05,earthquake,2
91.1,37.65,100.0,48.67,2.01,33.05,0.39,970.66,cyclone,2
12.42,29.79,59.99,4.05,5.47,44.98,0.99,1012.08,none,0
15.5,21.86,58.43,7.13,2.46,14.52,0.58,1025.5,none,0
13.01,20.52,51.63,14.72,2.26,28.9,1.24,1015.63,none,0
25.63,36.06,47.33,8.36,3.19,32.13,0.22,1007.57,none,0
161.01,24.55,60.05,15.09,4.43,76.68,0.64,1007.79,flood,2
24.6,27.77,68.82,38.9,3.0,33.13,0.01,1019.14,none,0
146.29,31.72,92.96,12.24,7.0,42.23,0.38,1007.21,flood,2
21.13,16.46,78.22,9.11,2.56,22.62,0.91,1004.72,none,0
111.73,20.39,79.14,66.66,0.09,25.89,0.82,992.44,cyclone,2
80.54,36.84,70.51,20.58,7.42,56.09,0.87,1010.85,flood,2
21.72,33.9,79.19,10.13,1.98,54.29,0.52,1023.03,none,0
37.66,28.62,33.91,1.34,2.58,13.08,0.66,1006.66,drought,1
129.5,33.56,58.76,1.0,9.88,80.44,0.1,1013.1,flood,2
10.83,25.42,62.69,8.02,3.87,6.45,0.28,1006.32,none,0
124.23,27.75,91.42,9.67,4.67,69.94,1.56,1013.69,flood,2
24.25,32.28,89.78,3.82,1.61,23.42,0.02,999.52,none,0
45.53,20.53,77.4,32.89,7.33,70.75,1.33,1009.26,flood,2
10.47,26.9,37.45,5.43,3.19,39.76,0.1,1012.07,none,0
3.97,20.51,63.52,20.39,3.65,54.58,0.31,1007.6,none,0
96.87,31.5,100.0,24.45,5.23,100.0,0.24,1006.62,flood,2
65.88,36.73,65.85,18.91,6.98,100.0,0.22,997.93,flood,2
87.55,22.33,79.36,10.24,15.04,71.56,0.26,1013.7,flood,2
7.85,28.82,84.33,9.8,0.07,47.14,0.63,1012.11,none,0
66.03,26.05,93.15,7.98,8.72,61.49,0.1,1010.03,flood,1
6.2,26.46,44.62,0.22,3.88,46.58,7.79,1021.21,earthquake,2
78.06,35.39,77.94,87.47,4.2,43.95,0.07,972.94,cyclone,2
24.3,35.58,55.01,14.08,4.55,20.23,0.11,1003.46,none,0
7.89,21.09,46.43,12.54,1.36,67.9,0.15,1002.37,none,0
6.58,23.64,55.56,26.19,3.61,28.73,0.1,1006.83,none,0
207.46,29.9,47.76,30.18,5.55,55.75,0.37,999.05,flood,2
158.81,19.83,89.4,17.66,5.04,78.74,0.81,994.39,flood,2
6.67,27.29,60.43,13.84,3.84,17.86,0.32,1010.2,none,0
26.73,15.71,54.74,35.68,2.1,30.16,0.4,1010.12,none,0
16.54,21.69,51.53,21.5,3.81,34.35,0.1,1015.35,none,0
6.18,32.04,55.61,8.63,2.83,50.83,0.1,1000.98,none,0
182.32,23.83,70.34,5.74,4.38,65.4,0.01,1004.83,flood,2
136.02,20.13,100.0,5.02,7.78,97.08,0.09,1003.3,flood,2
84.99,27.9,82.19,8.58,8.49,86.7,1.06,1000.94,flood,2
10.64,19.2,56.57,9.72,4.4,49.78,6.99,1027.16,earthquake,2
64.09,25.14,62.18,92.24,0.43,51.84,0.05,986.23,cyclone,1
211.01,24.9,72.01,15.99,11.45,60.16,0.24,1008.17,flood,2
5.42,13.15,44.46,10.98,1.93,49.06,0.09,1009.12,none,0
2.93,34.8,42.06,8.6,0.71,17.58,0.24,1001.41,drought,0
122.69,27.79,72.56,16.96,5.81,63.62,0.17,1015.67,flood,2
9.06,30.73,54.48,28.22,2.23,19.69,0.29,1009.4,none,0
43.97,27.28,43.46,76.47,3.31,33.53,0.55,1001.81,cyclone,1
96.88,25.22,81.46,71.79,1.35,37.0,0.37,962.19,cyclone,2
13.68,31.39,65.77,0.31,3.76,37.43,0.21,1010.89,none,0
26.49,32.46,100.0,100.4,1.65,39.86,0.33,980.6,cyclone,2
6.4,29.56,46.01,13.09,2.6,14.33,0.1,1007.75,none,0
1.03,33.03,4.93,13.2,3.21,23.96,0.1,1010.7,drought,1
56.18,24.29,63.73,90.36,4.69,27.68,0.26,956.69,cyclone,2
119.03,20.86,82.59,1.45,9.71,43.94,0.09,1018.0,flood,2
83.22,26.16,65.65,11.72,6.24,82.3,1.03,1004.36,flood,2
5.69,27.95,50.68,3.51,3.39,55.24,0.25,1006.34,none,0
6.7,24.71,79.06,1.83,2.99,28.32,0.08,1010.99,none,0
12.67,37.91,75.14,14.28,3.82,38.59,0.06,1008.74,none,0
111.55,27.5,75.59,6.33,5.96,89.84,0.16,1010.96,flood,1
11.23,29.69,70.13,15.01,4.01,41.9,0.18,989.4,none,0
13.83,24.32,47.3,3.94,4.09,19.99,5.49,1019.31,earthquake,2
17.84,33.58,55.99,8.07,2.7,32.31,0.03,1011.55,none,0
12.35,24.97,65.07,7.67,3.35,9.13,4.71,1015.0,earthquake,2
174.65,23.6,60.91,11.13,7.3,89.56,0.05,1014.6,flood,2
9.83,32.89,42.07,2.61,2.58,14.89,1.47,1023.2,drought,1
94.23,23.87,87.9,4.95,5.87,45.81,0.01,1011.54,flood,1
18.51,33.23,57.71,16.54,3.32,13.93,0.63,1019.92,drought,1
149.37,22.11,68.02,103.44,2.47,45.51,0.23,974.33,cyclone,3
34.91,22.28,72.5,127.38,2.51,43.14,0.28,978.99,cyclone,2
22.68,28.01,76.64,6.2,2.69,33.5,0.11,1013.0,none,0
6.93,31.39,46.03,26.96,3.35,56.02,0.71,1019.35,none,0
7.99,32.3,73.34,5.9,2.63,55.38,0.03,1020.35,none,0
79.92,29.33,70.27,215.2,2.97,29.32,0.65,972.89,cyclone,3
13.42,33.4,27.63,2.61,4.12,29.23,0.29,1028.82,none,0
18.82,28.28,57.29,8.14,3.61,22.52,0.16,1003.42,none,0
4.9,27.81,36.46,5.2,2.29,43.5,0.51,1014.6,none,0
0.0,37.88,43.91,5.11,2.28,0.0,0.89,1009.62,drought,1
133.97,29.46,83.67,17.49,17.49,87.05,0.59,1020.57,flood,2
5.15,29.44,39.61,3.86,4.19,35.54,0.12,1013.02,none,0
136.37,21.2,76.13,75.31,4.39,36.39,0.07,992.52,cyclone,3
170.92,22.67,96.54,1.04,3.13,100.0,0.46,1011.26,flood,2
9.62,25.93,36.52,3.21,3.29,2.63,0.16,1010.2,drought,1
94.13,29.09,77.33,10.08,5.75,70.79,0.09,1011.35,flood,1
0.0,22.92,5.8,9.8,4.11,24.52,0.35,1023.15,drought,0
15.04,36.49,56.36,4.09,2.39,27.24,8.44,1014.55,earthquake,2
91.69,22.76,73.56,41.52,2.76,31.19,2.53,957.1,cyclone,2
97.38,28.23,74.39,215.14,3.37,37.72,0.13,1001.66,cyclone,2
34.86,33.95,77.84,6.9,10.24,69.75,0.07,1032.03,flood,1
26.46,33.68,59.25,17.68,3.54,39.29,0.53,1017.16,none,0
3.24,37.08,51.18,5.47,2.19,33.93,0.16,1012.92,drought,0
14.32,22.53,24.13,21.76,3.32,37.17,0.22,1014.92,none,0
102.32,22.84,88.7,2.01,5.14,67.6,0.02,1010.85,flood,1
146.25,12.65,76.1,4.64,12.63,74.87,1.57,1002.87,flood,3
127.43,25.78,96.15,7.67,4.51,87.08,1.01,1010.09,flood,2
44.11,35.68,54.48,7.18,8.05,65.76,0.23,1012.01,flood,1
55.01,25.65,97.0,4.03,5.17,32.65,0.25,1014.31,flood,1
126.98,33.38,81.46,10.48,8.78,51.14,0.21,1022.85,flood,2
76.6,29.83,91.75,9.42,6.23,66.63,0.4,1015.41,flood,1
11.52,27.97,47.22,10.01,2.52,26.65,0.08,1011.78,drought,0
16.77,24.65,49.42,16.2,3.85,44.23,4.73,1007.08,earthquake,1
140.67,18.94,85.48,3.51,10.37,56.58,0.11,1007.97,flood,2
20.3,26.09,60.92,10.51,3.75,69.46,4.84,1007.85,earthquake,1
21.8,29.03,49.02,13.96,2.6,40.22,7.81,1003.15,earthquake,2
25.84,26.12,55.73,12.92,3.13,26.35,0.72,1005.73,none,0
8.86,34.29,52.58,3.73,3.02,32.8,0.01,1010.9,none,0
148.95,31.68,85.21,60.77,3.8,33.85,0.11,969.46,cyclone,3
30.79,25.77,48.95,8.99,5.29,20.18,7.79,1008.16,earthquake,3
2.67,28.9,53.68,5.6,1.65,40.06,0.33,1024.1,none,0
11.1,26.38,56.95,10.4,4.43,31.77,0.24,1012.77,none,0
9.24,20.51,55.32,21.66,1.72,35.44,0.3,1017.68,none,0
79.17,28.83,41.19,8.33,11.08,100.0,0.19,998.25,flood,2
4.41,26.5,57.37,5.9,2.57,26.18,0.04,1013.32,none,0
21.37,26.45,85.11,13.28,1.9,33.41,0.19,1008.28,none,0
9.55,25.62,63.16,10.66,3.04,25.66,0.18,1015.39,none,0
14.23,26.24,55.64,12.38,3.89,40.28,0.14,1008.95,none,0
11.45,23.22,77.89,10.24,3.05,36.57,0.02,1022.53,none,0
6.35,23.67,80.34,26.7,1.77,28.57,5.79,1005.71,earthquake,2
156.72,23.81,70.94,2.74,11.37,72.61,0.01,1006.03,flood,2
26.53,25.62,86.19,14.87,2.99,29.94,0.93,1017.77,none,0
34.87,20.04,43.11,13.47,2.15,27.38,0.32,1004.13,none,0
11.21,27.34,79.91,33.14,2.99,44.82,0.75,1005.39,none,0
74.12,21.53,69.28,31.28,6.97,63.04,0.12,996.65,flood,2
26.2,34.78,66.57,18.59,3.05,39.75,0.22,1025.09,none,0
19.26,23.79,53.34,17.07,4.06,36.88,0.31,1013.24,none,0
17.87,27.86,67.65,13.6,1.95,32.82,0.77,1022.24,none,0
185.39,32.2,76.68,13.52,7.78,46.97,0.66,1019.95,flood,2
5.85,29.4,67.85,7.4,2.92,45.96,0.1,1006.94,none,0
8.0,46.37,49.24,5.26,3.11,2.13,0.74,1015.15,drought,1
45.2,29.16,100.0,85.36,2.53,55.36,0.37,1002.33,cyclone,1
155.69,27.48,87.41,3.42,19.03,69.36,0.23,1018.17,flood,2
40.74,25.25,50.92,6.22,1.81,44.13,0.02,1011.89,none,0
2.84,26.88,39.74,13.55,3.86,36.74,0.04,1009.52,none,0
0.0,39.54,31.16,16.46,2.64,0.0,0.46,1011.69,drought,1
8.03,29.24,56.5,35.25,3.38,30.61,0.37,1002.37,none,0
52.27,29.87,56.12,4.55,9.03,97.1,0.04,983.29,flood,2
125.97,24.07,89.96,6.3,10.17,66.45,0.06,999.85,flood,2
102.52,21.74,82.37,24.31,7.94,63.54,0.18,999.76,flood,2
10.35,32.01,71.17,2.95,4.37,43.47,0.91,1015.12,none,0
57.66,32.44,42.14,11.39,1.96,7.41,0.4,996.09,drought,2
4.37,13.43,53.34,11.41,3.28,32.97,0.1,1009.14,none,0
26.04,29.36,88.09,2.65,2.43,37.61,0.47,1006.88,none,0
5.78,16.18,51.58,3.87,4.7,15.88,7.34,1026.34,earthquake,2
77.76,27.59,60.03,21.99,6.43,64.72,0.3,992.8,flood,2
6.15,23.88,69.8,9.67,3.18,34.32,0.11,1019.74,none,0
238.57,27.17,62.76,83.89,2.28,27.14,0.4,986.6,cyclone,3
137.93,23.88,99.42,12.11,7.38,81.96,0.21,1012.94,flood,2
27.35,28.19,31.52,37.17,3.81,0.0,0.52,1007.33,drought,2
104.71,26.82,90.47,14.85,4.02,56.53,1.45,1005.54,flood,2
3.02,25.98,65.77,1.89,2.92,0.0,0.16,1009.22,none,0
57.77,27.39,89.64,40.27,4.24,47.48,2.05,969.95,cyclone,2
152.87,19.31,62.26,22.09,6.42,84.95,0.06,1007.29,flood,2
139.72,28.09,88.38,89.03,3.22,33.2,0.66,987.5,cyclone,3
18.57,30.19,60.07,1.81,3.79,42.03,0.24,1008.61,none,0
12.53,23.11,72.0,8.78,3.06,53.51,0.21,1016.26,none,0
12.88,27.52,30.51,10.74,3.51,53.13,0.05,1017.02,none,0
10.64,15.08,83.93,8.54,2.63,56.09,0.12,1015.06,none,0
82.13,30.2,69.67,88.67,3.41,45.75,0.22,990.1,cyclone,2
19.55,31.15,58.28,9.35,2.56,46.05,5.09,1011.48,earthquake,1
68.85,32.38,69.54,12.65,10.43,92.31,0.27,1013.86,flood,2
2.72,25.55,66.17,15.42,2.23,11.59,0.43,1026.41,none,0
99.25,18.43,65.91,10.08,8.65,84.93,0.01,1008.7,flood,2
3.79,21.16,45.25,5.17,2.91,33.53,0.55,1007.72,none,0
10.59,29.79,57.82,20.13,1.59,4.43,0.55,1014.1,none,0
48.22,27.07,84.96,28.16,8.59,36.28,0.68,1000.07,flood,2
14.6,20.87,66.42,2.3,0.7,35.85,0.43,1017.55,none,0
86.29,24.17,71.31,9.06,7.39,35.36,0.73,1022.56,flood,2
13.81,24.45,56.02,26.43,6.31,31.77,0.03,1015.81,none,0
5.57,29.03,7.92,18.24,4.15,5.33,0.15,1022.99,drought,1
14.11,28.28,44.16,20.2,3.59,32.51,0.19,1024.59,none,0
11.99,21.32,63.99,10.19,2.17,39.33,0.57,1009.14,none,0
3.36,29.66,59.28,9.62,2.33,36.98,0.18,1016.36,none,0
91.13,32.17,82.02,91.99,3.44,53.49,0.13,970.1,cyclone,3
2.05,30.72,13.97,5.32,1.27,27.14,0.45,1025.17,drought,0
158.74,20.14,78.2,25.78,12.61,81.15,0.05,1004.01,flood,2
13.6,31.09,70.97,6.4,1.9,26.15,0.04,1002.56,none,0
0.47,31.74,55.95,10.47,3.31,25.33,4.04,1015.04,earthquake,1
111.54,28.06,85.38,11.07,6.23,70.96,0.17,992.0,flood,2
113.51,23.16,70.41,4.61,7.08,60.44,0.28,997.35,flood,2
3.03,26.24,20.44,13.91,3.77,3.45,1.8,1016.11,drought,1
15.78,13.35,72.86,2.29,4.52,32.07,0.14,1017.47,none,0
17.16,23.68,48.43,20.33,2.72,11.58,0.26,1020.75,drought,1
181.51,28.59,87.72,130.8,4.36,29.58,0.05,986.75,cyclone,3
163.11,24.15,71.37,13.42,5.52,45.78,0.23,1016.09,flood,2
10.67,24.95,56.23,10.89,2.83,16.42,1.57,1027.46,none,0
21.97,25.81,73.01,18.79,2.4,31.1,1.29,1020.98,none,0
9.74,37.38,21.03,6.9,3.08,16.84,0.45,998.69,drought,1
12.22,35.06,53.09,8.08,2.73,28.03,0.23,1006.67,none,0
10.61,26.46,49.54,16.31,3.62,38.05,0.39,1008.92,none,0
88.94,26.94,75.55,12.75,4.21,53.27,0.56,1001.67,flood,1
10.13,31.59,67.11,23.1,3.0,24.07,0.12,1010.45,none,0
2.73,24.62,67.86,19.35,2.6,44.1,4.7,1013.52,earthquake,1
34.13,20.95,76.4,164.36,2.72,34.14,0.65,989.8,cyclone,2
58.53,19.06,97.35,206.5,4.41,34.96,1.64,985.27,cyclone,3
27.93,19.07,45.27,5.94,4.5,59.63,4.95,1017.4,earthquake,1
7.78,24.75,31.57,18.05,3.29,32.98,0.03,1006.3,none,0
134.71,28.7,100.0,61.64,1.98,29.91,0.13,969.2,cyclone,2
5.39,26.78,56.37,2.35,2.05,27.87,0.04,1010.18,none,0
17.0,32.06,30.17,17.62,4.66,32.62,0.34,1010.16,none,0
3.58,27.02,40.79,17.73,2.19,15.07,3.82,1009.53,earthquake,1
141.75,25.67,87.29,5.73,6.43,96.07,0.06,1017.29,flood,2
3.34,23.98,66.93,0.1,3.6,36.71,0.04,1011.31,none,0
19.18,19.59,80.87,62.17,3.03,23.67,0.06,968.7,cyclone,2
4.88,23.47,73.85,4.44,4.16,20.3,0.29,1018.84,none,0
138.01,31.17,65.39,17.73,5.02,67.87,0.2,1008.87,flood,2
10.75,22.06,38.43,22.81,3.32,42.66,0.61,1022.12,none,0
122.86,35.73,76.9,8.6,7.23,73.37,0.93,1005.25,flood,2
16.27,23.46,67.09,2.24,2.21,34.17,8.58,1026.9,earthquake,2
16.98,24.93,52.29,6.55,4.64,33.83,7.55,1007.66,earthquake,2
29.88,41.56,66.16,29.72,2.72,36.43,0.28,1012.01,none,0
28.79,35.89,54.11,6.69,4.06,24.29,0.38,1015.51,none,0
26.72,26.57,59.52,25.24,2.98,26.76,0.65,1021.77,none,0
49.16,25.97,75.27,13.13,2.39,43.36,0.15,1008.17,none,0
20.93,27.23,74.44,5.75,1.95,48.89,6.97,1014.85,earthquake,1
103.77,18.38,77.81,11.25,3.89,46.15,0.03,1005.85,flood,1
13.7,25.73,43.05,20.32,1.01,15.98,0.06,1012.65,none,0
19.03,24.63,82.96,13.86,2.43,16.49,0.2,1017.44,none,0
4.58,30.34,60.02,25.86,5.0,35.67,1.09,993.75,none,0
53.77,20.81,70.32,90.28,3.36,36.89,0.03,970.68,cyclone,2
126.13,35.93,76.09,3.31,5.6,59.41,0.17,1011.96,flood,2
56.56,24.35,58.18,12.29,15.84,80.43,0.23,1008.86,flood,2
41.53,25.07,89.92,161.13,2.72,25.04,0.35,952.53,cyclone,3
47.57,19.05,74.02,88.93,2.56,22.84,0.22,957.27,cyclone,2
37.0,39.01,42.44,11.55,3.9,10.26,0.78,1018.92,drought,1
23.68,23.25,32.64,9.41,0.97,9.41,0.17,1024.57,drought,1
30.86,23.64,60.98,14.85,2.14,40.92,0.17,1019.85,none,0
17.74,31.29,59.13,6.66,3.38,38.38,0.74,1029.8,none,0
130.14,20.56,77.15,2.44,5.78,38.7,0.94,998.59,flood,2
22.6,18.04,44.09,20.61,3.29,38.55,0.36,996.4,none,0
13.13,31.12,56.76,1.79,2.99,36.05,0.08,1009.85,none,0
150.94,23.62,100.0,15.43,7.24,65.79,0.22,1009.78,flood,2
67.56,31.82,99.18,39.34,3.32,36.34,0.56,986.55,cyclone,2
18.09,28.98,84.23,8.55,3.25,36.09,0.56,1012.57,none,0
71.86,30.51,93.48,98.56,2.79,27.92,0.69,985.39,cyclone,2
10.91,26.81,36.75,26.95,3.55,43.14,3.53,1020.8,earthquake,1
2.39,30.89,79.49,45.81,2.91,15.78,5.62,1010.86,earthquake,2
61.03,27.39,84.21,127.11,2.88,48.62,1.37,985.7,cyclone,3
0.67,36.48,58.27,20.17,2.7,18.57,0.02,1007.19,drought,1
3.73,22.34,83.56,9.93,3.42,33.7,0.11,1008.6,none,0
171.34,25.4,76.64,8.7,9.08,44.12,0.19,1005.43,flood,2
19.33,17.73,55.49,7.86,3.17,30.54,7.12,1006.87,earthquake,2
7.05,17.17,68.9,1.46,3.66,12.87,6.09,1015.54,earthquake,2
1.35,26.38,73.75,8.29,1.85,31.25,0.01,1021.51,none,0
9.14,28.75,68.7,17.01,2.3,28.87,0.55,1008.93,none,0
3.8,26.6,10.04,3.96,3.54,8.91,0.18,1022.88,drought,0
173.99,22.08,82.37,4.86,16.42,55.86,0.15,1007.05,flood,2
8.08,27.21,74.62,20.58,3.76,48.48,0.32,1015.22,none,0
149.34,23.62,99.47,79.95,2.93,32.38,0.0,975.18,cyclone,3
10.37,33.26,63.04,9.73,2.68,47.97,0.37,1018.36,none,0
11.47,30.32,36.07,11.35,3.77,24.25,0.12,1017.28,none,0
13.27,29.74,42.22,14.1,1.27,31.55,0.78,1000.81,none,0
9.49,33.11,55.46,4.01,3.77,34.8,0.1,1018.18,none,0
67.89,25.29,68.33,109.83,3.43,37.67,1.14,981.61,cyclone,2
12.55,24.28,53.28,19.16,3.19,25.15,1.79,1012.35,none,0
119.43,29.83,79.1,3.31,4.13,46.72,0.31,1006.25,flood,1
6.25,24.31,94.04,5.29,3.49,19.58,0.02,1011.39,none,0
163.93,30.25,86.61,2.26,5.48,98.88,0.23,998.23,flood,2
24.75,35.67,51.99,20.2,2.45,40.8,0.06,1013.19,none,0
12.46,29.54,57.88,18.45,1.7,22.09,0.04,1037.23,none,0
0.0,36.21,60.45,18.77,2.08,16.34,0.02,1020.06,drought,0
14.62,23.09,73.27,27.83,2.95,44.11,0.98,1022.12,none,0
40.45,26.22,76.22,3.8,3.83,53.36,0.24,1012.78,none,0
100.42,20.62,97.52,24.52,11.33,78.05,0.03,1009.29,flood,2
10.88,24.97,49.87,12.81,3.36,42.15,0.11,1009.39,none,0
24.26,22.1,76.5,12.16,1.95,27.99,1.09,1022.78,none,0
8.24,29.08,88.82,5.41,1.42,40.26,8.37,1025.61,earthquake,1
46.65,21.16,85.78,65.85,4.31,17.89,0.72,979.36,cyclone,2
72.96,27.86,81.57,8.13,8.58,70.65,0.29,1010.32,flood,2
26.78,19.23,48.98,12.53,2.46,30.9,0.12,1010.79,none,0
86.26,30.12,74.14,72.13,2.41,23.88,0.47,973.6,cyclone,2
10.06,22.75,98.85,21.2,3.82,45.64,0.02,997.06,none,0
12.34,29.53,50.24,23.62,2.04,29.24,5.37,1012.5,earthquake,1
63.46,28.19,99.27,8.84,5.38,61.57,0.86,986.66,flood,2
182.96,27.94,91.07,6.28,5.09,75.73,0.08,1001.42,flood,2
11.64,32.25,21.96,6.19,4.08,10.57,0.97,1020.61,drought,1
43.25,19.66,70.89,3.72,4.1,78.32,0.96,1018.21,flood,1
9.02,23.05,77.61,12.28,4.3,33.92,9.72,1028.8,earthquake,2
16.95,15.95,60.49,3.89,2.19,22.0,0.53,1007.94,none,0
5.47,26.81,34.64,3.6,2.92,25.54,0.7,1015.14,none,0
120.83,20.06,72.02,88.63,4.37,34.93,0.08,998.88,cyclone,2
51.88,29.04,64.92,63.43,3.7,41.51,0.29,994.99,cyclone,2
16.41,31.88,60.13,0.18,1.5,58.13,1.08,995.8,none,0
9.5,31.63,21.2,13.72,5.5,32.77,0.4,1017.85,drought,1
13.27,25.34,53.81,2.38,2.51,19.58,0.1,1015.28,none,0
21.92,30.25,50.65,5.67,2.06,3.18,0.49,1028.86,drought,1
35.26,28.82,56.65,8.77,2.95,33.91,0.31,1018.37,none,0
26.69,26.71,47.6,5.64,2.81,23.13,0.57,1017.95,drought,1
6.64,27.55,28.11,20.01,3.09,28.53,0.52,1011.71,none,0
14.0,28.56,81.05,2.72,2.65,12.29,0.41,1020.47,none,0
31.24,25.19,65.13,6.58,2.47,39.58,0.55,1002.83,none,0
3.51,26.46,45.92,6.71,3.98,39.07,0.15,1021.92,none,0
28.76,30.73,23.34,6.64,2.71,16.53,0.01,1016.74,none,0
15.73,33.74,49.72,14.77,1.41,36.05,0.76,1009.06,none,0
6.91,30.72,62.19,3.68,3.53,41.08,0.04,1023.53,none,0
83.24,20.33,82.36,216.75,2.62,21.13,0.01,997.36,cyclone,2
15.07,26.23,85.55,16.7,4.57,28.92,0.24,1018.71,none,0
4.83,23.73,57.33,23.28,3.2,12.51,0.11,999.84,none,0
13.87,32.07,61.64,8.92,2.64,23.04,0.35,1007.14,none,0
183.89,31.01,80.14,17.5,8.56,67.25,0.64,1008.51,flood,2
171.51,28.66,99.27,27.39,6.08,48.04,0.64,1009.36,flood,2
53.52,20.38,72.74,82.84,2.11,35.45,0.13,971.53,cyclone,2
35.47,23.82,73.32,118.41,3.79,31.88,0.11,980.97,cyclone,2
0.0,19.08,51.03,8.59,2.31,16.4,0.15,1001.07,drought,1
21.24,33.04,60.74,8.28,2.29,30.15,0.04,1027.51,none,0
92.81,27.95,95.95,3.05,3.49,53.3,0.12,990.4,flood,1
6.2,30.7,34.74,22.86,3.08,23.06,0.15,1008.83,none,0
0.0,38.06,31.98,5.41,3.0,10.79,0.03,1010.08,drought,1
103.62,24.26,67.89,2.57,7.07,53.21,0.03,1010.31,flood,2
10.45,27.9,47.69,6.07,3.08,49.56,0.06,1000.46,none,0
142.28,28.01,71.01,1.17,8.14,77.52,0.33,997.87,flood,3
90.28,27.36,76.16,6.51,5.38,86.68,0.64,1003.21,flood,1
109.95,23.0,63.84,42.35,3.17,41.6,0.04,992.78,cyclone,2
12.86,26.52,83.17,96.69,3.99,30.68,0.31,982.17,cyclone,2
9.81,35.39,64.12,7.19,1.13,7.74,0.76,1002.27,drought,1
76.19,21.18,98.43,85.5,2.66,34.67,0.17,975.02,cyclone,2
34.71,34.43,75.18,41.81,3.42,32.09,0.19,1004.95,cyclone,1
17.04,28.93,78.16,28.36,1.73,19.9,0.24,1007.86,none,0
104.73,26.95,88.64,49.56,8.56,69.49,0.46,1016.22,flood,2
63.17,24.05,77.67,88.57,3.22,16.7,0.5,983.36,cyclone,3
9.56,28.36,45.85,3.42,2.44,33.25,0.36,1000.06,none,0
13.58,21.1,65.9,50.49,2.27,26.25,0.52,1005.98,none,0
131.26,30.81,80.91,12.21,5.59,49.14,0.28,1017.71,flood,2
24.88,32.97,57.59,62.45,4.32,29.99,0.05,976.05,cyclone,2
43.57,33.37,82.76,9.87,3.09,17.55,6.86,1010.36,earthquake,2
7.37,29.04,15.66,4.63,2.57,18.0,0.02,1021.67,drought,0
10.88,22.04,55.66,20.19,4.43,39.33,7.67,1018.03,earthquake,2
0.0,25.1,21.83,6.04,3.55,0.0,0.34,1005.28,drought,1
10.02,38.92,48.9,11.8,2.55,3.88,0.31,1006.39,drought,1
6.02,26.75,21.28,44.38,3.32,28.74,0.04,1016.92,none,0
0.76,26.79,33.57,1.02,4.74,11.16,0.25,1013.35,drought,1
1.15,27.02,65.72,20.13,1.5,24.96,0.64,1022.72,none,0
171.68,36.55,81.11,8.09,4.17,40.2,0.88,1000.24,flood,2
14.05,33.78,68.71,13.52,2.35,40.93,0.26,1026.8,none,0
94.77,29.62,59.26,1.18,12.12,81.51,0.15,1009.2,flood,2
14.4,24.64,69.8,8.46,1.59,50.65,0.39,1029.89,none,0
91.83,30.4,68.15,17.17,8.89,66.47,0.79,1010.88,flood,2
96.23,30.54,58.63,10.9,7.18,100.0,0.4,1013.78,flood,2
7.43,20.36,35.84,11.59,3.98,37.89,0.31,1009.72,none,0
1.77,42.08,49.15,7.67,2.03,11.88,0.33,1004.07,drought,1
79.34,24.6,81.01,6.76,4.39,66.12,0.14,994.28,flood,1
0.0,35.62,31.78,18.63,3.3,20.9,0.49,1017.17,drought,1
168.34,23.95,60.91,59.13,2.16,28.93,0.03,974.77,cyclone,2
32.31,27.14,85.2,75.68,2.0,32.65,0.34,978.74,cyclone,2
12.91,28.64,46.24,29.01,3.61,43.8,0.02,1005.26,none,0
4.05,26.0,49.4,6.61,5.18,47.22,0.38,1016.03,none,0
20.5,24.21,55.53,4.61,2.29,33.6,0.03,1025.69,none,0
9.93,31.68,88.8,8.09,3.85,25.87,0.0,1012.67,none,0
14.18,27.35,49.99,43.43,4.3,40.26,7.94,1006.79,earthquake,2
16.29,19.86,55.46,7.3,1.55,28.85,0.47,1018.96,none,0
12.85,32.53,41.97,8.2,3.2,19.44,0.03,1013.38,none,0
175.17,19.58,67.32,19.86,6.39,52.58,0.01,1002.22,flood,2
21.36,29.31,18.6,5.94,2.29,0.0,0.5,1005.43,drought,1
4.52,23.12,42.24,11.95,3.57,45.27,0.96,1024.19,none,0
2.11,34.86,79.79,28.21,4.37,37.86,0.94,1007.53,none,0
22.9,16.85,37.3,14.16,3.67,20.39,0.15,1005.5,none,0
77.12,26.96,96.68,18.74,5.91,45.54,0.52,998.96,flood,2
2.24,32.98,35.59,1.98,2.12,18.71,1.07,1008.71,drought,0
1.96,28.06,51.86,20.7,1.5,34.53,0.08,999.96,none,0
157.54,18.8,75.58,2.6,6.08,68.68,1.39,1002.12,flood,2
4.37,43.97,39.86,4.42,3.01,3.68,0.1,1012.48,drought,1
77.55,20.66,73.09,181.77,1.55,23.31,0.25,993.28,cyclone,2
78.25,35.52,61.35,13.94,7.39,84.03,0.04,1011.06,flood,2
12.21,25.1,35.74,16.85,3.06,49.29,0.42,1002.23,none,0
80.01,32.94,84.61,107.63,5.35,38.84,0.12,975.24,cyclone,3
44.07,27.34,64.75,3.77,1.61,0.0,0.11,1002.59,none,0
5.76,19.1,49.72,30.46,4.29,63.26,0.15,1007.67,none,0
17.65,33.96,44.61,32.62,3.36,34.19,0.34,1003.41,none,0
168.85,25.19,43.22,21.5,13.4,66.97,0.36,1017.17,flood,3
60.7,18.73,100.0,31.01,3.77,30.92,1.9,989.32,cyclone,2
15.75,24.22,50.51,22.61,3.32,47.21,5.56,1024.67,earthquake,2
13.0,24.16,73.55,10.36,1.8,31.72,0.04,1011.54,none,0
17.18,25.84,52.67,20.57,3.74,31.45,0.17,1019.58,none,0
4.77,19.31,50.5,12.66,1.4,39.53,0.04,1021.71,none,0
99.7,25.82,90.34,61.63,3.07,37.59,0.87,977.28,cyclone,2
18.53,27.67,48.93,2.86,1.75,37.94,0.4,1015.42,none,0
25.18,24.67,46.03,4.55,2.51,41.66,0.14,1005.35,none,0
14.84,29.31,75.19,9.7,3.12,25.34,0.3,1013.02,none,0
61.1,22.62,65.3,86.91,3.73,38.14,0.03,998.54,cyclone,2
9.76,26.38,50.54,3.68,1.79,56.54,8.84,1000.28,earthquake,2
17.3,30.41,53.3,20.09,2.68,42.78,5.5,994.31,earthquake,2
3.81,41.56,40.05,18.55,1.55,27.66,0.48,1000.46,none,0
138.25,23.05,86.0,72.61,0.83,35.99,1.03,976.06,cyclone,3
18.55,26.67,53.63,25.56,1.59,39.73,0.55,1016.05,none,0
63.96,17.71,83.55,136.08,0.84,39.33,0.03,976.68,cyclone,2
6.4,32.24,68.69,27.92,3.0,6.75,0.03,1017.78,none,0
52.1,18.93,88.73,56.92,3.44,59.55,0.71,987.84,cyclone,2
50.31,14.44,66.99,75.15,3.68,42.68,0.39,982.63,cyclone,2
15.59,28.85,100.0,41.23,5.2,47.51,0.89,966.9,cyclone,2
9.62,34.32,78.97,7.45,1.09,37.35,0.17,1012.57,none,0
23.0,20.42,45.55,10.37,4.23,34.45,0.14,1009.63,none,0
11.97,32.02,68.44,10.43,2.58,13.65,6.57,1019.29,earthquake,2
39.69,29.12,64.29,9.81,3.63,43.49,5.01,986.78,earthquake,2
10.27,25.87,21.66,3.65,3.57,0.0,0.65,1018.9,drought,1
17.84,21.13,58.88,13.36,5.5,32.7,1.99,1013.44,none,0
3.47,32.33,34.04,21.13,2.16,3.49,0.27,1024.26,drought,1
6.69,26.98,61.56,18.28,2.05,26.75,0.19,1003.96,none,0
11.98,21.94,64.28,21.34,4.11,49.76,6.47,1027.97,earthquake,2
69.89,25.86,67.09,91.43,3.3,35.52,0.21,989.09,cyclone,2
53.08,34.2,77.75,17.94,14.01,60.22,1.12,993.28,flood,2
20.51,23.43,55.4,17.67,3.09,39.83,0.2,1014.62,none,0
5.94,24.69,52.22,54.92,3.78,30.11,0.23,1033.57,none,0
42.82,27.75,59.73,4.57,1.88,44.31,5.39,1020.18,earthquake,1
3.43,29.91,72.34,11.09,2.69,30.65,1.07,1012.42,none,0
23.83,24.85,69.01,4.08,2.83,37.58,0.15,1005.74,none,0
12.02,19.59,53.27,12.33,3.76,31.92,0.43,1018.23,none,0
18.73,34.09,32.37,7.86,4.98,33.91,7.17,1019.2,earthquake,2
74.02,29.82,58.74,43.78,2.54,29.76,0.19,966.18,cyclone,2
14.69,31.43,56.03,10.94,3.45,22.83,0.19,1004.83,none,0
239.78,31.32,63.57,14.77,7.4,43.21,0.23,1011.93,flood,2
31.92,18.7,47.87,12.07,2.55,24.73,6.36,1029.21,earthquake,2
15.42,29.07,49.4,10.7,4.57,56.35,8.48,1019.84,earthquake,2
8.87,36.97,39.0,20.45,2.42,0.0,0.04,1018.54,drought,1
12.25,21.6,65.27,2.8,2.5,41.59,0.02,1006.69,none,0
27.3,34.17,83.73,18.85,3.5,38.97,5.95,1008.21,earthquake,2
19.2,30.95,39.05,23.92,4.36,53.1,1.26,1021.59,none,0
101.41,25.07,90.26,21.8,10.95,82.39,0.04,1003.2,flood,2
124.61,30.57,82.81,29.48,9.89,68.44,0.18,1002.64,flood,2
24.46,34.55,57.49,19.85,4.58,41.76,0.25,998.03,none,0
7.17,31.22,33.86,11.11,3.5,23.92,0.15,1016.47,drought,1
25.12,31.57,65.49,13.25,2.98,41.0,0.06,998.9,none,0
143.58,31.06,75.86,144.91,1.83,38.96,0.77,1002.44,cyclone,2
9.58,25.14,33.14,1.21,3.79,37.97,8.0,1012.7,earthquake,2
6.12,38.45,31.01,27.95,3.33,35.21,0.81,1024.42,drought,0
134.97,25.59,79.94,8.42,7.76,96.7,0.27,1006.31,flood,2
76.39,23.35,79.49,5.74,7.67,55.64,1.74,1008.14,flood,2
3.85,22.41,59.95,3.76,3.68,47.84,0.12,1015.56,none,0
28.92,31.42,74.26,7.67,2.62,42.14,8.18,1025.43,earthquake,2
82.73,27.65,83.04,6.9,8.05,75.9,0.03,1007.33,flood,2
6.95,34.94,61.89,11.57,3.53,8.62,0.06,1008.86,drought,1
15.29,34.63,45.46,19.1,1.78,40.93,0.07,1000.15,none,0
118.14,31.82,92.97,136.2,2.95,45.16,0.23,992.09,cyclone,2
13.13,37.77,16.68,2.4,3.4,12.05,0.18,1000.14,drought,1
7.52,28.78,74.28,5.54,3.07,42.59,6.93,1009.23,earthquake,2
88.33,21.17,93.13,2.98,7.96,66.23,0.15,996.35,flood,2
32.86,16.88,64.79,2.05,3.92,60.17,8.75,1003.26,earthquake,2
1.95,21.93,52.31,24.99,3.73,42.64,0.01,1012.61,none,0
70.34,30.45,71.32,7.87,7.01,63.98,0.57,1017.78,flood,1
158.89,20.11,79.48,23.84,7.38,90.96,1.01,1020.66,flood,2
8.96,44.93,60.63,4.47,1.81,22.44,0.86,1008.14,drought,0
30.01,32.15,51.4,9.24,2.82,47.84,0.43,1012.84,none,0
58.19,24.1,84.6,64.79,0.52,27.16,0.11,989.8,cyclone,1
196.07,28.86,87.16,13.64,2.86,83.5,0.57,1012.74,flood,1
65.2,21.84,63.5,61.75,2.05,14.95,0.26,986.53,cyclone,2
27.47,26.13,67.82,9.35,1.43,24.93,0.29,1004.68,none,0
21.76,22.99,50.65,7.79,4.27,36.41,0.7,1012.23,none,0
10.93,32.39,56.07,12.02,2.3,40.97,0.66,1003.69,none,0
18.12,28.1,58.89,6.95,1.57,10.17,1.01,1014.29,none,0
19.35,32.9,60.88,11.28,1.47,46.04,0.3,999.74,none,0
12.09,26.14,95.92,8.11,3.02,24.82,0.04,1006.43,none,0
115.42,24.34,55.55,0.5,4.52,78.5,0.59,1012.24,flood,1
26.74,20.13,64.14,3.69,1.87,38.87,0.05,1013.54,none,0
36.94,25.08,31.21,7.87,1.61,16.33,7.9,1015.03,earthquake,2
4.74,27.96,63.13,24.95,3.77,33.29,6.21,1016.11,earthquake,2
21.14,13.19,57.35,16.23,4.07,27.65,0.64,1014.65,none,0
31.12,26.07,88.4,21.16,4.17,0.0,4.99,1006.15,earthquake,2
20.34,24.01,73.96,10.04,2.82,31.82,0.59,1016.54,none,0
76.94,28.38,68.38,9.79,12.15,64.59,0.06,1024.72,flood,2
16.59,23.39,44.46,4.15,2.38,36.29,0.73,1016.93,none,0
5.1,20.65,62.93,12.09,1.95,27.21,0.41,1016.17,none,0
12.6,20.57,55.38,6.7,2.57,38.29,0.84,1023.04,none,0
0.0,29.12,54.84,12.1,2.07,1.24,0.89,1011.96,drought,1
63.27,30.5,75.62,67.53,3.73,16.55,0.15,999.94,cyclone,2
4.33,27.74,56.13,1.77,3.77,38.08,0.49,1009.21,none,0
7.72,30.94,87.78,26.62,4.25,27.39,0.21,1004.69,none,0
73.27,31.72,100.0,4.33,7.76,69.09,0.87,1012.56,flood,1
13.78,28.45,69.49,3.2,2.49,32.37,0.69,1020.24,none,0
21.83,33.05,63.07,9.58,2.59,17.07,1.01,1010.89,none,0
19.22,18.24,79.78,9.06,0.36,39.92,6.45,1011.23,earthquake,1
4.07,26.59,60.4,23.99,3.23,29.14,0.18,1018.45,none,0
16.15,37.41,47.39,6.0,2.63,43.04,0.28,1013.34,none,0
12.91,32.2,41.51,10.9,4.37,31.95,0.3,1006.95,drought,1
3.21,38.62,44.29,5.77,2.03,33.79,1.11,1006.03,drought,0
12.51,25.94,43.01,1.26,4.62,34.01,0.12,1018.68,none,0
43.45,31.53,51.07,1.21,1.9,49.05,0.66,1013.21,none,0
8.8,19.46,48.64,2.57,2.24,19.49,0.9,1000.26,none,0
0.11,33.67,50.21,2.38,3.39,12.01,0.57,1013.32,drought,1
18.86,23.5,54.88,4.16,2.26,56.14,0.51,1016.15,none,0
11.18,23.72,41.38,10.08,1.69,41.18,0.08,1001.61,none,0
6.81,28.96,69.87,31.97,3.19,28.99,0.24,1013.36,none,0
5.33,20.09,78.4,3.93,4.97,44.54,4.94,1012.79,earthquake,1
40.15,30.49,50.61,0.31,1.46,34.27,0.52,1028.81,none,0
16.13,19.2,46.9,7.02,3.39,19.22,0.51,1016.59,none,0
22.41,33.08,55.5,8.78,4.06,30.33,0.59,1016.86,none,0
124.51,34.09,55.7,12.3,9.06,80.17,0.98,998.48,flood,2
48.32,39.02,83.15,31.65,2.09,15.68,0.61,979.86,cyclone,2
13.05,18.41,73.16,2.83,2.51,23.56,0.12,1008.2,none,0
15.23,23.49,46.16,9.68,4.72,28.7,3.99,1012.27,earthquake,2
20.01,18.93,66.61,8.2,6.46,17.32,0.21,1011.63,none,0
15.79,28.42,62.35,8.23,4.58,41.94,0.7,1016.4,none,0
8.0,27.94,100.0,38.87,3.24,39.39,0.06,1014.05,none,0
58.43,23.67,57.39,18.53,9.72,74.06,0.01,1004.79,flood,2
15.12,21.84,77.53,2.73,3.46,48.69,0.32,1022.11,none,0
21.24,32.72,52.43,6.8,3.08,0.0,0.0,1018.1,drought,1
0.0,34.52,21.64,11.84,2.52,37.99,0.3,1027.23,drought,0
90.32,30.8,100.0,18.28,12.74,61.78,0.17,992.23,flood,2
55.7,23.75,83.03,25.2,9.91,58.36,0.31,1014.07,flood,2
134.49,27.61,97.82,4.38,5.28,65.37,0.56,985.37,flood,2
22.16,20.69,65.25,8.64,4.32,42.49,0.03,1011.28,none,0
19.18,15.13,80.34,9.89,2.32,32.31,7.41,1004.11,earthquake,2
146.8,23.66,96.39,167.46,3.65,51.95,0.63,974.04,cyclone,3
21.18,30.86,46.32,26.89,4.54,40.57,4.14,1007.23,earthquake,2
16.98,23.89,54.29,5.11,3.58,24.39,0.14,1011.57,none,0
51.54,29.27,59.62,4.78,12.23,90.96,0.05,1015.89,flood,2
17.59,24.09,65.06,141.08,3.45,29.64,0.2,989.08,cyclone,2
0.0,33.05,58.81,4.41,3.4,27.35,0.57,1017.77,drought,0
10.41,25.81,60.88,12.39,2.58,30.54,0.13,1008.36,none,0
79.38,26.59,77.35,162.83,2.46,64.42,0.28,982.46,cyclone,3
40.46,30.54,47.84,0.5,3.01,44.15,0.0,1013.36,none,0
104.11,21.49,83.77,1.93,8.54,71.83,0.0,1006.4,flood,2
3.65,19.6,26.03,2.46,2.52,33.35,0.06,1008.5,none,0
60.19,15.42,69.32,128.47,2.76,28.98,0.12,975.39,cyclone,2
14.18,34.11,73.29,30.39,5.07,37.93,4.14,1023.06,earthquake,2
72.98,24.3,80.96,74.61,4.29,9.12,0.97,993.89,cyclone,3
8.1,30.17,61.32,29.56,3.15,38.66,1.28,1023.12,none,0
103.52,27.2,77.95,4.06,11.35,56.51,1.22,1016.45,flood,2
12.97,36.96,25.6,12.76,1.97,31.98,0.04,1025.56,none,0
51.57,27.17,98.71,15.07,8.58,100.0,0.1,1009.39,flood,2
20.43,24.0,68.11,7.48,3.41,22.95,0.7,1019.94,none,0
86.65,27.04,85.04,71.95,4.12,29.84,0.55,989.89,cyclone,2
117.38,18.99,80.93,11.0,8.44,57.68,0.35,1002.67,flood,2
4.25,30.8,72.69,12.86,3.98,57.22,0.07,1012.98,none,0
8.85,33.45,73.25,7.57,3.0,29.8,0.94,1019.62,none,0
7.66,23.67,39.2,6.94,2.48,27.22,0.26,1003.79,none,0
3.46,28.32,65.65,8.95,2.59,39.14,0.31,1010.82,none,0
10.0,28.53,60.28,3.64,2.81,16.71,0.57,1018.05,none,0
27.93,30.48,48.22,7.95,3.23,62.43,0.0,1021.67,none,0
7.44,34.79,35.55,18.03,3.51,10.05,0.1,1003.35,drought,1
12.75,33.41,75.23,10.74,4.2,55.52,0.14,1016.91,none,0
147.27,26.04,100.0,7.21,12.9,66.26,0.06,1000.02,flood,3
141.91,24.13,85.73,13.11,3.72,88.74,0.05,989.98,flood,2
57.16,25.69,96.12,21.36,9.96,94.83,0.86,1012.86,flood,2
87.43,31.45,63.85,4.15,9.87,69.63,0.91,1016.34,flood,2
71.56,20.85,100.0,181.79,0.94,40.23,0.87,981.55,cyclone,2
9.39,26.62,74.4,7.6,3.51,60.83,0.09,1006.02,none,0
2.29,27.69,20.77,6.46,2.33,0.0,0.78,1012.98,drought,1
0.0,36.88,28.57,5.49,2.64,8.66,0.91,1022.21,drought,1
171.25,30.56,95.48,149.97,3.95,25.59,0.02,966.92,cyclone,3
15.87,24.87,64.6,6.36,4.77,28.12,7.69,1003.76,earthquake,2
4.71,29.34,69.21,3.15,2.51,22.91,0.44,1023.68,none,0
18.44,39.76,44.52,13.02,2.08,23.77,0.26,1015.94,none,0
6.57,31.61,67.91,12.1,1.35,38.3,7.99,1014.85,earthquake,1
116.66,24.57,48.41,91.89,3.36,23.76,0.51,998.91,cyclone,2
13.94,24.22,75.39,2.71,2.37,47.08,0.42,1013.57,none,0
90.32,27.14,88.49,27.82,2.79,89.12,1.03,1009.29,flood,1
15.27,26.33,56.71,18.73,4.88,27.16,0.01,1018.42,none,0
29.62,22.05,74.18,13.06,2.03,15.68,0.71,1008.41,none,0
5.34,33.76,44.13,7.86,1.78,24.07,0.04,1028.69,none,0
58.84,18.53,56.5,15.25,4.39,41.72,0.24,1002.61,none,0
106.02,27.53,100.0,107.76,3.76,45.25,0.01,986.73,cyclone,2
11.67,35.67,47.91,13.05,2.99,16.64,0.21,1027.52,none,0
18.69,24.76,53.89,5.95,1.85,27.03,0.13,1010.18,none,0
19.8,18.55,75.48,8.21,4.04,33.51,0.25,1027.04,none,0
18.31,30.13,29.1,8.66,2.36,26.27,1.02,1017.02,drought,1
5.43,28.87,40.61,11.19,2.6,0.0,0.07,1017.04,none,0
23.35,22.61,73.25,16.3,1.24,46.15,6.03,1012.54,earthquake,1
8.5,27.55,67.02,7.32,1.85,27.17,0.26,1009.76,none,0
19.41,30.92,75.65,92.98,3.24,30.97,0.21,992.35,cyclone,1
15.82,29.05,59.89,3.29,0.89,36.5,7.71,1012.26,earthquake,1
2.24,26.46,57.44,34.66,4.82,25.07,0.08,1006.52,none,0
15.88,25.08,85.64,5.65,14.83,49.72,0.56,1007.65,flood,1
97.17,24.34,63.91,35.33,3.07,34.99,0.67,1000.25,cyclone,1
21.58,24.54,72.71,1.78,2.48,32.15,1.57,1009.94,none,0
229.74,24.75,84.3,6.52,6.38,70.72,0.4,1022.08,flood,2
0.76,33.05,68.65,4.15,2.95,44.42,0.04,1013.92,none,0
20.53,24.78,46.71,16.78,1.05,52.13,0.17,1014.68,none,0
3.99,28.41,68.27,1.75,2.58,27.18,0.21,1030.86,none,0
130.52,31.07,59.01,23.88,4.6,66.98,0.5,992.41,flood,2
20.08,25.03,50.0,15.22,3.82,31.19,0.5,999.21,none,0
0.0,29.07,38.21,10.15,3.85,8.57,0.01,1012.71,drought,1
10.19,43.81,40.48,8.18,2.22,28.67,0.13,1009.79,drought,0
28.82,17.96,74.38,6.71,3.8,30.19,0.07,1009.96,none,0
130.52,22.89,66.29,7.71,10.27,69.34,0.51,1004.59,flood,2
60.43,35.63,70.6,58.77,3.4,67.07,0.07,1009.68,cyclone,1
9.98,26.77,47.25,13.86,2.4,39.89,7.71,1021.64,earthquake,2
71.95,33.06,66.01,56.85,2.56,61.98,0.82,981.07,cyclone,2
6.55,25.37,60.25,5.67,4.11,44.97,0.14,998.22,none,0
20.63,39.42,34.94,4.8,4.05,12.03,0.5,1007.59,drought,1
105.63,23.32,74.0,27.31,2.93,49.62,0.41,988.25,cyclone,2
22.6,43.11,44.42,3.18,2.35,28.42,7.05,1016.82,earthquake,2
63.57,24.48,51.13,45.63,6.07,94.53,0.18,1022.41,flood,1
80.66,29.91,75.54,65.9,3.68,34.23,0.95,970.68,cyclone,3
66.59,25.98,65.55,14.71,3.34,23.8,0.12,1000.16,none,0
1.48,26.86,72.89,2.99,1.9,43.7,0.32,1017.15,none,0
12.62,32.6,87.27,15.8,3.02,38.48,6.81,1011.49,earthquake,1
6.28,21.81,66.17,15.8,2.13,41.89,0.97,1028.37,none,0
3.84,15.39,77.87,10.21,3.34,33.12,0.05,1010.84,none,0
106.85,25.1,100.0,18.25,11.48,79.54,0.37,982.78,flood,3
14.62,22.86,53.73,3.45,2.49,36.92,3.74,1003.14,earthquake,1
134.51,31.89,92.37,51.68,4.12,34.25,0.53,983.08,cyclone,2
13.76,28.04,68.56,16.57,1.98,33.16,8.48,999.94,earthquake,2
2.37,32.84,38.58,12.41,3.95,6.49,0.07,999.04,drought,1
17.24,30.77,57.43,29.52,3.0,27.47,5.23,1017.98,earthquake,2
9.68,20.25,48.25,16.36,3.14,24.48,0.51,1009.82,none,0
10.03,26.51,49.88,10.63,3.18,21.67,1.27,1016.72,none,0
41.64,26.28,78.18,1.54,2.7,45.81,7.65,1016.62,earthquake,2
195.75,15.23,86.89,81.08,2.15,36.07,0.17,992.86,cyclone,2
63.97,29.76,86.14,91.78,3.67,7.4,0.65,970.73,cyclone,3
200.21,27.74,64.75,12.3,7.24,55.6,0.37,1012.48,flood,2
21.98,22.66,76.62,3.95,3.61,38.75,0.05,1015.41,none,0
20.68,28.31,52.64,6.6,1.79,39.06,0.17,1009.59,none,0
6.85,20.27,71.16,10.03,2.94,23.71,0.06,997.15,none,0
36.11,29.12,51.32,30.13,1.62,11.15,0.52,999.28,none,0
27.9,31.38,100.0,35.06,4.56,1.33,0.4,985.9,cyclone,2
289.39,36.58,80.42,39.33,2.95,51.79,0.27,982.12,cyclone,2
120.17,28.54,67.08,11.32,9.11,87.24,0.45,1001.67,flood,2
76.85,19.83,94.73,56.79,3.02,31.42,0.52,1006.43,cyclone,2
146.78,25.96,100.0,4.93,8.5,74.36,0.22,997.69,flood,2
216.45,29.79,61.37,16.34,7.09,55.71,0.4,1016.59,flood,2
16.41,31.79,85.05,8.89,3.82,50.45,0.27,1016.77,none,0
37.61,15.67,42.35,6.18,2.07,36.53,0.19,1015.82,none,0
6.66,24.25,69.79,7.05,3.82,28.92,0.87,1011.2,none,0
70.88,31.0,66.63,103.7,3.49,31.96,0.04,966.01,cyclone,3
27.53,30.3,100.0,50.63,4.45,37.02,0.35,986.75,cyclone,2
116.51,24.7,100.0,13.32,6.63,71.18,0.07,1003.49,flood,2
10.09,34.51,62.05,17.1,0.24,35.96,0.76,1025.03,none,0
8.0,36.45,38.03,23.61,4.04,4.08,0.05,1000.43,drought,1
68.53,27.79,83.16,9.61,10.88,57.43,0.38,996.54,flood,2
22.62,23.39,53.59,4.08,3.5,31.28,0.18,1005.07,none,0
33.56,23.62,99.39,6.29,6.23,87.54,0.5,998.4,flood,1
54.51,23.84,72.97,55.19,1.27,45.78,0.4,1007.82,cyclone,1
25.65,32.1,50.1,13.4,3.68,32.15,0.01,1012.74,none,0
14.21,32.6,47.8,8.05,4.23,38.9,0.2,1010.79,none,0
46.62,26.16,65.85,20.79,4.94,49.98,0.83,993.68,none,0
49.93,24.29,77.44,22.22,2.54,38.11,0.17,987.64,cyclone,1
7.28,33.97,51.47,21.14,4.46,42.01,0.06,1006.28,none,0
6.56,26.77,73.11,1.36,3.46,34.81,1.04,1000.75,none,0
10.52,30.97,49.07,23.13,4.91,50.71,0.03,1006.51,none,0
3.24,34.65,37.9,4.89,3.48,11.6,0.36,1020.19,drought,1
17.51,31.67,78.52,7.61,0.8,48.21,0.3,1012.61,none,0
80.47,39.94,93.77,9.01,9.33,84.15,0.41,1025.32,flood,2
31.02,28.9,59.84,94.5,3.52,28.27,0.26,983.16,cyclone,2
15.43,22.57,77.49,5.26,4.05,25.01,0.51,1009.56,none,0
12.18,26.85,65.72,4.95,3.71,30.05,0.5,1006.27,none,0
22.37,21.58,56.95,2.61,4.35,21.94,0.57,1030.65,none,0
0.0,28.3,38.0,5.62,4.45,15.18,1.49,1013.71,drought,1
13.82,34.74,86.9,37.55,3.33,40.19,7.14,1015.98,earthquake,2
183.05,24.0,100.0,1.48,2.59,58.35,0.13,1004.01,flood,1
6.54,27.12,27.44,7.01,3.63,28.99,0.68,1016.69,none,0
6.66,25.52,23.79,16.39,2.78,44.56,0.2,1021.51,none,0
7.2,23.42,48.57,7.9,3.75,45.63,0.34,1017.56,none,0
20.38,24.98,54.65,6.3,2.99,42.98,0.16,1013.94,none,0
7.28,33.32,43.48,13.17,2.75,35.6,0.14,1012.01,none,0
223.58,21.02,72.49,1.25,6.85,77.57,1.44,997.64,flood,3
127.27,34.24,57.11,13.1,6.47,89.41,0.83,995.8,flood,2
57.13,25.46,72.67,46.04,4.72,24.18,0.0,979.96,cyclone,2
119.2,27.58,100.0,9.83,5.89,77.87,0.63,1008.04,flood,2
0.0,44.13,50.82,5.12,2.57,7.49,0.33,1000.82,drought,1
22.68,16.31,53.93,7.37,2.6,32.47,0.69,1012.49,none,0
9.44,33.13,40.41,12.11,3.29,47.81,0.41,1003.56,none,0
71.99,32.85,64.48,122.62,3.31,27.42,0.15,962.68,cyclone,3
74.22,20.76,100.0,56.57,3.31,18.79,0.12,968.48,cyclone,2
0.0,32.36,27.01,25.18,1.77,15.31,0.16,1007.24,drought,1
187.53,29.06,80.74,28.32,3.62,24.68,0.12,967.17,cyclone,3
23.15,27.5,77.02,16.47,3.1,30.67,0.03,1000.57,none,0
119.52,30.0,42.25,6.56,7.46,72.52,0.47,1015.11,flood,2
36.97,29.14,62.26,17.01,4.9,28.5,0.25,1012.3,none,0
47.57,26.15,94.91,72.1,4.23,46.32,0.2,980.86,cyclone,2
127.44,35.24,91.24,102.5,5.14,35.92,0.97,982.45,cyclone,3
14.64,22.45,52.56,14.4,4.38,49.9,1.83,1032.75,none,0
20.46,27.59,43.73,6.98,3.83,52.27,0.06,1013.63,none,0
144.8,27.31,51.42,14.8,9.12,56.88,0.49,1016.99,flood,2
9.15,27.83,39.33,16.18,4.15,40.29,6.65,1009.66,earthquake,2
7.92,21.37,42.82,8.53,3.73,42.69,0.3,1014.77,none,0
19.87,21.42,41.24,9.85,3.93,42.95,0.42,1021.28,none,0
24.15,31.92,57.31,10.57,3.9,27.9,4.39,1009.47,earthquake,1
143.09,29.06,99.43,6.15,9.57,77.63,0.1,1003.7,flood,3
88.53,24.44,49.5,9.42,9.0,70.41,0.18,1016.39,flood,2
0.92,26.53,83.74,9.04,2.09,32.67,8.54,1026.03,earthquake,2
10.94,21.45,66.53,5.84,4.08,36.39,0.02,1019.22,none,0
43.43,35.17,47.55,9.12,0.04,34.66,0.3,1020.23,drought,0
26.0,20.8,97.58,140.59,2.26,33.87,0.33,969.39,cyclone,2
104.98,33.76,93.34,5.91,8.95,55.88,0.48,1002.82,flood,2
4.05,29.78,31.53,13.89,3.96,5.42,0.23,1008.08,drought,1
6.23,25.38,49.99,16.71,3.27,50.49,5.85,1021.2,earthquake,2
34.1,28.57,56.33,41.76,2.83,18.14,0.93,1008.46,none,0
9.07,24.38,63.71,16.89,3.21,33.76,1.06,1008.18,none,0
36.34,22.57,64.28,22.57,3.02,49.71,0.03,1021.09,none,0
12.15,30.37,32.23,29.66,3.22,25.17,0.03,1011.0,drought,0
4.98,27.94,50.26,1.24,3.1,52.96,0.47,1016.06,none,0
32.25,27.76,63.05,20.04,3.02,39.81,0.76,1020.34,none,0
114.45,22.56,67.44,105.46,4.25,41.62,0.1,981.44,cyclone,3
23.05,29.56,67.98,8.84,2.94,23.54,0.52,1022.28,none,0
4.51,26.25,45.28,20.98,2.23,39.75,0.39,1015.55,none,0
13.49,41.45,98.71,12.71,3.24,48.52,5.64,996.27,earthquake,2
93.94,26.09,68.22,13.29,6.36,67.88,0.05,1017.43,flood,1
129.41,25.22,69.76,5.63,12.37,63.05,0.38,1008.26,flood,2
12.42,37.25,33.23,6.32,2.31,13.97,0.57,1023.07,drought,0
46.73,25.46,59.48,5.81,1.88,27.33,0.93,1006.84,none,0
28.49,26.09,81.66,5.56,3.89,35.93,0.43,1023.74,none,0
37.78,24.67,50.06,1.26,2.96,47.84,0.45,1009.62,none,0
6.63,27.19,44.36,6.91,2.69,57.74,0.31,1011.43,none,0
63.34,29.99,100.0,6.9,4.1,77.04,0.41,1000.67,flood,1
128.0,37.68,77.1,51.65,2.18,27.9,0.22,993.21,cyclone,2
146.3,31.8,88.44,51.48,3.04,31.74,0.61,960.58,cyclone,3
21.67,28.75,54.99,5.31,2.75,33.79,0.1,1013.57,none,0
157.34,22.36,69.0,53.15,1.86,42.92,0.58,987.79,cyclone,2
8.79,25.6,30.91,6.3,3.64,0.0,0.6,1024.93,drought,1
13.25,30.49,43.59,2.61,3.14,44.08,0.19,1002.9,none,0
32.4,30.53,55.69,2.53,3.0,46.1,0.24,1017.87,none,0
103.25,28.43,100.0,8.3,6.02,41.07,0.17,1000.46,flood,2
100.87,27.39,73.76,67.36,3.38,28.24,0.7,993.84,cyclone,2
26.35,22.85,52.01,2.23,2.32,34.07,0.96,1013.73,none,0
3.3,27.68,39.12,25.62,1.98,38.19,0.38,1015.11,none,0
66.76,29.66,96.6,6.39,5.08,58.4,1.04,1016.06,flood,1
11.52,29.81,68.59,9.79,2.81,31.05,2.08,1017.62,none,0
9.13,32.26,65.57,13.24,2.75,42.21,0.3,1033.52,none,0
159.21,23.77,74.73,6.82,6.7,66.83,0.72,1012.09,flood,2
70.63,31.62,89.99,118.71,2.28,41.22,1.15,975.44,cyclone,3
0.0,35.87,39.19,8.08,3.62,0.0,0.42,1010.86,drought,1
24.13,23.06,79.8,13.77,1.24,20.07,1.36,1008.51,none,0
1.72,32.42,78.57,22.33,2.48,2.93,0.44,1000.57,drought,1
5.69,25.01,64.42,15.59,3.11,36.06,0.21,1019.73,none,0
14.94,22.13,52.98,0.57,2.67,68.07,6.84,1018.28,earthquake,2
149.62,20.35,100.0,7.39,14.04,76.51,0.19,1001.03,flood,3
7.15,22.0,45.53,18.02,2.02,6.98,0.34,1016.44,drought,1
7.87,31.4,35.28,11.28,2.96,13.08,1.47,1008.76,drought,1
13.95,23.47,56.78,22.2,2.69,53.33,6.97,999.55,earthquake,2
11.94,28.64,42.21,28.59,2.94,26.45,0.2,1014.84,none,0
96.43,28.01,61.25,9.54,14.77,55.41,0.25,1005.43,flood,2
36.4,26.17,75.97,8.39,3.25,62.59,0.02,1014.34,flood,1
52.08,33.25,38.97,11.34,3.39,30.56,0.17,1016.58,none,0
10.48,33.27,26.16,8.59,2.9,20.33,0.2,1003.37,drought,1
27.35,33.48,63.19,12.72,1.94,49.9,0.79,1000.8,none,0
1.81,25.97,58.35,0.73,1.62,4.59,0.0,1010.74,drought,0
116.71,24.33,76.49,10.91,6.62,55.73,1.5,1014.68,flood,2
5.91,39.0,69.39,29.3,3.46,9.36,1.37,1018.2,none,0
25.12,28.99,80.82,26.51,4.27,23.47,5.4,1017.53,earthquake,2
118.17,26.33,72.21,16.95,5.48,81.84,0.23,1012.4,flood,2
9.7,24.51,51.43,6.01,2.58,34.26,0.99,1005.34,none,0
13.8,29.05,16.42,16.1,4.42,0.0,0.16,1030.9,drought,1
62.39,34.77,100.0,9.01,6.36,65.53,1.02,1001.11,flood,2
75.37,24.96,85.22,21.27,9.6,55.36,0.06,1021.77,flood,2
23.43,38.55,51.96,14.14,1.72,54.09,0.31,1006.75,none,0
74.14,32.2,76.15,14.94,4.64,62.81,0.21,1004.29,flood,1
27.47,27.49,40.68,7.42,3.3,30.29,0.15,1013.33,none,0
0.0,32.13,23.9,7.24,3.44,10.83,0.27,1002.3,drought,1
48.44,19.55,95.78,3.08,3.31,62.15,0.86,994.57,flood,1
11.48,21.07,46.9,14.66,3.16,14.92,0.05,1012.2,drought,0
38.3,30.02,90.38,77.08,4.1,22.22,0.91,985.33,cyclone,2
20.53,22.05,69.86,2.9,13.47,71.21,0.41,1009.33,flood,1
141.64,20.31,66.29,7.72,8.14,54.19,0.87,1003.45,flood,2
68.95,21.13,68.96,65.33,1.2,26.25,0.14,995.22,cyclone,1
55.7,23.82,66.73,52.91,2.64,55.53,0.22,993.4,cyclone,1
15.61,22.27,80.07,9.0,3.01,31.02,0.41,1010.2,none,0
21.47,29.95,63.1,2.82,5.17,38.69,0.07,1015.38,none,0
12.12,25.25,76.08,4.07,2.74,66.66,6.71,1016.36,earthquake,1
10.79,25.38,57.22,1.74,2.78,47.8,0.17,990.37,none,0
135.25,24.49,91.61,82.06,3.34,42.29,0.7,1000.64,cyclone,2
1.06,23.81,47.6,7.59,3.06,44.48,1.05,1019.32,none,0
116.93,29.45,80.53,9.35,6.17,68.49,0.42,1017.28,flood,2
128.51,26.61,75.42,11.21,6.17,55.85,1.93,1002.98,flood,2
0.0,31.51,34.75,13.01,2.64,0.94,0.02,1015.12,drought,0
10.94,35.32,52.83,0.28,3.01,54.79,0.44,1025.38,none,0
27.18,17.23,47.4,8.97,4.17,35.15,0.7,1016.69,none,0
6.09,33.83,58.68,0.79,3.72,30.1,0.28,1009.97,none,0
0.81,30.55,36.03,4.41,2.54,0.0,0.06,1018.32,drought,1
13.68,29.36,73.76,5.54,3.25,48.39,6.15,1019.25,earthquake,2
79.77,27.49,88.65,3.95,10.93,80.9,0.17,1018.6,flood,2
33.5,27.35,22.05,0.84,2.35,17.22,0.01,1002.86,drought,1
92.98,19.66,93.81,22.73,7.16,73.23,0.17,1000.39,flood,2
214.66,25.27,79.0,5.84,8.75,69.04,2.29,1006.64,flood,3
46.34,25.51,70.12,11.79,2.87,37.69,6.35,1011.92,earthquake,2
39.56,25.17,47.68,6.75,2.75,20.29,0.31,1011.37,none,0
105.32,34.0,75.6,153.47,3.06,49.92,0.22,968.8,cyclone,3
29.38,32.85,64.25,9.86,3.26,39.68,0.58,1016.47,none,0
126.93,31.92,100.0,1.53,11.79,54.68,0.32,1005.29,flood,2
12.88,24.92,72.19,10.85,2.37,30.06,5.02,1025.89,earthquake,1
132.99,23.3,78.75,5.92,3.1,80.13,0.04,1017.1,flood,1
17.07,26.91,55.96,3.44,3.54,34.92,0.03,1021.05,none,0
14.85,26.23,46.72,14.85,3.55,10.42,0.43,1011.01,none,0
10.65,12.17,42.37,3.22,1.81,34.99,0.19,1019.26,none,0
65.44,27.31,85.01,98.85,2.22,47.61,1.27,986.09,cyclone,2
6.09,34.2,29.18,17.26,2.88,31.27,0.65,1018.75,none,0
177.5,28.31,63.28,40.75,11.91,68.93,0.25,998.77,flood,3
75.37,29.47,77.42,104.17,3.77,29.06,0.75,963.35,cyclone,3
5.21,30.56,26.2,5.38,2.52,36.61,4.25,1020.5,earthquake,1
55.86,17.8,99.03,81.75,2.43,17.73,0.59,984.15,cyclone,2
20.75,23.89,39.46,6.43,3.3,15.73,0.29,1018.83,none,0
18.46,32.19,68.45,13.04,3.24,54.9,0.02,1020.76,none,0
20.06,30.95,42.99,5.03,3.26,32.75,7.37,1007.55,earthquake,2
9.06,31.42,79.12,13.6,2.37,42.27,0.1,1015.26,none,0
12.39,31.55,54.01,1.47,4.24,36.49,6.46,1010.54,earthquake,2
51.45,23.99,51.31,10.84,3.83,36.52,0.45,1020.64,none,0
119.12,22.87,85.14,26.02,4.34,74.86,0.46,1012.61,flood,1
8.5,25.86,67.29,24.68,3.68,42.0,0.12,1013.64,none,0
12.48,22.21,89.89,14.98,4.36,21.61,0.37,1013.92,none,0
14.0,28.37,60.04,33.88,2.27,33.31,6.39,1010.96,earthquake,2
20.61,25.07,80.55,25.49,1.77,20.13,0.13,1013.1,none,0
120.92,24.05,91.39,19.23,8.7,78.47,2.25,1017.97,flood,2
2.36,34.7,77.42,19.57,1.13,34.32,5.88,1009.9,earthquake,1
0.0,31.08,41.25,4.46,3.25,7.27,0.04,1014.37,drought,1
2.33,30.44,43.59,5.0,0.86,15.72,0.09,1013.67,none,0
42.39,19.77,64.42,190.88,3.75,49.79,0.75,983.2,cyclone,2
0.0,32.36,79.07,11.15,3.01,9.61,0.21,1011.82,drought,1
15.5,27.34,69.63,13.59,3.1,6.88,0.0,1016.23,none,0
46.33,22.09,56.57,24.19,3.64,45.72,5.36,999.4,earthquake,2
146.47,32.84,84.86,1.01,13.16,41.23,0.35,1003.17,flood,2
7.0,24.01,66.76,7.51,2.38,20.57,1.34,1013.37,none,0
42.66,23.04,76.69,6.5,2.44,58.18,0.16,1016.28,none,0
36.62,24.75,72.69,44.76,2.5,52.62,0.63,970.88,cyclone,2
9.39,25.02,32.12,14.54,2.56,21.55,0.51,1003.16,none,0
24.35,27.18,69.18,61.05,2.49,33.71,0.39,1033.2,none,0
124.55,26.93,96.35,21.02,3.23,16.29,1.2,996.27,cyclone,2
11.5,28.06,44.13,10.96,2.56,14.83,0.0,1017.66,none,0
13.7,31.84,42.16,6.48,2.89,50.75,5.87,1015.23,earthquake,1
6.05,26.41,82.57,5.17,2.63,51.28,0.27,1005.87,none,0
8.19,27.08,40.52,15.16,4.62,40.6,8.49,1029.08,earthquake,2
24.51,30.03,20.5,5.23,2.74,21.68,1.61,1006.03,drought,1
159.0,28.51,71.74,24.5,7.02,88.87,0.31,1020.13,flood,2
2.34,36.61,52.51,4.74,3.11,50.05,7.68,1018.22,earthquake,1
9.94,33.3,49.77,44.51,2.43,52.13,7.42,1009.99,earthquake,2
74.8,23.89,76.66,14.06,8.86,92.06,0.41,1006.03,flood,2
47.03,31.81,67.95,51.79,3.65,22.55,0.67,984.78,cyclone,2
95.82,30.69,85.0,4.92,5.72,79.24,0.24,1012.77,flood,1
8.69,33.93,34.26,11.57,0.69,21.92,0.14,1019.67,none,0
6.72,25.47,82.05,16.37,4.02,45.56,0.48,1020.89,none,0
4.29,22.92,63.96,3.92,2.24,32.47,0.08,1001.67,none,0
11.91,25.83,52.41,9.82,2.09,48.58,7.34,1028.45,earthquake,1
9.89,28.12,43.17,3.99,3.51,16.1,0.92,1019.72,none,0
58.85,36.41,70.97,15.46,7.23,64.72,0.45,1002.07,flood,2
74.37,27.75,72.74,11.42,4.47,81.57,0.09,1019.79,flood,1
14.2,29.82,53.14,0.28,2.73,16.22,0.43,1014.79,none,0
45.49,26.31,45.09,9.97,4.8,41.83,0.12,1014.67,none,0
16.08,24.8,60.62,4.27,3.98,14.83,6.28,1006.47,earthquake,2
87.66,29.3,77.25,15.73,6.48,55.12,0.02,1004.15,flood,2
21.49,32.63,52.27,10.96,1.78,61.67,0.06,1009.38,none,0
23.96,26.68,64.95,2.19,2.91,39.29,0.0,1017.19,none,0
56.66,32.06,40.41,10.99,4.98,28.31,0.79,1006.41,none,0
17.44,24.1,51.06,23.62,2.92,40.59,0.11,1034.19,none,0
14.75,28.73,80.57,5.23,3.59,13.92,0.99,999.92,none,0
14.81,30.67,90.92,5.8,1.73,31.67,0.29,1012.68,none,0
14.87,33.67,49.18,8.48,2.1,29.64,0.2,1006.41,none,0
89.79,30.85,88.21,191.27,2.28,30.36,0.29,987.93,cyclone,3
108.01,25.28,81.04,21.4,9.63,83.89,0.38,1001.49,flood,2
9.44,18.48,72.25,6.34,2.29,33.22,3.85,1007.51,earthquake,1
149.96,25.95,76.36,54.53,3.67,17.68,0.51,993.13,cyclone,3
93.6,24.93,74.69,12.03,9.97,71.93,0.08,1010.3,flood,2
22.27,27.7,71.33,10.43,3.3,62.0,1.72,1023.82,none,0
4.31,21.61,82.93,6.68,2.35,24.47,0.07,1007.49,none,0
8.81,35.23,64.37,22.2,4.05,34.83,5.03,1027.89,earthquake,2
22.43,34.09,58.5,9.24,2.28,5.8,0.17,1019.73,drought,1
10.62,27.76,7.23,9.52,2.09,16.43,0.04,1008.66,drought,0
60.51,26.15,67.0,20.06,3.69,48.88,7.07,1008.37,earthquake,2
3.9,25.34,68.7,32.24,2.87,23.77,0.27,1015.97,none,0
65.61,30.37,84.9,72.31,3.49,29.8,1.06,984.56,cyclone,2
72.44,23.18,88.64,1.79,5.31,77.91,0.05,1007.44,flood,1
67.43,24.95,68.28,15.56,6.53,59.98,0.47,1001.75,flood,2
0.0,36.67,39.06,12.03,2.32,9.53,0.01,1009.84,drought,1
59.15,37.02,67.91,191.91,1.46,38.1,0.21,987.66,cyclone,2
140.6,27.44,82.55,11.98,10.75,66.32,1.38,1015.34,flood,2
18.95,30.55,70.65,12.89,2.4,35.51,2.5,1032.55,none,0
18.49,40.35,78.23,7.72,3.22,28.51,0.6,1000.84,none,0
8.76,27.35,70.44,17.29,3.57,31.78,0.06,1011.57,none,0
31.8,19.75,40.51,11.66,2.8,33.65,6.97,1008.39,earthquake,2
14.13,23.44,42.92,16.07,4.03,24.36,6.51,1002.69,earthquake,2
31.92,22.65,57.5,8.64,1.7,4.95,0.62,1026.53,none,0
12.53,25.53,58.89,28.81,2.31,27.01,0.03,1004.01,none,0
29.11,18.63,64.19,149.34,3.25,24.99,0.07,976.7,cyclone,3
3.99,35.7,54.9,1.33,4.06,34.04,0.36,1006.37,none,0
5.04,10.43,54.19,6.41,0.87,25.84,0.3,1016.24,none,0
10.13,29.32,56.31,30.58,2.43,28.62,5.65,1019.73,earthquake,2
0.0,33.88,28.96,1.45,2.79,11.7,2.73,1001.16,drought,1
11.99,34.0,58.66,19.06,2.25,32.88,0.02,1017.63,none,0
5.96,22.76,55.99,12.78,2.46,27.97,0.17,1012.32,none,0
81.34,32.37,63.4,4.96,3.73,82.61,0.24,1003.78,flood,1
23.36,19.53,52.36,4.63,3.98,4.32,0.12,995.95,none,0
36.39,38.54,66.56,14.14,1.5,26.81,0.14,1017.41,none,0
6.89,23.45,41.98,13.24,4.3,37.48,0.06,1019.22,none,0
20.65,20.5,55.85,0.95,2.51,49.38,0.82,1026.24,none,0
27.36,18.12,69.42,24.48,1.83,45.24,0.02,1024.1,none,0
27.96,25.03,87.95,7.0,1.54,47.14,0.22,1006.21,none,0
145.38,27.86,69.09,112.55,2.04,39.23,0.7,985.45,cyclone,3
30.29,20.91,64.16,7.29,2.46,46.5,7.18,1007.19,earthquake,2
0.97,30.26,43.42,13.82,1.95,32.68,0.34,1019.28,none,0
246.37,28.96,76.45,34.65,5.2,87.13,0.34,1004.62,flood,2
61.4,25.54,100.0,50.94,3.1,19.52,0.58,964.07,cyclone,2
40.47,25.8,95.62,217.57,2.66,38.45,0.49,993.57,cyclone,2
32.67,31.04,50.04,80.43,2.22,46.08,0.17,994.58,cyclone,1
35.65,23.02,60.1,13.17,3.13,14.31,0.17,1011.75,none,0
140.44,34.04,100.0,10.2,4.31,63.01,0.56,1013.49,flood,2
31.24,25.16,41.59,15.27,3.45,50.48,0.24,1011.98,none,0
0.0,33.41,5.79,18.58,3.24,3.12,0.41,1010.91,drought,1
23.02,22.75,63.6,8.88,3.99,32.63,0.22,1016.51,none,0
53.67,22.13,72.64,63.65,3.73,18.43,0.02,972.49,cyclone,2
88.12,30.3,60.53,19.74,8.25,69.07,0.69,1004.89,flood,2
38.09,30.48,75.29,44.71,2.14,36.52,0.37,1013.54,none,0
68.51,28.37,74.61,66.9,2.0,47.71,0.35,989.62,cyclone,2
24.4,20.83,49.43,18.75,4.87,18.36,0.22,995.0,none,0
197.62,28.19,72.46,17.17,5.69,60.69,0.45,992.17,flood,2
2.77,27.7,45.6,13.27,1.38,46.64,0.28,998.58,none,0
9.35,33.7,64.79,25.08,3.23,25.91,5.43,1021.17,earthquake,2
4.39,30.37,37.1,9.12,3.04,23.9,7.82,1008.93,earthquake,2
4.0,23.13,58.69,12.98,1.8,37.23,0.62,1023.73,none,0
69.79,22.91,56.05,20.06,3.23,39.83,0.01,985.32,cyclone,2
138.9,27.47,86.88,138.19,2.61,49.18,0.44,963.66,cyclone,3
0.0,29.21,37.93,11.83,2.19,0.0,0.38,1012.32,drought,1
0.0,29.43,63.51,3.9,2.96,10.79,0.23,1004.22,drought,1
4.27,29.12,79.88,23.64,2.46,34.41,0.51,1011.27,none,0
18.32,30.3,53.5,2.3,3.69,38.48,0.33,1008.47,none,0
8.83,32.16,50.29,6.15,1.68,34.02,5.21,1018.01,earthquake,1
23.49,33.46,91.68,178.28,4.25,36.43,0.06,975.25,cyclone,2
19.75,24.98,70.58,4.84,4.4,20.37,8.47,1022.34,earthquake,2
42.35,23.19,74.63,10.42,5.58,60.62,0.03,1011.69,flood,1
12.02,19.63,54.22,23.95,4.23,32.77,0.17,1013.58,none,0
68.29,33.5,90.76,7.13,10.28,100.0,0.12,999.31,flood,2
0.65,21.71,70.07,10.55,2.67,35.87,0.19,1018.75,none,0
8.32,32.2,58.6,15.32,2.94,34.02,0.24,1028.32,none,0
34.89,37.0,58.89,19.18,2.2,34.0,0.13,1015.44,drought,1
24.52,33.18,34.11,14.53,2.28,58.87,0.06,1020.67,none,0
16.38,28.62,66.81,1.33,4.45,27.81,0.17,1007.3,drought,1
106.37,27.5,81.99,4.95,4.99,68.76,0.64,1012.52,flood,1
60.49,28.59,71.1,128.89,5.7,31.89,0.21,974.98,cyclone,3
27.78,25.69,64.21,7.09,2.55,34.9,0.05,1010.23,drought,0
179.38,24.53,56.6,6.56,8.76,76.07,0.15,1000.35,flood,2
126.56,22.08,100.0,6.16,4.74,74.81,0.16,1003.32,flood,2
145.67,27.81,80.52,52.31,3.29,35.86,0.15,986.31,cyclone,2
4.51,31.7,65.98,32.47,2.74,44.86,1.06,1001.02,none,0
24.72,23.42,97.25,1.3,4.89,18.22,0.44,1021.41,none,0
7.7,34.23,54.94,0.26,4.17,43.0,0.65,1016.25,none,0
8.81,39.84,31.75,7.78,2.35,0.0,0.14,1003.39,drought,1
11.41,27.19,63.81,24.47,4.01,22.6,0.01,1022.7,none,0
11.49,21.26,48.16,7.81,1.08,41.58,0.35,1022.29,none,0
19.2,29.59,68.72,5.98,0.67,44.77,0.1,1009.01,none,0
67.01,25.65,71.35,63.07,2.84,43.1,0.64,993.23,cyclone,2
13.76,21.17,65.39,15.06,2.73,30.58,8.42,1002.75,earthquake,2
8.03,31.45,44.77,16.44,2.85,51.32,1.21,1013.02,none,0
117.62,32.78,65.71,9.18,4.93,57.96,1.36,996.08,flood,2
12.82,26.41,48.71,6.11,2.79,47.4,0.72,1016.11,none,0
20.63,24.0,13.12,21.43,4.15,49.49,0.17,1009.67,none,0
190.66,20.21,64.9,2.78,9.87,70.93,1.19,1008.58,flood,3
9.67,30.78,20.11,9.7,3.91,13.98,0.31,1008.17,drought,1
0.0,32.36,20.89,10.7,3.6,18.23,0.17,1017.1,drought,1
26.28,29.18,54.76,12.01,1.58,20.04,0.19,1004.09,none,0
260.9,15.0,69.45,11.64,7.63,56.12,0.31,1002.7,flood,2
146.61,25.58,92.09,13.33,13.34,80.48,0.54,998.69,flood,3
12.06,22.84,56.07,10.04,3.75,40.51,0.21,999.35,none,0
41.37,28.27,69.54,8.55,2.72,57.67,0.4,1012.07,none,0
158.0,19.83,90.29,12.97,11.28,82.12,0.24,1026.17,flood,3
20.58,21.12,85.53,71.28,2.43,36.9,1.01,999.84,cyclone,1
149.48,35.14,88.46,4.63,14.01,64.18,1.51,1030.78,flood,3
76.15,23.82,100.0,11.31,3.16,67.59,0.46,997.86,flood,1
20.27,24.06,68.11,18.77,3.48,15.11,0.47,1023.03,none,0
11.6,34.1,44.12,34.19,2.14,13.6,3.7,1011.99,earthquake,1
6.5,38.16,23.8,16.61,4.5,0.0,0.56,1006.52,drought,2
213.43,23.86,87.39,10.6,7.73,68.94,0.21,1001.91,flood,2
16.62,24.6,55.92,17.78,3.04,37.02,8.2,1013.94,earthquake,2
4.76,27.97,59.6,4.67,5.17,4.43,0.25,1011.59,none,0
18.57,30.08,57.41,18.54,1.47,29.59,0.74,1016.06,none,0
12.02,39.76,66.38,20.23,4.35,30.81,4.18,1022.22,earthquake,2
3.94,22.52,78.96,10.68,0.97,48.99,0.23,1010.91,none,0
95.86,22.34,75.9,4.68,4.18,79.15,0.71,1014.28,flood,1
77.31,30.39,80.19,101.95,2.26,26.25,0.1,960.01,cyclone,2
80.09,18.71,100.0,13.07,5.96,76.59,0.22,1011.84,flood,1
100.86,22.5,68.65,1.12,10.93,76.69,0.04,1016.1,flood,2
56.4,30.78,80.1,9.16,3.91,60.3,0.47,1002.93,flood,1
77.57,16.59,70.83,6.59,9.1,49.66,0.1,1002.2,flood,2
50.92,25.21,78.08,14.36,5.06,71.24,0.03,997.69,flood,1
16.96,28.34,37.83,16.94,3.89,23.07,0.44,1012.86,none,0
113.44,25.92,65.28,19.66,7.36,57.29,0.21,994.15,flood,2
16.97,22.54,87.96,38.93,3.39,34.85,0.34,1019.34,none,0
17.81,27.75,34.55,14.96,0.7,46.27,1.3,1020.55,none,0
84.77,27.42,73.07,5.18,7.72,61.22,0.75,1031.43,flood,2
87.89,28.88,67.4,102.01,3.92,36.99,0.07,1000.28,cyclone,2
22.35,18.12,33.99,5.03,2.24,22.81,8.5,1006.02,earthquake,2
10.84,29.17,29.92,26.0,3.07,36.45,0.11,1017.51,none,0
3.84,35.68,34.06,23.43,2.0,11.35,0.61,1008.47,drought,1
12.35,22.11,43.47,1.45,3.72,20.26,0.25,1013.34,none,0
96.71,29.97,73.44,52.81,2.27,46.53,0.15,997.86,cyclone,2
3.97,33.63,55.5,13.11,3.86,0.0,0.34,1010.08,drought,1
181.71,28.25,86.79,20.08,5.94,63.63,1.05,1015.83,flood,2
21.19,26.05,76.72,10.18,3.1,40.2,0.92,1004.48,none,0
13.65,30.69,55.11,3.5,1.5,37.8,3.98,1005.2,earthquake,1
129.38,28.08,90.57,15.65,9.72,57.26,0.45,1023.67,flood,2
31.68,27.78,80.98,15.94,2.41,42.54,0.13,1020.12,none,0
5.47,28.99,35.92,4.14,3.94,30.06,1.04,1009.32,drought,1
21.73,24.57,69.69,11.97,3.75,25.74,3.99,1014.63,earthquake,2
11.99,30.23,73.05,12.92,0.92,35.79,0.0,1021.4,none,0
0.0,41.17,34.0,2.46,3.23,15.77,0.8,1012.36,drought,1
19.74,22.88,72.31,8.25,2.19,52.33,3.78,1011.17,earthquake,1
2.59,29.48,62.8,4.63,0.0,27.12,1.85,1008.67,none,0
32.36,28.18,69.13,1.97,1.59,14.31,0.25,1011.77,none,0
64.3,23.52,85.55,8.28,9.93,63.41,0.64,997.44,flood,2
105.2,25.75,93.36,160.54,3.86,28.99,0.07,988.05,cyclone,3
69.53,33.86,90.4,52.4,1.75,37.62,0.64,979.88,cyclone,1
34.55,29.43,55.32,33.68,2.95,10.74,4.82,1008.73,earthquake,2
6.78,25.53,57.92,7.43,3.28,11.52,0.51,1000.36,none,0
20.43,23.29,56.19,9.58,3.97,40.79,0.32,996.69,none,0
6.78,27.31,62.7,3.66,3.18,45.3,0.29,996.78,none,0
6.34,29.47,43.71,19.91,0.99,30.82,0.46,1023.53,none,0
79.0,24.35,100.0,3.48,8.35,61.66,0.45,1009.54,flood,2
13.36,20.77,12.02,7.68,4.36,47.57,5.8,1018.9,earthquake,2
4.05,23.86,51.73,8.87,3.9,49.68,0.0,1012.01,none,0
18.3,29.93,48.19,5.48,3.76,46.74,0.65,1004.68,none,0
120.99,27.93,66.0,3.44,2.77,52.9,0.07,1012.97,flood,1
66.49,26.2,85.1,11.12,4.93,78.24,1.04,1014.2,flood,1
157.3,26.18,74.14,3.31,5.41,68.87,0.27,999.72,flood,2
25.67,17.85,75.16,5.97,2.86,39.61,0.51,1004.05,none,0
61.08,21.07,78.96,15.26,6.44,56.69,0.06,1010.67,flood,2
4.59,25.18,53.34,20.39,1.25,32.37,0.04,1014.16,none,0
67.57,26.15,80.09,19.57,5.5,85.35,0.46,1003.72,flood,1
65.18,30.38,63.43,50.34,2.43,52.39,0.74,978.64,cyclone,2
5.55,28.12,81.37,2.95,1.57,43.48,0.45,1021.57,none,0
178.2,18.92,49.79,4.41,6.3,95.63,0.11,1011.13,flood,2
148.48,20.79,77.57,2.12,6.65,81.6,0.23,1020.07,flood,2
5.9,27.93,24.55,15.53,2.12,29.91,8.29,1005.57,earthquake,2
147.87,28.24,78.04,28.72,4.84,74.47,0.92,1002.91,flood,2
148.39,27.8,79.9,5.64,10.53,88.66,0.18,1001.46,flood,3
4.32,32.64,36.63,22.67,2.13,16.57,0.09,1012.71,drought,0
3.62,33.29,86.3,2.71,1.48,54.78,0.32,1033.15,none,0
50.67,31.06,90.11,8.35,9.13,77.28,0.15,1009.8,flood,2
9.31,21.31,61.45,10.52,2.31,37.04,3.72,1016.47,earthquake,1
15.21,24.45,51.84,6.21,4.7,30.1,1.17,1002.84,none,0
7.46,34.01,59.04,18.28,3.61,31.45,0.84,1009.76,none,0
4.61,37.84,0.0,9.62,1.75,7.61,0.17,1017.02,drought,1
147.77,32.14,100.0,6.4,7.24,65.04,0.39,1023.33,flood,2
56.94,28.84,42.08,8.61,3.37,24.07,0.15,998.68,none,0
36.26,25.06,61.75,35.8,3.0,22.37,0.23,1016.52,none,0
23.88,21.5,71.92,6.75,3.2,36.03,0.27,1025.7,none,0
18.28,27.79,57.09,6.13,3.93,16.98,0.34,1010.17,none,0
5.74,32.94,37.28,1.31,2.67,13.22,0.19,1019.47,drought,1
6.69,16.66,81.29,8.72,3.0,66.22,0.69,1028.32,none,0
8.34,22.3,55.14,19.62,4.07,26.39,0.5,1008.75,none,0
72.48,24.09,67.01,24.13,6.24,70.79,0.06,1008.16,flood,1
18.51,14.66,67.24,10.09,3.26,46.05,0.54,1024.22,none,0
55.55,28.42,90.13,57.24,3.93,34.7,0.28,981.78,cyclone,2
8.92,29.45,70.76,7.96,3.51,43.99,8.4,1012.02,earthquake,2
46.21,27.78,69.75,11.75,6.07,75.55,0.36,1010.33,flood,1
20.62,24.54,65.38,12.77,3.33,35.25,0.35,1015.82,none,0
33.5,26.38,73.02,15.81,2.32,50.73,0.68,1018.54,none,0
9.7,21.19,33.6,5.83,4.42,35.3,0.11,1013.76,none,0
109.58,20.29,74.05,21.6,9.57,61.33,0.1,1005.08,flood,2
60.01,31.47,94.21,101.38,2.29,42.0,0.54,988.52,cyclone,2
23.59,28.13,65.62,6.16,4.99,52.9,0.02,1006.77,none,0
26.96,24.28,50.86,4.43,3.58,24.51,0.29,1014.99,none,0
7.51,30.77,72.29,10.58,1.81,8.98,0.14,999.51,none,0
5.06,28.59,55.9,14.01,2.72,24.33,4.83,1013.05,earthquake,1
27.92,32.2,69.31,20.07,2.8,38.53,0.22,1019.72,none,0
19.08,27.1,77.19,9.42,4.25,40.62,0.24,1013.91,none,0
148.03,25.19,59.69,10.72,7.37,80.0,0.14,989.3,flood,3
140.99,21.38,78.13,65.22,3.42,32.27,0.22,974.42,cyclone,3
29.94,32.2,40.52,11.17,2.19,28.42,4.75,1025.22,earthquake,2
12.69,24.26,61.57,14.7,1.65,48.87,0.03,1010.95,none,0
2.41,23.26,53.48,9.02,1.74,32.34,1.25,1016.07,none,0
10.04,35.58,8.19,7.37,3.76,21.9,0.04,1014.16,drought,1
15.84,21.32,58.03,14.08,3.06,31.44,8.85,1018.41,earthquake,2
4.31,25.69,61.91,10.57,4.27,23.89,0.08,1028.88,none,0
15.34,27.18,28.11,1.8,3.42,30.75,7.49,1014.48,earthquake,2
136.04,23.87,83.18,78.35,2.65,32.07,0.14,986.05,cyclone,2
31.76,28.73,48.97,4.39,3.27,43.66,0.45,1016.52,none,0
140.45,29.27,100.0,9.89,10.99,79.91,0.07,1008.98,flood,2
0.0,37.57,27.52,13.6,4.19,0.0,0.83,1019.33,drought,1
12.33,32.12,33.06,12.06,3.43,37.24,1.24,1000.34,none,0
211.06,26.48,80.07,9.39,3.67,63.38,1.82,1014.26,flood,2
9.87,26.88,60.41,6.29,3.63,43.41,0.03,1012.56,none,0
29.89,29.23,74.49,4.71,5.19,75.85,0.55,1007.79,flood,1
5.85,30.15,71.9,6.19,4.54,31.5,0.13,1018.68,none,0
120.07,25.92,64.31,34.26,1.25,50.63,0.75,984.54,cyclone,2
3.08,30.83,59.1,9.85,3.3,54.3,0.46,1008.4,none,0
20.47,17.96,73.72,7.98,2.29,54.8,0.03,1028.62,none,0
6.13,25.98,62.02,14.79,3.54,49.19,6.26,1018.01,earthquake,1
80.34,28.44,100.0,130.6,2.32,8.09,0.7,986.9,cyclone,3
10.2,25.4,51.66,17.59,2.59,9.84,7.53,1000.5,earthquake,2
4.9,30.79,38.42,2.76,3.0,8.97,0.22,1016.77,none,0
51.76,24.39,68.29,68.03,3.54,41.34,0.12,964.69,cyclone,2
15.39,20.87,43.11,21.01,3.19,37.29,0.81,1012.71,none,0
0.0,31.95,3.87,10.03,3.92,11.56,0.54,1018.47,drought,1
4.57,28.6,49.88,6.34,3.85,60.75,0.91,1016.54,none,0
53.77,23.49,78.64,88.89,2.16,40.06,0.22,993.0,cyclone,2
46.48,30.97,60.76,101.62,2.67,63.81,0.0,992.66,cyclone,2
20.96,29.85,41.18,20.33,3.51,0.62,0.15,1023.76,drought,1
22.54,23.21,67.51,96.66,4.19,20.54,1.14,972.4,cyclone,3
15.79,29.63,69.02,9.7,3.44,31.69,0.26,996.77,none,0
4.49,30.85,84.47,6.16,4.28,36.95,0.08,1012.2,none,0
2.87,26.56,66.56,13.92,2.0,54.52,0.31,1009.19,none,0
108.13,21.93,58.16,7.49,11.06,74.95,0.13,996.54,flood,2
41.48,25.42,70.41,10.09,4.79,7.14,0.66,1009.16,none,0
8.68,27.58,32.1,16.84,1.31,40.47,0.27,1009.5,none,0
17.05,27.32,67.34,5.13,2.93,41.88,0.74,1014.92,none,0
5.85,31.41,77.37,62.23,1.62,20.83,0.8,985.97,cyclone,1
63.0,30.18,75.37,25.14,10.18,66.18,0.51,1022.31,flood,2
0.0,23.19,37.16,11.67,3.21,4.48,0.16,1016.34,drought,1
24.58,26.7,73.08,15.72,3.01,42.23,0.81,1026.14,none,0
9.33,22.4,88.38,23.91,3.77,23.39,1.26,1009.25,none,0
123.42,27.02,76.89,6.48,9.53,84.46,0.62,1007.09,flood,3
34.68,23.26,63.22,22.78,3.73,39.23,0.3,965.31,cyclone,2
2.6,29.7,26.37,16.31,1.38,11.3,0.18,1008.5,drought,0
18.51,24.81,58.61,23.46,4.51,44.8,8.09,1012.91,earthquake,2
21.62,17.94,77.68,11.99,2.41,32.82,0.58,1012.61,none,0
74.48,29.02,100.0,55.24,3.97,52.31,0.3,1007.25,cyclone,2
12.91,30.64,62.78,3.48,1.96,35.24,0.03,1014.54,none,0
6.54,18.0,54.31,5.96,3.46,53.01,0.68,1016.17,none,0
131.43,27.63,83.07,24.86,3.97,90.21,0.82,1015.19,flood,1
6.42,23.99,68.07,13.33,3.79,26.41,1.05,1011.81,none,0
35.39,22.0,75.81,81.88,4.51,22.45,0.06,1001.51,cyclone,2
0.51,37.6,60.51,6.67,3.43,16.21,0.29,1021.12,drought,0
15.34,34.03,69.41,3.84,2.71,32.92,0.82,1014.08,none,0
114.97,30.25,85.38,128.57,3.28,40.73,0.08,958.23,cyclone,3
16.78,26.76,56.89,3.62,3.7,32.87,0.35,1012.53,none,0
94.68,28.59,67.91,4.06,7.18,89.74,0.04,1004.98,flood,2
7.91,21.17,71.13,3.68,2.36,33.34,0.06,1012.4,none,0
4.34,31.63,57.26,4.69,4.27,17.63,0.2,1023.46,drought,0
0.0,25.37,33.08,11.82,2.63,9.56,0.03,1031.88,drought,0
16.07,22.58,63.92,4.35,2.41,35.55,1.11,1010.46,none,0
164.87,24.66,77.57,28.35,5.05,66.12,1.5,1003.84,flood,2
145.83,24.56,69.53,12.07,6.4,73.13,0.45,1003.21,flood,2
24.04,30.11,42.1,29.54,2.24,30.09,1.44,1014.22,drought,1
14.07,27.16,56.02,22.79,3.48,17.35,0.75,1015.86,none,0
116.95,29.41,67.47,4.81,6.5,76.03,0.22,1010.26,flood,2
13.88,30.67,50.63,7.13,3.22,44.84,7.76,1017.45,earthquake,2
7.91,25.31,59.84,4.46,3.47,34.74,1.01,1015.84,none,0
2.92,24.47,64.82,8.45,3.1,24.91,0.48,1009.91,none,0
22.97,36.69,70.27,8.41,1.73,32.57,6.73,1017.58,earthquake,2
27.9,17.61,59.88,10.15,1.94,52.97,0.32,1009.61,none,0
16.43,24.32,67.85,1.35,4.33,48.26,0.23,1022.01,none,0
131.18,40.86,67.46,24.5,19.93,86.03,0.11,1004.77,flood,2
35.4,28.0,67.48,12.0,2.52,53.31,0.03,1007.68,none,0
93.73,23.34,71.94,16.5,12.21,66.45,0.4,1012.36,flood,2
30.55,22.57,69.47,17.59,3.22,28.63,0.4,1012.33,none,0
11.28,16.71,80.08,9.61,3.17,29.8,0.18,1028.66,none,0
73.86,18.86,100.0,19.43,2.15,42.04,0.07,993.55,cyclone,1
28.55,20.99,78.56,0.85,4.9,84.99,0.34,1002.04,flood,1
100.0,33.33,63.1,5.98,4.6,52.11,0.97,1008.31,flood,2
25.95,22.74,37.52,27.71,3.4,28.18,1.12,1006.12,none,0
21.86,31.13,67.75,21.2,2.49,40.87,0.75,1011.48,none,0
19.74,27.2,77.25,17.27,2.64,24.8,0.55,1034.44,none,0
81.35,21.46,76.42,72.32,3.15,45.28,0.34,979.78,cyclone,2
23.11,20.79,74.92,24.71,2.06,33.26,0.06,1009.4,none,0
15.99,27.21,82.08,8.35,2.5,56.89,0.08,1025.65,none,0
112.34,28.52,81.21,103.29,3.25,36.43,2.19,985.32,cyclone,3
21.6,29.05,77.29,3.76,2.35,27.07,0.22,1013.64,none,0
5.13,23.3,47.86,7.87,2.71,18.29,0.34,1014.42,none,0
20.77,22.83,82.73,15.81,2.12,58.88,0.56,1007.58,none,0
9.0,38.55,36.43,7.17,1.24,41.2,0.34,1001.89,none,0
105.29,23.29,87.76,79.34,3.02,39.93,0.05,972.78,cyclone,2
25.21,23.57,92.19,14.47,1.15,26.95,0.75,1001.13,none,0
7.87,27.48,34.49,9.36,3.2,40.58,0.62,1012.27,none,0
35.98,25.02,90.51,14.24,3.34,26.22,1.19,999.06,none,0
6.43,30.37,61.16,14.16,3.38,36.81,0.22,1008.46,none,0
4.79,23.73,68.26,13.68,2.41,29.32,1.0,999.23,none,0
31.59,29.45,47.29,6.2,2.63,46.37,0.21,1001.84,none,0
67.04,22.17,84.42,4.34,7.28,83.25,0.09,1022.42,flood,2
56.26,22.04,81.14,62.16,3.36,33.31,0.43,998.69,cyclone,2
82.96,27.53,84.26,128.13,3.07,41.5,0.16,999.58,cyclone,2
10.15,28.96,79.39,5.14,1.34,23.4,0.04,1004.2,none,0
26.61,23.62,54.72,9.32,2.06,6.52,7.47,1005.64,earthquake,2
8.47,45.39,48.07,5.33,2.81,21.31,0.09,1003.71,drought,0
10.29,28.81,67.48,4.96,1.63,7.46,0.44,1005.9,none,0
15.68,29.08,68.29,4.65,4.98,40.91,1.25,1021.05,none,0
20.27,28.4,54.7,17.99,2.3,33.07,0.08,1013.43,none,0
20.38,21.79,57.37,5.91,3.75,48.53,0.03,1012.95,none,0
122.07,23.9,69.74,13.66,6.39,89.01,0.63,1007.14,flood,2
10.86,16.55,58.83,13.2,2.21,21.5,8.33,1004.09,earthquake,2
21.16,40.38,65.88,3.67,2.9,45.01,0.02,1017.54,none,0
31.47,28.05,59.28,3.9,2.69,50.15,0.5,1012.25,none,0
6.04,27.04,71.67,8.42,1.47,23.61,3.77,1013.13,earthquake,1
118.97,25.22,100.0,6.1,14.19,52.68,0.05,1009.02,flood,2
69.93,30.17,82.16,105.8,3.4,57.95,0.24,988.27,cyclone,2
13.19,30.81,50.73,21.2,2.71,28.79,0.59,1020.86,none,0
23.05,26.75,82.51,2.01,4.06,25.24,0.4,1003.94,none,0
12.01,26.2,65.01,6.42,3.01,43.09,0.21,1022.41,none,0
4.55,28.73,95.36,5.66,2.23,27.41,0.23,1002.92,none,0
25.18,31.14,67.37,22.05,1.54,34.75,0.01,1004.81,none,0
101.46,29.86,81.49,70.9,4.54,56.69,0.95,989.59,cyclone,2
3.4,28.73,12.16,0.86,2.78,0.0,0.02,1006.77,drought,1
64.61,33.07,61.03,97.12,2.43,46.43,0.93,985.1,cyclone,2
112.86,23.73,69.71,9.07,4.89,82.12,2.08,996.58,flood,2
48.2,29.1,46.01,150.1,3.31,27.56,0.07,967.27,cyclone,3
10.86,26.93,68.69,17.51,1.15,28.78,6.92,1007.41,earthquake,1
206.53,28.97,50.12,36.59,7.36,40.98,0.01,994.56,flood,3
119.24,26.29,91.48,125.51,2.36,27.25,0.0,982.04,cyclone,3
64.1,27.04,89.28,68.69,3.31,36.15,0.18,996.47,cyclone,2
10.12,25.76,59.92,11.37,2.34,44.1,0.53,999.22,none,0
4.33,25.13,67.05,14.23,2.64,28.36,0.35,1011.59,none,0
134.82,22.62,87.87,9.24,7.51,71.24,0.26,1009.03,flood,2
10.26,30.51,66.73,5.56,2.83,33.14,0.05,1020.14,none,0
1.83,22.0,59.75,10.19,2.1,18.81,0.07,1011.41,none,0
55.62,31.98,63.11,171.56,1.71,47.95,0.57,987.21,cyclone,2
162.07,23.84,84.89,6.82,9.14,64.95,1.01,1004.4,flood,3
12.58,31.61,51.38,6.1,3.63,37.7,0.4,1018.67,none,0
66.1,23.71,55.64,111.06,2.35,42.19,0.05,960.38,cyclone,2
258.42,29.89,92.13,3.77,10.1,70.8,0.04,1012.68,flood,2
186.9,42.4,92.81,3.34,12.52,71.0,0.03,1007.02,flood,2
117.24,24.97,100.0,5.07,5.39,76.47,0.12,1017.82,flood,1
9.98,28.98,45.2,3.12,3.47,56.53,1.2,1005.41,none,0
12.02,33.44,76.26,5.73,4.18,32.08,0.03,1008.68,none,0
26.09,20.56,80.46,15.75,2.13,45.79,0.4,1003.36,none,0
14.17,28.77,59.27,2.54,2.91,11.67,0.19,1020.65,none,0
27.85,23.56,94.02,2.78,2.42,33.31,0.38,1013.9,none,0
37.5,27.81,83.45,64.75,3.1,31.34,0.6,976.15,cyclone,2
23.24,33.01,60.2,13.93,3.03,27.22,0.05,1002.74,drought,1
13.94,25.95,57.44,9.06,3.21,45.29,0.33,1029.73,none,0
11.65,18.33,65.58,5.0,3.07,14.44,7.2,1009.13,earthquake,2
112.55,31.19,84.21,5.04,9.03,60.31,0.99,1009.8,flood,2
8.39,33.29,69.39,13.54,2.67,40.8,0.3,1027.43,none,0
9.69,30.65,48.48,9.03,1.2,33.81,0.05,1008.7,none,0
47.09,28.66,90.64,58.2,0.64,37.15,0.24,978.07,cyclone,1
0.0,26.83,27.97,4.91,1.97,18.04,0.23,1021.59,drought,0
48.37,26.5,84.95,5.54,6.46,79.98,0.66,994.07,flood,2
22.48,25.28,70.13,12.98,3.72,38.91,4.53,1013.44,earthquake,1
13.02,21.27,58.78,17.2,3.29,41.09,1.72,1013.33,none,0
2.68,33.1,71.34,11.8,1.67,32.28,0.02,1006.84,none,0
154.74,28.66,94.66,16.83,4.61,84.24,0.17,1029.88,flood,2
66.29,29.06,19.89,5.54,0.23,30.9,0.1,1009.87,drought,1
8.57,25.9,75.63,4.46,2.14,33.91,1.28,1014.25,none,0
2.17,39.1,24.99,7.72,3.56,4.76,0.28,1016.24,drought,1
6.24,29.61,66.91,10.25,3.86,44.45,0.72,1006.75,none,0
6.94,30.74,63.04,12.72,3.25,14.3,0.88,1020.2,none,0
12.96,33.38,43.36,3.37,2.31,28.06,0.24,1019.13,none,0
7.06,27.26,61.64,20.04,3.12,39.02,0.6,1014.75,none,0
252.33,17.22,82.98,16.91,16.16,65.37,0.4,1000.77,flood,3
111.23,31.3,96.56,6.14,10.27,44.05,0.22,1000.24,flood,2
13.85,34.57,50.63,17.3,2.45,51.94,0.06,1021.6,none,0
11.52,39.55,48.32,9.7,2.98,54.5,0.01,1006.74,none,0
120.61,30.33,91.96,7.98,5.65,58.41,0.01,1013.35,flood,1
145.43,29.91,66.71,11.15,7.66,82.62,0.08,1010.28,flood,2
12.64,19.57,74.41,30.9,4.79,37.31,0.02,998.53,none,0
0.0,35.81,8.25,31.82,3.34,20.67,0.08,1015.24,drought,1
10.68,32.31,66.35,8.61,1.2,36.55,1.33,1017.31,none,0
112.26,31.71,100.0,9.11,12.37,74.55,0.14,996.95,flood,2
26.8,24.26,56.84,3.69,3.81,42.82,0.06,1015.92,none,0
18.08,29.19,74.91,9.13,1.67,43.23,0.08,1008.23,none,0
75.27,21.44,70.67,16.1,7.29,52.49,1.98,1011.43,flood,2
6.87,24.4,41.15,8.44,4.48,25.95,5.88,1007.8,earthquake,2
55.13,25.7,75.71,10.55,2.91,22.67,5.65,1004.56,earthquake,2
112.25,23.97,100.0,32.11,1.24,44.0,0.13,983.25,cyclone,2
2.77,24.13,62.61,4.18,3.71,30.68,0.11,1026.09,none,0
153.89,29.94,100.0,15.46,6.56,83.74,0.18,1011.89,flood,2
128.18,27.18,100.0,68.71,4.68,22.56,0.06,988.57,cyclone,2
2.84,34.39,26.45,3.33,2.32,11.49,0.61,1007.76,drought,1
5.08,37.02,32.08,13.75,3.29,11.41,0.82,1016.83,drought,1
94.62,34.91,46.87,161.92,3.46,55.71,0.6,1004.87,cyclone,2
19.32,28.21,57.91,6.64,2.49,25.94,0.14,1012.48,none,0
4.23,17.73,66.84,20.35,2.5,36.56,0.24,1025.94,none,0
53.33,26.05,96.34,19.92,7.67,45.92,0.71,1005.8,flood,2
85.16,33.65,84.66,71.74,1.71,25.43,0.43,970.27,cyclone,2
10.86,29.41,65.14,2.07,3.33,31.86,0.65,1025.22,none,0
26.05,30.68,50.28,2.1,2.67,65.94,0.36,1004.52,none,0
93.89,28.56,90.42,17.82,12.76,74.31,0.49,1013.03,flood,2
6.44,27.79,37.46,38.81,3.0,14.63,0.01,1013.66,drought,1
3.69,32.49,70.46,6.75,4.91,48.94,7.97,1013.87,earthquake,2
14.84,27.18,89.05,12.32,0.71,47.84,0.32,1018.15,none,0
1.96,26.43,8.34,2.71,4.7,22.16,0.21,997.83,drought,1
12.0,37.26,78.36,21.31,3.57,12.2,1.1,1001.4,none,0
24.51,33.14,50.07,1.78,2.56,35.71,0.22,1011.49,none,0
9.25,29.38,76.74,21.13,3.71,60.04,0.9,1023.17,none,0
7.06,24.74,54.45,11.09,2.75,27.36,0.19,1003.9,none,0
13.52,24.25,66.76,23.21,3.35,54.49,7.32,1004.47,earthquake,2
211.54,28.28,82.2,5.26,6.23,71.18,0.21,1011.23,flood,2
21.42,30.96,50.48,2.25,2.85,37.87,7.81,1009.22,earthquake,2
8.91,25.63,48.56,7.95,0.96,49.01,5.92,1007.08,earthquake,1
5.75,26.12,72.45,23.99,4.26,20.83,4.72,1010.99,earthquake,2
14.19,18.43,55.05,3.99,2.51,49.42,0.23,1016.03,none,0
97.89,32.74,84.61,21.15,6.44,55.06,0.07,1006.51,flood,2
16.26,29.13,83.89,6.07,2.72,29.16,0.11,1011.31,none,0
25.95,28.41,87.86,2.13,2.96,36.48,4.41,1006.93,earthquake,1
156.55,30.54,78.64,14.22,7.46,72.65,0.2,1008.38,flood,2
12.09,27.59,50.68,21.04,2.3,36.11,0.63,1015.61,none,0
139.69,30.04,88.83,9.58,9.82,63.37,0.28,1002.03,flood,2
170.83,34.48,90.39,121.07,3.59,54.08,0.19,986.28,cyclone,3
117.64,26.42,86.37,128.01,2.02,15.19,0.03,975.56,cyclone,3
98.58,27.14,79.93,2.56,9.06,75.39,0.15,1006.47,flood,2
3.84,21.3,24.12,7.9,4.38,34.79,6.06,1017.13,earthquake,1
5.51,23.1,61.69,13.52,1.79,30.83,5.0,1000.98,earthquake,1
5.14,23.67,64.43,3.7,5.07,42.76,0.55,1015.91,none,0
50.78,26.4,66.79,6.46,4.3,73.33,0.5,1004.35,flood,1
49.38,20.11,66.89,70.27,1.63,48.64,0.65,978.78,cyclone,2
1.75,32.49,53.01,8.96,4.29,40.64,5.61,1003.24,earthquake,2
13.81,31.46,62.84,5.16,3.51,29.65,0.21,1010.86,none,0
57.82,26.64,61.0,14.17,5.35,28.01,0.12,996.13,flood,2
5.1,23.42,41.41,2.37,3.6,20.69,0.14,1007.74,drought,1
18.96,33.87,73.25,9.87,2.99,23.87,0.15,1028.41,none,0
28.55,25.78,70.91,103.15,1.58,24.94,0.52,985.03,cyclone,2
30.45,33.06,68.67,29.28,3.11,26.02,0.66,1004.04,none,0
50.42,26.58,89.76,91.52,1.92,44.35,0.0,999.56,cyclone,2
10.67,20.32,64.41,10.04,2.95,45.47,0.22,1011.44,none,0
42.55,23.31,70.79,158.54,1.88,41.65,0.08,1003.14,cyclone,2
73.87,26.85,90.49,185.3,1.13,34.08,2.13,970.57,cyclone,3
40.21,26.08,78.22,202.41,3.99,32.95,1.49,971.2,cyclone,3
8.86,34.3,38.96,13.21,3.41,22.48,5.13,1015.36,earthquake,2
0.0,42.38,56.42,8.85,2.76,25.08,0.01,1000.83,drought,0
88.27,25.47,69.03,122.35,2.77,28.93,0.13,954.01,cyclone,3
69.93,27.1,77.43,84.51,3.21,15.36,0.6,994.97,cyclone,2
1.19,34.19,27.71,16.32,3.77,12.57,0.06,1011.64,drought,1
58.05,32.86,77.41,108.87,2.14,43.49,0.9,998.99,cyclone,2
7.3,20.75,14.65,29.99,0.83,22.69,0.3,1016.86,none,0
11.53,26.95,33.98,5.85,3.75,28.48,1.26,1010.91,none,0
28.61,20.83,65.28,17.43,1.83,23.1,0.47,1021.38,none,0
12.68,38.57,53.47,6.44,1.69,38.21,0.02,1011.61,none,0
123.89,17.76,85.1,7.8,4.81,66.91,0.07,998.1,flood,2
167.41,31.57,40.12,7.39,4.24,84.5,1.19,1006.61,flood,2
33.7,35.58,73.06,85.18,2.3,57.71,0.13,971.92,cyclone,2
32.98,29.66,49.78,20.23,2.58,20.15,4.48,1016.93,earthquake,2
6.98,18.54,55.63,5.13,3.73,42.53,0.56,1033.64,none,0
11.86,32.5,45.4,12.57,3.19,41.16,0.97,1019.61,none,0
22.26,36.01,100.0,6.03,2.86,20.23,0.38,1010.73,none,0
115.92,22.2,68.1,8.98,7.22,55.11,0.48,1005.43,flood,2
38.88,33.61,84.63,17.61,3.88,32.35,0.67,1019.38,none,0
131.78,28.16,64.4,7.08,10.88,63.36,0.1,1008.05,flood,2
17.59,22.05,72.83,14.05,2.55,24.63,0.1,1018.48,none,0
83.57,25.68,67.93,3.85,5.69,69.45,0.82,1007.74,flood,1
15.47,36.28,67.87,5.38,4.57,30.5,0.4,1012.85,none,0
65.57,40.91,76.93,173.31,4.1,34.74,0.01,989.2,cyclone,3
171.69,34.0,60.83,17.22,4.33,69.0,0.34,1007.77,flood,2
147.95,23.04,75.98,4.91,6.39,73.61,0.02,999.93,flood,2
88.91,29.06,46.12,21.02,3.63,70.63,0.09,1022.27,flood,1
33.04,22.17,49.35,93.11,2.64,16.0,0.06,978.29,cyclone,2
5.74,25.53,54.73,7.07,3.99,28.48,4.33,1006.25,earthquake,2
188.19,23.71,81.03,12.1,4.35,77.48,0.66,1004.31,flood,2
35.96,18.53,64.08,5.44,3.65,36.09,0.13,1018.88,none,0
57.92,42.07,97.66,107.88,2.92,44.7,0.93,990.07,cyclone,2
8.3,35.04,13.62,4.23,2.8,18.77,0.07,1010.71,drought,0
65.86,30.24,71.91,4.13,3.37,68.46,0.11,997.67,flood,1
19.06,23.1,65.92,4.25,1.85,35.99,0.18,1006.07,none,0
3.39,29.62,79.11,7.92,3.58,12.45,3.98,1012.86,earthquake,2
25.05,23.45,81.73,6.75,2.93,41.18,5.8,1025.88,earthquake,1
20.55,25.49,59.81,19.31,3.19,20.02,0.71,1011.51,none,0
18.89,24.59,53.4,9.23,4.34,41.77,0.31,1010.48,none,0
18.92,18.8,30.99,32.81,1.65,64.25,0.09,1017.21,none,0
123.35,20.32,66.88,4.06,5.75,89.5,0.47,991.28,flood,2
14.29,23.03,37.56,18.87,4.07,32.21,0.06,1003.06,none,0
9.29,24.28,61.93,14.87,2.63,50.43,0.11,1022.03,none,0
11.79,24.52,53.53,25.28,5.49,30.12,0.97,1027.07,none,0
104.09,35.32,74.72,44.88,3.23,38.93,0.32,993.03,cyclone,2
5.87,32.18,39.46,16.45,3.76,36.01,0.28,1016.57,none,0
93.24,34.12,93.06,3.59,7.3,67.48,0.15,1007.67,flood,2
55.8,26.89,55.5,65.0,2.89,32.25,0.05,986.27,cyclone,1
72.42,25.82,82.75,39.52,4.24,30.27,0.04,995.84,cyclone,2
11.54,22.46,27.63,9.93,3.45,28.38,6.8,1012.04,earthquake,2
7.86,26.08,51.2,1.63,4.43,27.16,0.11,1024.4,none,0
86.28,31.44,59.41,128.23,3.35,53.16,0.05,988.62,cyclone,2
2.8,22.2,53.95,9.88,4.04,33.55,6.15,1020.55,earthquake,2
4.12,27.63,74.21,6.49,0.0,31.2,0.46,1013.76,none,0
47.9,28.6,59.83,5.49,2.08,52.79,5.65,1030.28,earthquake,1
190.73,26.83,65.4,14.96,8.61,50.94,0.2,1002.34,flood,2
79.45,22.42,100.0,9.09,4.29,70.18,0.05,1002.55,flood,1
15.06,31.56,85.56,10.19,4.49,40.24,0.16,1011.45,none,0
6.67,31.05,55.58,10.68,2.7,20.57,0.2,1009.96,none,0
95.18,32.61,90.19,97.87,3.57,22.95,0.44,977.22,cyclone,3
165.64,26.98,76.92,14.41,6.07,57.34,0.36,1004.6,flood,2
23.06,27.22,58.43,22.53,2.24,38.17,0.37,1009.52,none,0
14.68,31.26,47.13,11.69,4.13,0.0,0.01,1005.15,drought,1
97.99,18.62,95.95,57.36,2.44,37.07,0.04,966.77,cyclone,2
38.09,32.39,80.42,10.58,4.06,41.18,0.24,1008.14,none,0
28.44,24.33,30.1,8.41,2.08,41.11,0.21,1022.84,none,0
23.64,37.38,36.81,57.74,3.46,16.33,0.42,1011.89,drought,1
12.17,26.62,71.53,8.71,2.97,22.98,0.46,1018.51,none,0
5.79,33.78,36.42,15.03,2.8,15.59,1.75,1008.27,drought,1
5.15,40.05,32.28,28.02,3.27,8.87,0.5,1024.06,drought,1
163.44,29.9,37.46,13.21,11.68,79.02,0.96,1014.57,flood,3
113.61,21.36,76.68,8.32,6.95,74.7,0.43,1020.12,flood,2
85.6,24.47,63.91,35.77,1.59,37.61,0.14,977.49,cyclone,2
120.32,30.91,85.91,6.2,10.7,75.09,0.3,1009.85,flood,2
153.34,31.59,76.48,5.31,9.06,70.41,0.49,1002.27,flood,3
142.7,20.98,85.28,52.21,2.01,44.52,0.63,993.73,cyclone,2
115.4,20.8,65.91,85.43,2.39,59.45,0.48,948.38,cyclone,2
186.93,32.93,85.36,7.87,5.76,48.81,0.26,998.88,flood,2
15.43,27.75,38.05,10.02,2.02,31.62,0.88,1009.04,none,0
203.18,32.49,65.79,165.94,2.61,29.46,0.38,982.09,cyclone,3
3.71,29.6,27.45,2.38,3.41,30.97,0.02,1006.12,none,0
6.57,17.18,73.94,3.0,2.71,18.48,0.19,1015.98,none,0
105.95,24.73,75.5,97.96,3.19,15.09,0.17,987.34,cyclone,3
104.5,20.82,82.77,7.25,12.93,90.97,1.35,998.03,flood,2
14.02,30.25,71.06,8.54,4.09,41.68,0.39,1011.8,none,0
60.71,17.86,59.2,7.83,2.25,66.15,7.96,1003.77,earthquake,2
131.48,31.53,74.32,29.38,3.65,58.11,0.46,992.37,flood,2
40.59,18.14,37.02,8.41,3.32,27.6,0.24,1024.75,none,0
21.44,30.42,82.77,25.6,2.76,31.41,0.07,1034.84,none,0
18.11,29.39,50.07,4.31,1.74,45.53,0.66,1023.12,none,0
28.47,31.47,71.0,2.36,1.75,27.54,1.66,1000.45,none,0
32.29,27.88,71.82,9.21,1.8,36.51,0.03,1014.7,none,0
41.0,24.23,80.79,132.96,3.43,36.8,0.22,982.82,cyclone,2
10.73,29.82,61.52,6.09,3.28,50.92,1.02,1011.97,none,0
49.55,24.8,97.98,122.22,3.67,34.08,0.59,995.44,cyclone,2
13.56,26.04,49.84,3.78,2.3,27.48,0.01,1008.69,none,0
8.69,41.79,51.55,4.6,3.32,26.7,0.16,1022.16,drought,0
7.16,35.62,0.0,1.5,4.87,20.01,0.37,1010.98,drought,1
39.48,26.45,81.02,49.5,4.34,51.24,0.9,970.1,cyclone,2
17.71,30.78,39.44,19.64,0.7,41.53,0.68,1022.4,none,0
36.06,29.32,81.37,4.02,3.16,39.47,0.87,1016.34,none,0
166.46,22.26,69.3,14.86,6.21,75.4,0.04,1006.63,flood,2
22.84,26.68,47.6,18.42,4.24,39.09,0.64,1015.57,none,0
11.23,32.27,64.23,23.5,1.98,19.53,0.01,1007.19,none,0
15.55,35.37,64.11,8.99,2.47,33.32,0.45,1026.45,none,0
3.17,36.02,60.35,6.16,3.48,35.72,4.4,1018.23,earthquake,1
77.22,17.29,83.17,2.22,4.57,74.72,0.48,1007.15,flood,1
23.79,25.14,65.26,1.05,4.92,44.6,4.36,1012.65,earthquake,1
8.79,22.96,53.44,3.62,3.08,39.76,0.18,1018.79,none,0
139.03,26.82,57.77,17.91,9.67,83.62,0.11,1010.72,flood,2
8.22,31.72,55.67,5.47,1.49,43.73,0.11,998.52,none,0
0.0,35.4,27.81,17.46,2.57,21.78,0.2,1001.36,drought,0
18.04,17.59,62.94,18.54,3.35,49.36,0.72,1009.97,none,0
15.27,19.72,86.06,14.94,4.72,38.89,0.15,1009.74,none,0
0.0,39.81,56.02,28.26,0.91,0.0,0.11,1012.52,drought,1
24.88,31.16,14.79,12.42,2.61,21.84,0.0,1017.61,drought,0
0.0,36.12,48.12,16.06,1.69,0.0,0.2,1024.8,drought,1
8.26,32.6,72.53,9.89,2.78,40.99,0.48,1008.65,none,0
0.0,28.72,52.57,16.07,1.32,6.26,0.03,1015.2,drought,0
71.97,30.25,100.0,144.93,1.34,33.88,1.0,969.51,cyclone,3
14.22,30.15,70.52,8.5,4.03,49.25,0.0,1017.45,none,0
14.25,32.01,59.25,5.88,2.71,40.29,0.13,1022.0,none,0
56.64,31.97,100.0,107.86,3.0,16.89,0.31,997.18,cyclone,2
7.8,22.72,46.48,38.52,1.17,20.12,0.04,1026.2,none,0
87.18,26.14,100.0,7.62,8.9,56.35,0.09,993.92,flood,2
20.08,28.94,55.74,7.39,1.8,69.8,2.4,1008.51,none,0
65.76,27.25,59.32,3.28,9.55,73.09,0.05,1003.84,flood,2
15.58,27.74,58.9,6.52,0.81,52.88,1.4,1016.48,none,0
61.07,29.21,97.61,80.54,2.79,38.57,0.33,993.93,cyclone,2
15.88,39.43,40.34,5.06,4.07,16.17,0.86,1015.95,drought,1
8.1,22.69,37.54,12.32,0.88,43.75,0.05,1019.02,none,0
29.27,31.61,73.24,3.36,1.99,42.97,0.05,996.74,none,0
146.37,31.76,79.32,4.86,5.61,74.6,0.1,1013.28,flood,2
17.82,28.12,52.64,8.94,3.37,45.44,7.02,1007.14,earthquake,2
8.63,27.33,79.82,0.96,3.26,12.71,0.66,1029.92,none,0
49.19,20.44,95.28,83.75,3.36,29.62,0.58,990.09,cyclone,2
105.37,31.68,92.65,17.04,8.65,82.25,0.76,1020.23,flood,2
6.25,38.97,41.08,12.13,4.12,32.43,0.2,1018.94,drought,1
16.02,32.99,71.35,7.02,1.42,27.59,6.71,1006.15,earthquake,1
0.0,27.91,51.7,24.96,3.35,0.0,0.91,1018.18,drought,1
31.36,16.82,61.66,19.34,3.56,33.98,1.11,1029.45,none,0
0.0,34.55,17.9,4.12,2.42,0.0,0.1,1012.9,drought,1
0.0,28.16,33.85,7.92,2.87,10.36,0.1,1010.45,drought,0
5.07,34.27,50.51,0.77,2.51,34.18,0.18,1020.36,none,0
153.9,24.06,76.75,4.51,6.07,65.9,0.03,1002.96,flood,2
8.01,32.9,39.83,0.89,2.84,4.93,0.01,1013.16,none,0
58.43,26.87,56.03,73.28,3.36,45.68,0.19,975.24,cyclone,2
8.01,33.05,48.62,12.41,2.77,28.76,0.88,1006.67,none,0
57.66,33.41,79.59,59.65,3.46,22.85,0.2,995.79,cyclone,2
21.66,28.9,74.24,5.54,3.38,40.52,0.2,1005.68,none,0
0.0,34.42,27.32,11.89,4.72,6.05,0.26,1001.15,drought,1
58.33,29.89,70.06,29.17,7.11,83.33,1.59,1007.62,flood,2
18.49,28.65,70.62,109.71,2.24,46.36,0.31,989.02,cyclone,2
11.62,36.68,74.45,8.68,2.55,28.21,4.81,1017.32,earthquake,1
1.8,25.66,45.72,21.77,2.93,50.93,0.09,1016.04,none,0
192.92,25.15,86.65,3.12,10.6,64.32,0.13,1011.49,flood,2
16.62,27.92,62.46,15.31,1.0,29.75,0.54,1004.06,none,0
10.36,20.12,58.38,29.35,2.42,45.94,0.93,1007.92,none,0
45.16,28.18,88.23,91.61,2.06,51.66,0.13,995.66,cyclone,1
135.87,28.28,95.67,7.25,8.63,51.55,0.21,1000.72,flood,3
91.4,31.9,77.68,2.32,6.7,60.85,0.05,1011.08,flood,2
18.95,30.43,90.06,20.31,1.77,44.08,0.25,1012.65,none,0
10.65,19.54,65.81,3.54,5.06,41.06,5.24,1001.7,earthquake,2
10.27,22.63,34.33,5.98,3.47,39.98,0.23,1010.56,none,0
20.59,31.81,19.8,18.86,4.12,24.88,0.34,1012.31,none,0
37.02,21.83,50.2,15.75,1.71,24.82,0.78,1022.96,none,0
26.61,29.7,27.47,9.1,2.22,52.27,6.06,1011.65,earthquake,1
47.66,22.87,78.9,39.19,2.81,54.98,0.21,968.7,cyclone,2
21.36,35.36,64.0,9.79,2.15,30.37,0.0,1015.51,none,0
9.54,22.86,62.45,21.26,1.6,29.66,1.01,1013.31,none,0
2.54,28.6,45.84,3.38,2.93,20.02,8.32,1001.17,earthquake,2
128.54,28.39,54.98,18.53,11.16,46.44,0.01,1021.62,flood,2
157.49,17.05,69.89,18.04,3.68,83.98,0.57,1001.6,flood,2
10.2,21.17,36.09,16.2,3.18,12.8,0.65,1012.54,none,0
4.55,27.68,46.03,12.66,3.87,34.14,0.08,1014.18,none,0
13.74,22.28,76.25,23.11,1.23,34.82,0.87,1017.8,none,0
47.59,25.84,81.02,130.57,2.8,45.56,0.49,963.98,cyclone,3
4.01,29.9,48.09,2.52,0.79,30.32,0.24,1011.03,none,0
7.84,35.2,35.31,8.01,2.18,27.28,0.72,1007.17,drought,1
21.0,19.49,65.4,3.16,1.43,33.09,1.82,1024.29,none,0
0.0,37.57,41.25,4.75,2.5,9.38,0.14,1013.69,drought,0
34.12,24.35,63.28,9.02,1.82,43.99,0.11,1020.07,none,0
21.19,29.91,53.01,7.49,2.28,38.37,8.17,1009.28,earthquake,2
14.6,26.88,67.22,16.57,3.13,67.53,0.57,1024.92,none,0
3.27,35.19,57.64,4.75,2.18,47.56,0.77,1011.71,none,0
3.06,22.25,59.05,7.38,2.85,33.29,0.46,1005.04,drought,0
65.45,24.73,84.47,62.31,2.09,43.66,1.08,965.09,cyclone,2
15.19,30.79,57.26,17.32,1.94,26.28,0.33,1005.09,none,0
11.85,28.43,54.71,21.82,2.71,15.59,0.25,1017.48,none,0
14.19,28.52,61.95,4.38,5.09,27.22,0.0,1021.91,none,0
127.7,29.98,64.31,9.68,9.45,71.03,0.07,1016.08,flood,2
18.8,27.0,51.88,14.34,2.25,36.39,0.0,1010.78,none,0
8.7,38.42,35.12,3.23,3.13,8.18,0.3,1013.75,drought,1
174.11,23.42,79.73,83.24,4.2,20.98,0.09,993.71,cyclone,3
137.35,25.01,73.32,27.43,9.7,80.41,0.0,1025.44,flood,2
14.42,23.85,68.7,5.64,2.63,38.22,0.87,1007.0,none,0
10.66,36.27,52.2,5.83,3.86,41.86,0.49,1015.76,none,0
0.0,27.6,25.35,5.12,1.8,1.45,1.54,1015.86,drought,1
3.74,39.03,42.14,5.14,1.65,0.0,0.36,1018.83,drought,1
86.5,23.99,69.22,52.17,3.56,38.59,1.71,992.98,cyclone,2
5.25,21.51,62.79,10.5,4.27,41.7,0.51,1014.29,none,0
4.67,27.37,60.62,2.54,4.44,51.36,0.1,1019.8,none,0
28.26,24.79,52.21,26.67,0.0,40.28,0.11,1010.73,none,0
43.71,23.29,82.35,3.18,5.08,75.1,1.51,1013.77,flood,1
82.24,28.75,77.31,9.42,4.65,72.32,1.31,1002.29,flood,2
8.13,25.95,55.44,2.78,1.89,44.71,0.84,1014.39,none,0
4.63,40.46,38.25,9.96,1.21,13.32,0.04,1013.07,drought,0
75.68,32.92,83.5,33.04,8.94,79.91,0.2,1016.95,flood,2
7.03,26.33,53.2,15.04,2.34,30.35,0.69,1007.17,none,0
67.21,30.74,39.63,17.24,5.16,71.37,0.14,1003.28,flood,1
156.52,23.53,65.03,12.63,6.8,87.38,0.22,1001.76,flood,2
101.77,22.04,71.6,3.46,8.11,60.5,0.19,1015.22,flood,2
20.06,19.85,63.27,4.27,2.99,63.95,0.78,996.09,none,0
19.62,23.32,53.69,4.76,2.79,46.04,0.38,1014.17,none,0
9.29,27.47,58.43,17.25,3.27,60.65,1.38,1008.7,none,0
22.88,26.47,54.77,21.32,2.76,35.07,6.1,1023.23,earthquake,2
129.07,17.61,60.35,165.77,2.88,28.23,1.51,965.44,cyclone,3
163.4,20.69,85.79,24.18,10.79,85.72,1.02,1010.48,flood,3
10.84,23.24,43.21,6.61,2.8,44.38,0.22,1009.69,none,0
4.8,18.98,58.03,29.36,2.1,15.46,0.19,1011.08,none,0
120.97,22.64,41.85,101.15,4.11,37.82,0.35,958.59,cyclone,3
43.29,29.57,99.67,52.52,4.28,20.07,0.24,974.45,cyclone,2
63.29,18.79,79.32,67.52,3.69,26.82,0.34,984.68,cyclone,2
10.7,25.38,52.75,11.25,3.87,51.1,0.4,1004.44,none,0
3.26,19.0,64.74,3.25,2.74,18.34,8.09,1003.57,earthquake,2
116.95,25.66,85.79,27.41,11.15,57.25,0.17,1009.55,flood,2
11.83,34.17,95.65,7.69,2.64,44.08,8.05,1005.93,earthquake,2
124.18,18.36,82.25,11.18,6.35,56.93,0.44,1015.95,flood,2
10.09,28.03,56.67,16.94,1.82,32.51,1.99,1017.88,none,0
3.72,29.85,53.35,20.51,4.28,25.68,1.62,1017.4,none,0
35.87,34.32,27.98,5.69,4.44,44.96,0.02,1010.15,drought,1
34.15,35.9,31.0,8.23,3.39,15.4,0.16,1010.94,drought,1
13.28,28.18,49.33,13.9,2.87,40.97,6.55,1014.68,earthquake,2
48.46,31.73,50.69,14.6,3.0,59.35,0.01,1010.03,none,0
129.33,28.13,72.51,13.36,7.41,72.9,0.15,1013.32,flood,2
7.66,26.82,53.89,12.84,4.4,35.56,0.58,1009.01,none,0
7.47,33.34,53.7,5.78,2.05,42.56,8.49,1013.42,earthquake,2
46.62,22.57,69.57,101.32,3.19,32.26,0.17,973.9,cyclone,2
108.54,24.87,89.58,11.93,8.27,74.0,0.14,999.99,flood,2
25.36,23.05,47.15,7.73,4.33,44.31,0.14,1008.75,none,0
154.91,26.58,95.55,22.67,8.76,93.44,0.23,1013.11,flood,3
8.3,26.14,65.44,10.83,0.21,23.52,0.49,1005.15,none,0
0.0,35.41,32.27,11.31,2.59,21.37,0.13,1004.46,drought,0
50.75,29.29,59.6,10.57,9.38,79.92,0.61,1012.67,flood,2
106.92,22.35,92.1,6.92,9.4,63.74,1.09,992.64,flood,2
12.16,30.49,75.56,8.22,2.09,43.13,0.81,1014.29,none,0
40.88,30.99,100.0,64.62,3.79,4.08,0.97,973.79,cyclone,2
12.41,26.63,63.58,17.1,2.85,49.88,0.53,1012.95,none,0
6.63,25.52,40.85,27.05,3.99,21.86,0.23,1020.99,none,0
80.06,26.66,69.86,8.77,6.22,61.95,0.39,1015.05,flood,2
37.49,26.13,26.72,8.91,2.68,26.26,0.5,1014.55,none,0
14.46,26.58,63.1,9.4,2.74,19.11,0.66,1008.41,none,0
70.35,32.42,95.12,97.35,3.08,36.07,1.03,994.16,cyclone,2
7.35,29.01,89.87,24.06,2.41,20.89,0.28,1013.15,none,0
14.15,34.62,61.57,2.75,3.21,31.73,4.55,1023.09,earthquake,1
8.25,23.1,34.73,1.67,5.26,0.0,0.48,1027.21,drought,1
18.84,21.66,70.64,16.85,2.52,47.35,0.71,1013.24,none,0
47.06,24.25,77.86,104.66,1.63,48.83,0.2,987.64,cyclone,2
2.85,24.61,66.56,16.04,3.41,34.57,0.04,1008.8,none,0
73.3,27.07,56.92,3.63,6.52,70.41,1.12,1006.96,flood,1
49.53,28.98,95.48,120.41,3.8,45.59,0.24,975.46,cyclone,2
18.66,36.46,59.72,24.8,3.21,23.13,1.6,1006.49,none,0
0.0,26.92,5.2,13.93,3.62,27.04,0.16,1004.22,drought,1
57.47,21.44,30.53,1.65,11.28,46.85,0.2,985.9,flood,2
4.33,23.77,81.01,15.75,4.11,41.35,0.3,1013.24,none,0
51.45,26.08,28.44,6.33,3.29,45.78,0.42,1018.93,none,0
4.99,31.33,76.04,0.44,1.96,42.08,0.14,1018.88,none,0
23.47,31.79,71.13,9.16,4.28,44.96,1.09,999.06,none,0
68.61,22.96,82.6,92.5,2.88,66.85,0.01,992.38,cyclone,2
20.37,27.83,38.89,8.84,2.43,5.22,0.11,1015.98,drought,1
3.85,22.05,43.4,3.91,2.92,18.65,0.15,1022.53,none,0
0.0,36.82,37.48,2.78,2.95,13.93,0.67,1021.35,drought,1
86.41,29.3,80.87,1.97,4.35,82.7,0.56,1005.84,flood,1
9.01,23.27,51.65,6.02,1.56,39.21,0.49,1012.14,none,0
13.96,14.52,92.27,21.6,2.09,35.46,0.02,1014.88,none,0
20.99,20.38,61.56,4.78,2.21,52.97,0.46,1005.85,none,0
6.24,28.06,73.92,7.03,2.15,29.4,0.6,1018.73,none,0
12.81,23.59,88.89,6.9,3.21,43.01,0.59,991.33,none,0
75.66,33.24,75.27,12.06,5.7,78.65,0.09,1007.97,flood,1
5.35,21.72,62.37,19.99,1.15,34.56,5.42,994.46,earthquake,2
10.39,29.07,50.27,4.71,4.49,49.63,0.59,1005.83,none,0
30.87,38.83,31.61,8.39,3.37,9.89,0.04,1022.24,drought,1
40.18,30.63,48.39,154.89,2.52,51.75,0.26,973.07,cyclone,2
21.06,26.47,87.38,8.83,1.57,19.29,0.22,1019.82,none,0
8.1,28.93,55.7,13.59,2.66,57.61,1.0,1014.22,none,0
13.82,28.56,50.24,3.97,2.19,43.14,0.76,1016.16,none,0
18.97,19.57,83.52,25.83,4.27,30.46,1.31,1013.68,none,0
85.42,31.48,70.97,9.29,7.78,61.5,0.34,1006.21,flood,2
18.8,23.0,46.33,6.67,2.1,42.37,1.23,1003.91,none,0
106.53,25.69,79.76,9.79,6.06,79.13,0.5,1010.62,flood,2
133.12,36.34,59.72,115.99,4.51,22.67,0.27,979.71,cyclone,3
29.2,20.4,81.32,2.67,2.33,35.9,0.71,1019.81,none,0
35.83,26.14,77.41,96.88,3.68,14.06,0.34,993.16,cyclone,2
57.81,25.41,100.0,47.07,3.94,46.84,0.01,967.47,cyclone,2
117.92,20.7,44.71,4.11,5.46,88.06,0.54,1009.11,flood,2
124.32,32.66,100.0,7.07,5.77,39.17,0.08,1000.5,flood,2
8.41,29.97,59.58,6.59,4.63,49.88,0.16,985.96,none,0
164.78,25.42,92.69,108.2,3.48,22.31,0.8,980.61,cyclone,3
14.06,25.39,27.22,6.42,2.09,34.66,6.18,1008.41,earthquake,1
10.31,37.0,22.95,8.3,3.15,0.0,0.2,1017.86,drought,1
95.19,36.68,74.65,6.85,7.91,63.21,0.66,1007.03,flood,2
59.07,27.76,73.98,27.08,9.31,37.12,0.77,999.79,flood,2
9.94,33.33,80.71,12.91,3.99,30.29,8.19,1005.21,earthquake,2
126.98,28.83,85.15,102.69,3.76,48.67,0.1,967.25,cyclone,3
0.0,30.4,70.84,6.63,3.34,15.89,0.13,1010.95,drought,0
102.53,24.06,66.5,5.62,6.85,65.12,0.26,1003.87,flood,2
48.22,12.11,93.23,183.23,2.91,7.37,0.61,979.19,cyclone,3
33.76,24.32,64.85,22.27,3.41,53.05,0.27,1005.12,none,0
13.8,26.1,67.91,3.43,2.3,31.11,0.35,1026.16,drought,0
96.15,26.69,53.57,4.87,2.62,78.7,0.11,1001.27,flood,1
2.97,27.11,62.32,12.85,1.9,29.25,0.79,1010.59,none,0
37.92,23.48,93.02,142.4,1.99,31.37,0.45,987.47,cyclone,2
16.25,33.13,16.73,7.72,3.19,30.24,0.49,1015.67,none,0
22.77,35.59,72.79,1.56,3.24,29.65,0.26,1004.14,none,0
149.37,23.86,83.57,13.08,7.54,55.23,0.09,999.15,flood,2
5.61,26.38,63.65,3.21,2.93,16.38,0.1,1017.96,none,0
9.48,33.78,32.88,14.74,3.42,33.85,0.42,1010.08,none,0
25.62,21.98,27.27,14.74,0.86,40.6,7.32,990.55,earthquake,2
52.59,32.37,55.03,5.54,3.52,24.57,0.43,1000.39,none,0
10.93,34.61,35.67,31.48,2.88,39.38,0.05,1000.19,none,0
156.61,17.3,84.83,9.75,7.1,67.72,0.03,1008.47,flood,2
47.52,30.38,60.35,13.45,7.48,49.37,0.2,1000.79,flood,1
3.2,32.3,35.83,15.21,2.23,8.65,0.12,1020.04,drought,1
55.87,31.45,74.31,4.47,9.35,54.5,0.5,989.19,flood,2
214.57,27.96,87.04,18.26,12.23,84.53,1.09,999.4,flood,3
30.28,25.06,71.33,6.74,0.59,13.98,0.36,1023.67,none,0
16.08,18.95,70.33,12.2,1.89,53.32,6.64,1024.44,earthquake,1
6.01,27.89,44.36,25.75,4.1,20.47,0.74,1019.3,drought,1
19.49,28.76,57.54,3.02,3.84,62.9,1.47,1004.62,none,0
23.46,34.84,65.78,3.29,0.9,30.84,6.35,1016.68,earthquake,1
107.39,30.68,72.79,151.71,1.97,11.8,0.53,985.31,cyclone,3
11.26,27.8,97.77,4.85,2.75,36.2,0.54,1007.96,none,0
75.04,18.98,56.56,7.24,7.78,72.75,0.45,1006.65,flood,1
7.68,28.64,54.74,5.81,3.29,42.61,1.16,1010.95,none,0
22.79,19.07,47.07,14.7,3.74,46.26,0.62,1020.07,none,0
13.86,40.51,24.35,6.95,2.62,6.48,0.13,1009.25,drought,1
33.07,35.52,97.01,78.62,2.48,48.81,0.12,986.59,cyclone,2
3.93,30.45,45.74,9.73,2.51,17.47,0.04,1004.64,drought,0
27.33,18.43,46.83,21.56,2.87,56.57,0.86,1010.99,none,0
0.0,28.59,39.8,32.36,3.24,10.63,0.33,1023.27,drought,1
210.54,23.54,97.37,1.93,6.33,81.11,0.04,1014.33,flood,2
44.11,20.97,87.23,157.43,3.15,40.45,0.38,998.17,cyclone,2
20.71,26.84,58.48,31.69,4.45,41.59,0.25,1014.09,none,0
86.16,26.83,44.97,24.0,8.49,73.69,0.44,1016.65,flood,2
2.28,27.42,77.98,11.41,4.5,33.61,8.37,1020.99,earthquake,2
12.28,22.12,49.44,6.76,2.32,33.84,3.98,1012.58,earthquake,1
8.99,26.8,59.58,10.57,4.81,15.09,0.45,1005.7,none,0
10.59,20.93,64.77,18.31,2.66,43.11,5.11,1020.24,earthquake,1
93.43,21.56,71.51,9.42,5.65,53.76,0.36,1000.11,flood,2
11.26,29.43,52.13,2.11,2.39,10.16,8.79,1020.49,earthquake,2
39.49,31.48,89.45,41.09,3.0,42.01,0.67,973.08,cyclone,2
4.29,32.48,54.26,1.49,2.27,40.76,0.38,1013.04,none,0
13.29,24.61,64.24,7.23,3.39,45.56,6.71,1012.27,earthquake,2
51.19,14.51,100.0,12.67,6.71,67.47,0.86,998.23,flood,2
26.55,23.46,46.53,22.03,2.24,37.01,0.77,1005.61,none,0
14.51,33.08,52.06,17.01,3.4,49.83,0.33,1015.59,none,0
15.02,29.05,57.73,18.38,2.6,25.99,0.33,991.12,none,0
22.83,24.5,57.36,17.18,3.37,45.59,0.03,1008.18,none,0
24.93,33.22,56.5,6.63,1.94,33.0,5.23,1007.31,earthquake,2
17.93,28.74,56.07,17.28,4.21,27.07,0.66,1009.89,none,0
0.0,34.8,39.45,9.93,3.79,25.36,0.07,1029.28,drought,1
14.24,26.51,43.51,1.63,3.15,30.16,0.32,1018.55,drought,0
22.74,32.06,31.35,3.54,2.41,8.48,0.13,1008.88,drought,1
6.64,23.48,56.66,14.23,1.3,38.0,0.12,1010.9,none,0
41.21,23.95,100.0,81.39,4.23,39.89,0.06,986.84,cyclone,2
10.37,23.37,21.69,22.43,3.27,37.06,0.45,1007.5,none,0
45.81,29.85,71.62,50.6,3.39,29.01,0.5,997.04,cyclone,2
10.45,33.0,55.56,13.33,1.79,14.99,0.01,1019.4,none,0
175.91,28.74,76.04,0.66,7.2,90.51,0.8,991.62,flood,2
37.27,20.02,50.25,9.18,2.9,51.53,0.37,994.67,none,0
8.76,25.76,63.02,6.47,4.11,36.37,0.01,1008.38,none,0
106.29,25.31,75.26,3.28,7.66,70.92,0.58,1011.89,flood,2
32.1,22.57,49.95,19.08,4.04,34.95,0.31,1015.74,none,0
45.53,26.92,56.95,26.74,3.67,30.2,4.51,999.59,earthquake,2
4.1,29.5,58.08,4.46,4.27,42.14,1.76,1004.58,none,0
31.94,29.7,27.19,7.23,4.89,18.92,0.08,998.91,none,0
61.43,25.71,100.0,107.79,2.44,17.37,0.92,982.77,cyclone,2
0.0,27.13,79.89,19.98,2.06,18.83,0.08,1015.88,drought,0
9.02,26.7,49.74,28.79,3.76,33.33,1.99,1019.71,none,0
12.61,24.85,47.6,11.7,5.15,40.6,0.09,1009.62,none,0
4.16,18.34,56.29,8.85,3.72,37.7,0.36,1014.95,none,0
196.2,41.1,59.52,13.33,7.94,83.64,0.86,1006.72,flood,3
6.27,27.66,57.01,29.57,2.48,40.96,0.03,1014.29,none,0
13.16,26.78,72.24,12.24,3.7,38.22,0.26,1016.03,none,0
88.09,23.61,49.47,16.09,10.3,86.54,0.23,1012.3,flood,2
14.83,37.62,60.09,9.06,3.96,12.69,1.09,1024.31,drought,1
8.69,33.06,84.84,5.11,2.77,38.77,0.17,1008.94,none,0
46.73,32.18,97.23,12.93,16.25,88.46,0.14,1000.55,flood,2
100.65,29.73,67.86,5.81,8.1,63.17,0.06,1003.37,flood,2
70.5,28.41,81.4,8.96,6.33,54.63,0.18,1004.53,flood,1
78.24,29.07,79.89,4.56,6.73,49.47,0.05,997.58,flood,1
91.77,29.55,94.57,68.95,2.81,46.49,0.16,994.92,cyclone,2
14.15,25.63,50.4,24.07,2.94,43.94,0.3,1003.92,none,0
5.1,30.65,46.98,14.39,3.24,22.92,0.07,1016.16,none,0
19.37,20.25,50.77,2.24,2.9,17.63,0.08,1022.01,none,0
12.89,30.12,33.01,0.73,2.96,14.57,5.52,999.59,earthquake,2
89.36,33.67,91.84,10.33,9.09,67.76,0.37,1004.52,flood,2
121.86,30.91,73.99,9.71,6.14,62.71,0.1,998.56,flood,2
104.26,24.26,70.19,3.97,6.03,73.09,0.44,1022.13,flood,1
132.1,30.15,64.91,110.74,4.4,44.86,0.06,1007.8,cyclone,2
91.3,27.09,100.0,154.6,1.7,23.19,0.33,977.11,cyclone,3
1.0,26.14,55.99,2.6,4.22,60.2,8.74,1023.12,earthquake,2
32.6,29.69,76.05,128.75,0.5,12.09,0.35,983.93,cyclone,2
8.77,37.39,49.53,4.39,2.32,14.07,0.16,1018.06,drought,0
29.05,24.09,59.93,3.09,4.57,47.91,0.3,1020.25,none,0
13.49,34.92,53.78,1.56,3.89,41.4,0.11,1009.96,none,0
15.7,26.85,51.8,20.34,2.07,62.11,0.14,1005.85,none,0
43.1,27.81,70.26,4.94,3.8,56.7,0.18,1008.43,flood,1
146.4,27.38,79.7,75.37,3.73,41.15,0.41,979.35,cyclone,3
14.35,32.28,13.36,16.48,4.54,5.79,0.13,1013.77,drought,1
11.1,26.19,44.67,2.36,4.61,43.97,0.01,1021.43,none,0
6.28,28.39,49.68,7.75,3.53,53.54,0.44,1021.36,none,0
11.62,32.63,54.72,42.88,2.13,24.53,5.09,1024.36,earthquake,1
12.43,25.05,40.67,9.27,3.92,29.52,0.0,1016.99,none,0
3.14,26.94,52.15,2.46,2.57,8.72,0.26,1017.11,drought,1
92.13,23.36,99.12,17.1,4.98,64.21,0.65,1002.9,flood,2
12.48,28.07,37.94,10.77,2.37,59.72,0.4,1024.68,none,0
79.32,30.09,99.94,17.75,9.86,71.99,0.02,1013.51,flood,1
11.74,31.27,54.52,24.45,3.69,28.77,0.04,1014.77,none,0
123.52,28.64,74.3,6.26,10.1,61.57,0.29,1003.18,flood,3
56.34,28.58,75.1,126.32,2.34,44.38,1.01,969.87,cyclone,3
22.18,22.9,32.94,1.62,1.64,25.45,0.88,994.34,none,0
9.81,29.36,45.53,24.12,2.28,32.65,0.16,1016.25,none,0
12.21,28.55,55.29,4.22,3.54,23.03,0.09,1018.68,none,0
10.55,21.69,59.18,4.39,3.85,26.39,0.01,1020.66,none,0
6.3,30.23,81.82,22.1,5.76,45.61,8.24,1009.31,earthquake,2
13.73,32.47,77.51,10.97,4.79,16.76,5.94,1016.85,earthquake,2
0.0,38.89,38.3,4.92,2.6,8.29,0.3,1012.19,drought,0
24.14,22.6,79.93,97.94,3.4,34.07,0.27,1002.03,cyclone,2
18.35,33.49,37.46,9.76,3.51,7.52,0.65,1013.73,drought,1
12.99,18.79,65.87,8.56,0.85,65.4,0.45,1016.69,none,0
131.52,27.89,100.0,107.34,4.85,39.23,0.47,982.28,cyclone,3
77.47,25.77,70.51,12.38,7.9,42.78,0.5,1011.48,flood,2
31.15,36.05,76.9,4.04,2.04,21.88,0.4,1018.07,none,0
15.8,31.21,67.79,6.73,2.73,25.57,0.5,1010.04,none,0
91.84,34.39,98.92,98.55,2.38,41.49,0.08,971.1,cyclone,2
78.65,21.94,100.0,83.52,2.42,23.72,0.86,968.87,cyclone,3
9.81,34.49,51.43,11.29,0.52,42.35,0.71,1016.48,none,0
6.06,33.23,76.47,3.75,1.36,58.68,0.1,1003.35,none,0
21.47,23.6,54.06,6.02,2.99,42.62,0.04,998.39,none,0
17.75,26.3,83.14,23.77,4.22,53.84,0.89,1023.54,none,0
79.32,30.92,86.03,67.09,2.88,37.81,0.06,984.28,cyclone,2
13.53,33.03,39.29,24.38,1.39,18.88,0.78,1016.64,none,0
22.09,28.49,46.85,34.85,1.71,37.34,7.8,1001.75,earthquake,2
28.95,25.71,49.66,25.26,1.88,39.57,0.06,1000.28,none,0
9.18,32.65,39.47,16.69,0.82,41.73,0.28,1022.03,none,0
103.22,16.06,87.99,21.95,4.96,65.55,0.27,1009.3,flood,2
65.93,24.95,82.84,111.88,2.48,30.05,0.24,968.83,cyclone,2
0.0,37.73,14.72,13.66,2.98,0.27,0.33,1016.78,drought,1
17.38,33.33,49.13,15.82,3.27,28.98,4.53,1002.36,earthquake,1
14.62,39.32,47.71,14.45,2.7,36.07,0.2,1027.94,none,0
71.36,25.16,93.48,41.76,2.79,38.13,1.55,1002.78,cyclone,1
15.95,21.59,47.35,9.02,5.1,21.92,0.01,1004.85,none,0
102.31,25.34,83.97,66.82,3.16,50.08,1.31,990.51,cyclone,2
79.42,29.16,78.75,4.31,6.74,66.34,0.0,998.46,flood,2
3.76,42.97,39.9,14.18,1.77,54.06,2.17,1018.03,none,0
54.49,19.18,85.9,94.85,4.3,11.97,0.74,975.46,cyclone,3
30.49,23.27,76.63,13.8,3.7,43.75,8.41,993.68,earthquake,2
7.67,36.14,79.11,2.28,4.59,33.55,0.6,998.04,none,0
153.14,28.89,100.0,6.21,12.93,59.72,0.98,1002.46,flood,2
72.8,28.47,61.31,20.22,7.95,82.36,0.0,1004.43,flood,2
9.01,25.66,72.66,8.49,2.9,56.02,8.76,1033.52,earthquake,2
8.38,19.31,59.68,17.96,2.57,50.76,0.16,1013.49,none,0
10.56,28.78,34.61,6.6,2.53,38.25,8.91,1002.42,earthquake,2
5.43,39.84,13.97,9.88,2.19,22.34,0.48,1016.67,drought,0
9.82,33.11,69.58,22.08,3.45,54.44,0.06,1015.21,none,0
9.3,26.1,100.0,14.15,3.76,31.81,0.33,1017.01,none,0
16.48,30.66,42.29,11.64,1.87,53.76,0.02,1010.79,none,0
67.64,21.21,79.61,6.38,4.25,63.54,0.24,1004.09,flood,1
46.39,29.88,52.62,4.96,2.39,32.76,0.04,1023.3,none,0
4.5,22.66,77.82,18.54,3.0,39.05,0.08,1023.92,none,0
19.69,18.01,67.9,9.55,4.4,34.15,0.17,1015.63,none,0
50.08,29.27,56.18,13.81,3.54,33.73,0.51,1015.57,none,0
6.72,23.49,64.47,3.33,4.32,46.92,0.39,1024.65,none,0
100.27,28.37,69.64,25.28,4.1,80.07,0.03,1002.61,flood,1
36.06,30.83,60.71,8.25,3.84,20.24,0.05,1010.33,none,0
7.2,14.07,69.04,15.51,3.31,43.02,0.73,1010.33,none,0
19.83,26.88,51.38,4.54,1.92,13.87,0.25,1020.87,none,0
13.11,31.45,20.13,12.31,3.03,4.97,0.55,1018.82,drought,1
5.98,34.45,48.98,5.41,3.66,34.8,0.09,1024.3,none,0
91.73,31.96,39.15,9.6,9.58,61.66,0.24,1012.72,flood,2
25.87,24.47,56.35,20.86,3.33,45.95,0.09,1026.91,none,0
119.52,16.35,70.14,1.67,7.18,89.73,0.41,1000.57,flood,2
158.29,26.19,89.6,4.89,8.38,37.05,0.46,1004.27,flood,3
36.33,24.36,84.87,10.81,1.8,25.72,6.94,1017.29,earthquake,2
39.39,31.56,85.16,18.63,8.24,68.44,0.07,998.86,flood,2
2.48,26.18,19.82,10.02,4.18,39.14,0.42,1022.55,none,0
23.04,30.0,52.61,10.2,4.92,0.0,0.09,1008.41,drought,1
296.28,25.85,73.03,2.95,8.1,85.65,0.36,1003.97,flood,2
22.51,13.87,92.34,14.58,4.36,23.4,5.0,1001.68,earthquake,2
63.3,29.28,97.85,10.35,8.25,78.57,0.01,1014.66,flood,1
7.32,40.17,62.34,4.74,4.03,43.68,0.58,1008.77,none,0
52.97,24.43,73.58,57.35,2.31,23.58,0.19,981.0,cyclone,2
27.93,24.74,81.97,4.53,4.04,40.99,2.37,1019.66,none,0
57.89,26.52,98.63,5.48,6.54,51.11,0.02,1018.32,flood,1
14.32,22.49,76.36,8.36,2.08,20.69,0.1,1013.56,none,0
26.14,21.34,55.9,3.9,2.6,31.1,0.02,1010.69,none,0
121.87,27.77,60.14,9.42,7.35,52.32,1.61,1000.74,flood,2
116.65,36.66,86.64,2.24,4.68,55.25,0.21,1004.54,flood,2
71.4,25.77,55.87,8.02,7.55,87.64,0.33,1010.6,flood,2
9.81,25.75,69.81,12.46,2.28,34.34,0.71,1022.13,none,0
56.2,18.3,42.74,8.47,2.16,19.49,1.86,1025.81,none,0
169.36,21.68,63.83,20.13,16.21,65.51,0.26,1002.23,flood,3
80.76,16.49,80.66,22.11,9.36,57.26,0.45,994.65,flood,2
4.95,22.55,64.98,9.62,3.55,33.24,0.08,1014.57,none,0
105.42,24.81,41.15,76.53,2.42,47.25,0.83,972.18,cyclone,3
93.89,25.57,87.78,4.06,7.63,92.29,0.79,1004.04,flood,2
22.02,25.83,55.58,23.06,2.18,33.64,0.09,1014.0,none,0
4.76,33.63,31.77,12.94,3.97,34.7,0.36,1018.13,none,0
15.34,27.89,61.38,15.77,5.99,36.9,0.47,1019.75,none,0
2.33,28.42,48.88,9.81,1.36,42.93,0.09,1014.57,none,0
12.14,20.17,44.67,2.52,2.72,52.24,4.02,1027.35,earthquake,1
5.42,32.39,88.19,24.92,3.35,32.04,0.18,1006.09,none,0
22.36,37.79,31.96,3.35,4.23,0.0,0.57,1015.49,drought,1
16.68,35.26,0.0,7.98,2.56,0.0,0.04,1017.92,drought,1
89.48,28.77,64.3,58.92,1.39,35.5,0.03,984.73,cyclone,2
16.37,18.79,47.22,5.27,3.8,38.74,0.12,1023.43,none,0
37.26,31.7,67.06,2.97,1.07,25.71,8.98,1013.55,earthquake,2
60.83,26.25,60.04,133.94,4.53,37.47,0.02,972.19,cyclone,2
6.05,33.01,54.83,4.97,2.69,52.27,0.05,1008.17,none,0
20.98,28.94,69.48,27.55,3.05,53.8,7.49,1012.28,earthquake,2
40.48,24.73,29.91,15.53,3.09,40.5,6.07,1001.14,earthquake,2
74.08,27.74,78.42,120.45,2.45,52.35,0.11,1004.04,cyclone,2
0.0,43.69,57.83,13.45,2.94,30.04,0.02,1016.34,drought,0
249.44,32.88,84.45,10.77,6.89,61.12,0.06,1002.95,flood,2
90.51,23.58,80.81,7.83,6.33,86.63,0.07,1008.75,flood,1
94.14,23.01,100.0,72.13,4.6,23.79,0.39,952.88,cyclone,3
8.49,31.73,71.9,7.6,2.48,69.91,0.53,996.88,none,0
39.87,19.87,46.02,17.73,4.43,20.76,1.42,1014.84,drought,1
17.92,30.06,40.06,13.81,4.21,42.65,0.01,1008.05,none,0
45.19,30.68,89.03,77.75,2.47,53.8,0.7,993.15,cyclone,1
35.6,38.02,56.7,17.46,2.25,16.52,0.23,1003.58,drought,1
80.66,25.11,68.63,7.98,9.99,61.43,0.35,996.99,flood,2
15.96,20.82,34.06,2.6,2.65,27.42,6.42,1022.62,earthquake,1
40.83,20.54,66.12,13.6,4.59,78.47,0.0,1006.4,flood,1
2.63,12.86,47.5,7.62,3.51,34.74,8.39,1015.25,earthquake,2
125.21,23.02,64.49,10.26,13.71,77.31,0.2,1022.79,flood,2
53.72,28.53,84.67,5.1,5.6,70.32,2.22,1004.03,flood,1
11.6,16.74,38.7,43.12,1.51,72.63,5.61,1013.91,earthquake,1
14.14,28.69,63.08,7.24,3.27,34.88,0.02,1008.85,none,0
22.68,21.21,52.5,9.47,2.23,55.81,1.12,1014.45,none,0
7.46,31.38,60.88,22.25,2.97,36.08,0.4,1003.44,none,0
0.0,35.36,2.27,18.25,3.7,13.59,0.22,1014.59,drought,1
6.27,31.08,30.9,6.84,2.87,44.59,0.14,1020.09,none,0
8.73,22.79,47.47,14.38,3.0,42.62,0.15,1011.81,none,0
117.17,26.11,81.12,17.92,10.87,91.05,0.2,1000.69,flood,2
33.93,32.5,65.31,9.49,1.61,31.75,0.25,1021.02,none,0
118.5,22.23,96.06,15.84,5.52,47.74,0.15,1009.09,flood,2
8.44,35.36,46.99,15.02,3.49,45.95,6.64,1016.93,earthquake,1
27.46,25.38,71.48,9.08,2.89,22.64,0.85,1006.41,none,0
8.64,24.68,48.53,11.73,3.28,26.16,0.97,1011.59,none,0
12.98,30.23,74.74,9.86,3.44,40.08,0.03,1028.28,none,0
4.98,23.13,60.23,8.93,4.65,33.92,0.5,1013.61,none,0
12.82,30.05,72.96,10.35,2.77,22.79,0.19,1017.9,none,0
15.11,27.98,41.23,1.85,3.68,37.25,5.48,1020.74,earthquake,2
11.64,25.08,61.39,1.95,4.48,45.48,0.01,1016.89,none,0
30.38,27.48,90.8,171.73,1.61,23.58,0.18,981.09,cyclone,2
100.65,26.81,73.66,36.15,3.09,56.64,0.34,993.31,flood,2
0.0,33.43,23.8,1.23,2.8,2.25,0.71,1012.49,drought,1
13.34,29.19,69.4,6.55,2.91,42.45,0.19,1019.24,none,0
8.98,22.29,56.87,3.01,2.03,20.99,5.72,1005.16,earthquake,2
72.71,29.51,94.73,72.61,1.82,26.57,0.38,985.43,cyclone,2
10.6,30.09,61.57,20.46,2.7,37.51,6.37,1020.55,earthquake,2
105.54,25.98,91.38,3.33,12.66,66.69,0.1,1020.44,flood,2
32.79,26.83,73.28,5.19,4.45,20.18,1.28,1000.09,none,0
27.96,24.97,65.39,4.87,3.65,72.16,0.64,1000.35,none,0
80.33,31.39,74.91,187.61,3.1,31.07,0.42,994.64,cyclone,2
15.61,33.44,70.72,50.34,2.55,51.38,0.08,992.91,cyclone,1
112.46,28.66,85.7,91.12,3.81,35.71,0.55,989.03,cyclone,3
19.11,28.04,81.65,2.05,1.68,39.6,4.24,1011.42,earthquake,1
111.25,30.59,75.72,34.7,2.56,38.35,0.09,982.51,cyclone,2
37.26,26.1,62.03,6.94,3.09,20.06,7.44,1002.92,earthquake,2
21.87,19.63,35.03,2.99,5.19,26.93,0.35,1024.09,none,0
74.3,23.12,69.19,7.14,6.23,73.46,0.25,1011.09,flood,1
24.9,28.45,66.69,26.98,5.29,36.35,8.23,999.95,earthquake,3
20.87,27.04,47.12,10.15,2.08,13.91,0.05,1006.52,none,0
3.82,31.1,81.02,46.41,3.39,18.18,0.65,1011.75,none,0
97.95,20.7,100.0,12.19,8.1,61.27,0.55,1018.58,flood,2
123.36,32.07,98.34,7.48,4.63,76.79,0.13,1015.75,flood,1
6.5,24.94,40.57,7.46,2.42,13.93,0.33,1005.41,none,0
4.01,36.36,34.7,16.17,5.07,38.25,0.06,1013.13,none,0
60.85,31.2,71.73,8.06,4.97,85.85,0.11,1016.23,flood,1
128.84,34.17,69.32,7.61,13.33,92.47,0.05,1028.29,flood,3
29.2,33.57,63.66,16.63,4.77,22.05,0.04,1010.74,none,0
159.76,21.4,95.9,14.67,9.62,68.26,0.46,993.09,flood,3
55.17,26.61,66.68,10.99,1.64,26.98,0.25,1022.56,none,0
23.39,25.43,70.43,111.75,2.87,48.21,0.14,990.32,cyclone,1
4.63,23.97,57.67,22.49,2.28,37.45,0.19,998.95,none,0
11.43,24.88,83.21,12.51,3.97,47.7,0.4,1020.74,none,0
96.39,22.23,80.34,5.61,9.31,84.09,0.43,1017.22,flood,2
10.19,28.38,63.18,2.02,2.2,12.01,0.34,1003.34,none,0
3.11,35.9,12.56,20.08,3.92,2.04,0.21,1016.41,drought,1
14.67,28.35,35.97,28.18,2.35,26.01,0.19,1015.1,none,0
15.83,24.95,68.38,15.87,2.96,48.96,0.16,1015.65,none,0
22.03,32.75,59.85,6.02,4.8,35.33,0.0,1014.37,none,0
172.09,23.95,89.53,11.52,8.97,72.27,0.13,1020.48,flood,2
9.33,22.52,70.72,28.0,4.39,35.44,0.12,1011.91,none,0
30.26,28.98,92.95,9.29,2.7,49.31,0.17,1017.9,none,0
7.84,32.16,39.1,1.74,2.66,32.48,1.02,1013.55,none,0
14.11,38.6,0.0,13.35,2.49,21.75,0.11,1016.11,drought,0
16.74,24.55,69.28,28.63,0.49,37.58,0.47,1010.31,none,0
12.45,29.9,45.18,5.38,2.85,37.71,0.46,1008.41,none,0
13.86,29.45,69.25,17.32,4.09,41.01,1.42,1012.63,none,0
22.13,30.51,88.14,20.61,2.45,41.99,0.58,1023.69,none,0
5.92,27.85,72.67,7.68,3.67,19.2,0.08,995.01,none,0
58.75,38.11,74.13,83.6,1.6,40.34,1.0,974.44,cyclone,2
13.7,20.44,72.18,6.6,2.34,38.91,0.25,1020.69,none,0
4.28,30.2,42.88,14.09,1.0,40.71,7.06,1007.01,earthquake,1
26.87,29.5,50.63,9.16,4.35,36.83,0.23,1006.68,none,0
89.68,24.84,81.11,14.51,4.84,87.44,0.52,1006.52,flood,2
14.2,28.99,81.79,17.29,3.77,40.01,0.94,1021.56,none,0
6.83,28.2,80.38,7.08,1.4,20.23,8.63,1019.12,earthquake,2
154.01,32.16,90.25,23.26,4.56,73.67,1.4,1013.11,flood,2
138.72,29.88,42.26,7.96,6.2,77.19,0.41,1022.8,flood,2
40.67,33.52,63.17,30.4,3.56,38.09,2.29,1016.86,none,0
0.0,33.08,19.43,4.62,3.37,21.96,1.27,1021.33,drought,1
0.0,31.97,2.89,20.96,2.63,0.0,0.78,1034.29,drought,1
13.23,24.03,60.05,5.16,5.02,47.64,8.46,1016.63,earthquake,2
14.55,27.26,46.58,4.03,2.81,39.99,0.1,1011.6,none,0
41.3,28.09,76.28,3.04,4.67,42.01,0.81,1002.94,flood,1
19.16,26.71,68.54,18.8,3.51,3.6,0.38,1024.49,none,0
204.45,29.25,74.28,66.31,2.13,22.94,0.05,976.37,cyclone,3
116.25,24.99,64.32,3.45,2.63,72.14,0.3,1008.31,flood,1
205.5,28.41,51.88,14.62,7.64,66.96,0.09,1007.46,flood,2
42.32,30.03,69.09,22.08,1.57,50.81,0.65,1006.96,none,0
96.05,26.99,89.12,17.54,5.73,84.46,1.0,999.12,flood,2
0.76,29.04,32.84,2.81,2.79,37.84,8.34,1019.04,earthquake,1
105.91,20.66,83.44,79.6,2.87,37.81,0.16,956.65,cyclone,3
156.18,29.97,100.0,12.95,16.82,92.73,0.07,1000.56,flood,2
8.97,25.72,51.35,2.84,4.61,24.83,0.17,1005.63,none,0
48.94,28.95,82.6,12.81,4.24,48.25,0.42,1016.3,flood,1
5.97,36.61,67.35,5.51,1.37,32.59,6.91,1016.85,earthquake,1
8.38,21.08,99.53,2.8,4.24,37.16,8.62,1006.81,earthquake,2
18.98,20.02,85.52,8.7,3.23,15.1,1.22,1011.33,none,0
12.28,23.92,76.73,74.67,2.73,6.81,0.05,976.05,cyclone,2
19.29,31.77,65.38,11.76,3.26,41.24,5.05,1011.56,earthquake,2
106.49,22.57,60.37,48.34,1.24,45.21,0.19,1017.07,flood,1
0.0,29.06,1.85,23.92,3.65,29.52,0.13,1011.32,drought,1
190.16,20.36,75.94,16.6,6.59,84.05,2.32,1005.19,flood,3
103.65,31.87,92.45,25.46,10.8,91.53,0.14,999.03,flood,2
0.0,33.31,3.99,9.29,3.02,0.0,0.32,1017.17,drought,1
3.03,23.16,42.21,5.32,1.95,28.66,8.27,1017.34,earthquake,2
2.31,35.8,33.59,1.7,1.26,6.89,0.02,1009.23,drought,0
13.78,33.35,80.59,13.0,3.28,22.83,0.12,1008.88,none,0
154.95,23.59,61.84,3.45,2.79,61.94,0.11,1000.35,flood,2
8.24,31.6,76.14,14.14,3.26,33.42,0.38,1002.28,none,0
15.27,28.0,65.66,18.26,2.91,30.99,0.26,1008.45,none,0
5.18,26.52,42.11,5.3,2.68,15.14,0.07,1015.02,none,0
14.11,28.11,30.47,14.82,2.54,21.16,0.42,991.11,none,0
7.15,20.67,68.03,53.53,3.4,36.73,0.06,1009.2,none,0
23.37,33.4,48.91,11.46,3.85,16.19,0.25,1015.53,none,0
96.31,24.96,58.99,31.96,3.09,26.53,0.5,990.9,cyclone,2
5.59,27.13,72.82,7.59,1.09,25.13,0.43,1004.02,none,0
0.0,27.46,26.27,25.39,3.38,5.8,0.04,1000.1,drought,1
7.06,27.2,39.2,8.17,2.77,33.04,0.39,1008.16,none,0
146.54,32.1,85.84,149.87,2.63,37.79,1.38,1003.18,cyclone,3
9.8,29.78,56.93,6.5,3.01,23.91,0.13,1026.7,none,0
32.92,28.03,89.38,69.64,1.11,15.63,0.6,984.58,cyclone,1
14.82,29.86,21.85,12.81,4.09,0.0,1.25,1015.32,drought,1
7.37,36.46,61.09,11.58,3.38,47.65,0.58,1012.5,none,0
13.14,35.27,27.45,14.83,3.12,0.0,2.21,1014.9,drought,2
12.02,35.43,27.87,17.13,2.84,0.0,0.21,1024.16,drought,1
144.25,23.67,74.63,3.58,10.09,86.76,0.21,1005.58,flood,2
100.79,24.06,58.63,11.09,5.94,65.29,0.05,1011.29,flood,2
114.23,29.41,72.64,13.13,6.72,52.26,0.62,995.1,flood,2
73.21,29.29,85.43,12.4,5.51,81.01,0.53,1002.75,flood,2
78.91,27.8,72.34,4.93,9.46,85.69,0.12,1006.56,flood,2
31.14,18.42,93.96,89.63,3.85,19.9,0.31,969.66,cyclone,2
21.03,18.79,37.74,15.01,3.83,33.88,0.29,1016.52,none,0
11.93,36.82,72.53,13.53,2.99,45.96,0.1,1009.25,none,0
20.77,33.99,62.69,24.31,0.73,29.39,0.47,1005.53,none,0
2.98,30.72,54.67,4.09,3.99,39.63,4.66,1015.97,earthquake,1
0.9,21.07,47.15,9.47,3.39,60.45,1.38,1000.84,none,0
118.64,25.06,88.02,116.85,2.88,39.1,0.16,996.63,cyclone,2
17.97,32.72,36.81,1.26,3.85,32.27,0.32,1014.69,none,0
6.57,16.7,78.91,6.92,2.57,25.56,0.53,1016.68,none,0
22.65,17.13,48.98,18.32,2.48,21.41,7.87,1009.46,earthquake,2
19.64,38.41,66.93,1.3,4.7,28.93,0.47,1003.93,none,0
9.2,29.94,57.79,19.0,4.67,61.6,0.0,1010.28,none,0
24.19,29.67,53.85,12.11,2.58,14.73,0.33,1010.59,none,0
15.98,19.91,74.5,14.78,3.85,22.7,7.28,1014.75,earthquake,2
12.89,21.4,69.31,21.31,3.07,31.49,4.49,1008.8,earthquake,1
127.19,18.22,99.59,25.41,11.98,69.39,0.15,997.04,flood,3
14.01,19.12,68.89,32.58,3.06,18.85,0.5,1007.77,none,0
16.43,22.29,70.25,3.58,3.1,22.56,0.35,1010.34,none,0
5.29,14.33,61.23,5.37,4.2,45.85,0.75,1023.63,none,0
133.77,30.83,76.48,20.33,4.56,90.52,0.05,991.0,flood,2
5.19,27.51,53.76,36.97,3.81,32.95,5.6,1010.13,earthquake,2
8.38,28.97,68.69,8.74,1.65,32.91,1.62,1016.13,none,0
63.72,24.79,54.36,16.69,3.95,33.97,0.23,1001.5,none,0
73.74,31.3,98.45,5.23,8.36,80.11,0.01,996.87,flood,2
14.41,33.7,49.99,4.17,4.69,50.38,0.64,1017.82,none,0
86.23,25.04,65.23,3.0,6.25,95.95,0.12,1005.79,flood,1
115.83,26.05,70.96,13.53,5.52,94.2,0.36,995.63,flood,2
22.54,19.66,50.81,3.27,1.58,40.23,8.63,1015.65,earthquake,2
14.65,39.78,42.17,14.4,2.71,37.92,0.17,1012.37,none,0
7.97,31.36,61.08,5.25,2.41,33.77,0.29,1008.5,none,0
42.43,27.94,56.56,15.65,2.45,26.73,0.12,1025.01,none,0
24.0,23.43,55.59,10.06,2.5,29.07,1.56,1037.48,none,0
26.21,25.46,72.99,3.2,2.81,35.41,0.77,1032.07,none,0
19.67,20.24,65.85,3.41,2.78,27.04,0.1,1006.19,none,0
0.0,24.97,27.33,16.83,3.53,0.0,0.18,1017.5,drought,1
131.04,25.55,87.75,49.28,4.76,76.48,0.57,1002.53,cyclone,2
3.53,31.36,55.68,9.15,2.48,53.85,6.49,1006.8,earthquake,1
10.83,24.86,62.97,6.99,1.99,38.26,0.29,1020.38,none,0
13.95,26.42,43.64,18.54,2.59,54.19,0.34,1016.7,none,0
0.0,31.91,26.16,2.4,2.11,10.95,0.18,1017.1,drought,1
9.51,25.4,61.32,8.93,1.6,29.13,1.06,1010.27,none,0
57.41,21.06,91.27,66.24,2.99,13.1,0.52,970.63,cyclone,2
67.21,25.7,92.84,3.86,6.27,73.0,0.14,998.52,flood,1
258.99,25.13,67.72,16.85,5.03,83.2,0.34,990.49,flood,2
6.38,28.39,79.42,6.45,3.36,31.46,0.69,1006.55,none,0
22.23,27.44,9.19,6.21,3.55,32.22,0.2,1017.52,none,0
47.51,37.07,96.74,77.74,2.78,29.17,0.13,981.7,cyclone,2
30.25,25.47,76.05,32.95,4.46,46.91,6.07,1019.31,earthquake,2
104.69,17.51,73.55,44.05,3.87,37.73,0.07,979.68,cyclone,2
10.65,28.49,33.24,7.46,5.15,26.61,0.89,1020.72,none,0
26.52,27.1,62.55,21.79,3.82,32.4,0.38,1015.77,none,0
68.93,26.82,95.57,154.48,3.94,34.45,0.09,976.18,cyclone,3
13.33,25.03,36.45,5.91,3.2,29.49,0.34,1008.57,none,0
12.52,24.93,62.91,4.47,2.63,59.47,7.6,1016.85,earthquake,1
2.53,28.24,62.7,9.24,2.24,39.62,0.32,1014.72,none,0
8.45,29.52,31.16,28.71,3.19,0.0,0.27,1015.66,drought,1
162.72,28.76,71.38,11.18,15.74,51.42,0.07,1009.64,flood,3
1.64,24.64,73.54,4.57,2.33,31.25,0.46,1017.57,none,0
6.24,25.25,47.01,5.24,3.31,21.74,0.65,1009.7,none,0
16.66,21.48,88.44,96.32,3.03,37.21,0.19,966.06,cyclone,2
149.39,22.29,82.14,58.99,3.77,54.99,0.55,963.46,cyclone,3
10.71,23.24,58.89,11.71,3.32,56.78,0.61,1015.18,none,0
188.8,36.01,68.31,25.77,1.73,36.19,0.26,990.75,cyclone,2
37.9,28.55,73.4,2.02,16.25,74.11,1.14,1034.85,flood,2
5.41,18.23,54.48,2.24,3.92,36.19,8.51,1009.48,earthquake,2
27.32,33.71,51.68,17.01,3.56,38.48,7.65,1024.64,earthquake,2
36.27,31.15,92.5,71.43,2.47,36.99,0.32,982.52,cyclone,1
5.87,22.7,64.35,1.47,1.67,27.07,0.04,1018.65,none,0
28.39,18.22,53.49,6.66,3.21,14.45,0.03,1009.1,none,0
26.29,17.32,64.96,16.94,2.94,50.58,0.62,1023.11,none,0
24.8,28.97,52.26,22.23,2.65,24.64,0.27,1017.25,none,0
1.66,35.06,39.22,3.01,2.74,27.24,0.46,1018.29,drought,0
4.79,28.63,36.66,6.68,4.46,9.84,0.65,1017.64,none,0
18.5,25.63,94.13,7.07,3.92,18.17,0.59,1017.67,none,0
2.8,45.64,33.26,8.43,3.48,5.93,0.26,1007.63,drought,1
126.25,33.23,88.76,216.15,2.42,29.32,0.24,992.66,cyclone,3
112.95,28.03,96.51,92.79,3.67,36.78,0.38,1002.62,cyclone,2
5.54,28.61,45.95,16.88,0.79,28.71,0.11,1005.82,none,0
52.33,20.95,56.41,3.04,4.59,31.31,0.08,1015.41,none,0
64.14,21.01,85.86,144.24,3.46,41.35,0.82,985.33,cyclone,2
5.43,30.06,64.23,3.81,2.53,42.26,0.52,997.68,none,0
48.01,26.91,100.0,68.79,2.71,23.16,0.27,985.7,cyclone,2
1.12,23.93,64.15,57.69,3.47,25.6,0.06,1012.1,none,0
18.86,22.29,79.78,27.14,4.06,15.33,0.07,1003.28,none,0
83.81,24.81,64.53,66.4,4.39,13.99,0.09,999.9,cyclone,2
18.31,27.11,35.52,6.6,2.11,48.29,0.48,1006.14,none,0
72.24,23.63,67.3,3.39,2.93,85.52,0.24,1013.01,flood,1
172.6,28.52,88.95,4.37,4.9,75.74,0.03,1013.77,flood,1
71.5,22.86,86.62,5.7,4.36,66.27,0.04,999.63,flood,1
33.02,31.72,59.14,17.6,1.59,42.74,7.51,1013.31,earthquake,2
38.09,33.84,85.48,63.53,2.8,67.3,0.2,1001.18,cyclone,1
11.11,28.22,57.36,46.86,3.28,24.36,7.91,1006.66,earthquake,2
7.07,30.77,56.29,3.13,3.26,31.13,0.03,1033.2,none,0
30.57,35.09,77.46,78.89,1.7,52.15,0.12,1006.41,cyclone,1
6.06,27.79,79.93,32.22,3.43,42.0,8.83,1001.73,earthquake,2
9.72,29.09,67.54,9.94,4.77,39.31,0.29,1006.65,none,0
8.77,21.28,51.37,5.95,3.87,31.48,0.18,1018.98,none,0
30.06,24.05,73.67,13.36,2.64,34.98,0.75,1011.3,none,0
36.36,30.93,62.0,21.78,2.49,14.51,0.43,1020.88,none,0
37.68,25.21,55.61,23.35,4.28,41.76,4.36,1019.13,earthquake,2
7.3,26.64,78.95,22.84,3.99,40.92,1.05,1007.94,none,0
17.51,28.06,91.22,11.09,3.03,39.1,0.3,1008.45,none,0
93.46,21.72,100.0,22.17,8.79,54.9,0.01,1012.02,flood,2
0.0,24.79,28.13,2.5,2.13,7.41,0.69,1016.27,drought,1
6.1,38.45,64.31,6.95,2.51,39.4,0.6,1012.59,none,0
12.76,27.5,62.35,25.21,3.73,45.17,0.58,1007.66,none,0
107.95,23.62,77.28,26.45,6.88,74.45,0.44,1004.0,flood,2
8.36,27.82,71.64,27.72,3.75,48.99,0.35,1002.27,none,0
12.43,32.77,72.75,2.6,4.04,33.48,0.13,1020.73,none,0
23.21,23.58,34.34,35.01,4.05,20.69,0.36,1010.64,none,0
0.0,34.15,9.31,1.9,2.97,15.39,0.05,1011.86,drought,0
1.01,29.76,91.43,22.22,5.66,33.98,0.7,1018.47,none,0
99.32,25.67,80.79,33.41,8.75,72.19,0.87,1006.83,flood,2
13.98,30.97,47.95,11.6,3.71,42.57,0.45,1012.01,none,0
96.76,22.56,81.61,63.67,2.11,34.23,0.36,975.79,cyclone,2
4.23,38.63,57.26,5.2,4.28,32.69,0.1,1006.29,drought,0
6.68,39.53,31.07,29.49,3.04,11.6,0.05,1003.93,drought,1
89.51,17.06,84.3,44.55,2.57,38.8,0.49,971.88,cyclone,2
14.38,35.97,46.74,33.09,3.27,17.12,0.13,1012.35,none,0
102.83,18.44,64.15,7.94,13.16,64.53,0.02,1021.54,flood,2
9.83,39.2,83.02,6.02,2.8,35.85,1.02,1000.69,none,0
15.7,37.73,41.16,39.01,2.33,4.95,0.03,1002.97,drought,1
0.0,45.15,51.23,22.68,2.88,5.92,0.51,1007.12,drought,1
60.0,29.08,71.43,107.37,1.69,40.5,0.12,983.49,cyclone,2
36.14,19.93,62.77,8.2,3.43,43.44,0.09,1023.36,none,0
24.79,27.17,57.79,5.38,5.73,42.54,0.31,1027.5,none,0
57.72,27.15,76.56,41.02,2.08,29.67,0.36,964.66,cyclone,2
152.55,27.16,100.0,7.95,3.71,57.7,0.05,1016.72,flood,1
7.15,31.48,58.24,38.57,2.36,54.2,0.35,1011.34,none,0
6.6,31.78,79.44,2.56,4.02,25.57,0.03,1015.06,drought,0
27.72,17.12,55.43,8.24,3.42,33.14,4.69,1006.33,earthquake,2
9.97,34.76,85.66,21.68,1.91,50.37,0.35,1004.81,none,0
23.86,29.6,47.48,15.59,2.3,30.91,0.13,1026.25,none,0
35.25,34.87,54.68,16.15,4.08,28.01,0.52,1012.32,none,0
148.61,29.75,65.33,4.18,5.03,66.32,0.51,1001.48,flood,2
4.6,24.42,75.32,23.84,3.91,26.28,0.38,1021.48,none,0
125.5,19.98,59.08,63.26,2.85,50.09,0.19,974.24,cyclone,2
25.94,36.62,64.17,41.32,3.1,43.6,0.57,1005.17,none,0
87.51,34.71,50.04,143.61,3.77,50.46,0.05,994.02,cyclone,2
24.02,26.93,64.7,1.01,2.83,36.18,0.14,1005.7,none,0
13.36,16.81,45.53,11.91,2.62,37.65,0.15,1013.87,none,0
1.81,19.63,61.42,21.96,4.14,15.08,0.35,1015.87,none,0
19.32,28.15,94.9,6.68,5.1,38.03,0.14,1000.31,none,0
11.89,24.53,32.36,12.06,0.83,31.59,0.01,1021.67,none,0
24.7,30.48,77.46,21.35,2.91,18.78,0.55,1001.4,none,0
5.5,19.15,54.65,4.11,3.58,42.99,0.09,1015.24,none,0
4.64,17.18,91.71,22.6,4.14,38.8,2.35,1021.39,none,0
20.16,26.72,68.46,14.21,3.98,17.66,0.5,1015.47,none,0
91.1,28.04,100.0,16.13,4.81,81.28,0.13,994.49,flood,2
112.38,32.18,100.0,64.0,1.77,17.53,0.19,968.6,cyclone,3
145.86,33.27,82.7,10.56,6.54,60.58,0.47,1011.69,flood,2
5.06,25.71,100.0,5.06,3.41,35.39,0.28,1017.45,none,0
8.17,18.06,58.35,3.6,3.84,3.48,0.08,1020.45,none,0
131.55,31.94,53.51,6.95,9.59,59.36,0.44,1003.0,flood,2
1.78,28.73,17.46,9.03,3.11,21.15,0.12,1007.2,drought,1
99.2,27.64,79.67,6.3,10.9,54.88,0.16,1021.42,flood,2
14.44,27.79,49.17,17.4,3.16,19.13,8.31,998.95,earthquake,3
21.74,31.61,88.29,236.86,2.13,19.61,0.04,994.25,cyclone,2
28.05,38.12,73.74,4.3,3.58,34.8,0.24,987.28,none,0
123.94,22.69,91.42,84.72,3.07,28.03,0.31,986.8,cyclone,2
26.45,24.65,63.12,8.14,2.79,30.07,0.08,1004.17,none,0
5.91,29.48,70.7,25.19,2.7,33.04,0.52,1016.47,none,0
2.14,30.1,49.71,2.91,2.65,45.8,0.07,1025.08,none,0
68.77,35.48,74.35,24.63,6.72,86.91,0.06,1016.57,flood,2
16.68,30.36,24.01,25.55,1.93,2.72,0.15,1021.4,drought,1
145.78,29.56,81.62,16.41,9.29,77.11,0.06,1002.75,flood,2
16.92,24.52,36.76,22.72,3.12,52.83,7.07,1023.23,earthquake,2
8.13,30.42,45.78,19.19,4.65,48.77,0.32,1009.67,none,0
83.71,20.67,58.38,24.77,7.0,53.13,0.33,1002.55,flood,2
128.49,31.86,80.23,17.61,6.21,71.34,0.8,1010.35,flood,2
5.84,38.86,59.99,10.84,2.7,0.0,0.0,1009.93,drought,1
91.05,32.35,73.17,14.58,6.36,73.82,0.0,1007.81,flood,2
13.76,33.8,66.4,18.97,2.99,47.78,4.33,1011.89,earthquake,1
116.75,32.71,74.66,102.62,1.04,27.83,0.35,1002.91,cyclone,2
170.66,37.52,56.99,10.74,13.63,81.73,0.08,998.54,flood,3
199.27,30.11,90.3,111.77,3.17,36.42,0.68,972.39,cyclone,3
21.11,22.38,46.05,6.84,3.05,53.96,0.56,1005.33,none,0
213.31,27.68,63.51,6.15,16.3,62.86,0.48,999.9,flood,3
32.22,28.31,63.3,13.55,1.85,57.11,0.45,1016.3,none,0
0.0,29.25,20.12,5.18,3.92,35.99,0.1,999.31,drought,0
69.03,30.62,99.66,97.15,2.72,48.67,0.65,966.44,cyclone,2
4.84,20.38,65.49,8.48,2.29,12.93,0.36,1020.2,none,0
3.52,31.27,38.0,21.62,3.33,0.0,0.1,1024.35,drought,1
0.0,24.65,66.85,34.77,2.31,25.92,0.39,1014.35,drought,1
37.11,27.05,85.96,185.91,3.77,33.43,0.76,980.44,cyclone,2
35.26,28.42,100.0,82.16,2.58,36.27,0.33,986.48,cyclone,2
119.41,27.71,100.0,32.72,3.93,34.3,0.23,961.02,cyclone,2
126.82,16.84,75.28,14.11,6.45,82.84,0.11,1024.81,flood,2
14.14,24.56,40.15,11.44,3.95,45.08,0.78,1009.98,none,0
0.0,34.32,20.78,5.89,2.7,32.51,0.2,1008.73,drought,0
7.56,28.96,48.19,12.42,3.77,21.31,0.13,1014.9,drought,1
9.58,28.59,58.56,7.82,2.33,17.69,0.06,1025.82,none,0
157.54,27.62,76.83,4.24,3.45,75.12,0.46,991.63,flood,2
9.67,28.31,77.0,9.86,2.28,29.99,0.44,1023.05,none,0
0.0,38.87,43.27,8.39,2.58,27.16,0.95,1015.54,drought,0
15.54,30.54,40.17,14.2,3.6,41.62,2.82,1004.85,none,0
126.07,27.8,89.93,7.34,5.49,55.54,0.34,997.56,flood,2
135.9,30.75,69.69,8.16,9.05,72.59,0.12,988.27,flood,2
25.0,16.51,49.84,4.31,1.56,44.29,0.24,1005.73,none,0
19.01,22.72,61.5,4.77,2.28,43.79,0.07,1001.77,none,0
153.23,31.45,98.42,30.22,4.9,61.24,0.02,1014.31,flood,2
9.46,31.65,40.96,0.82,3.12,35.73,0.08,1017.6,none,0
22.79,27.44,56.78,12.28,1.39,40.5,0.67,998.24,none,0
86.83,28.01,74.41,15.61,10.85,57.35,0.28,1012.78,flood,2
18.07,29.09,94.34,23.71,3.42,44.42,5.33,1007.23,earthquake,2
27.12,18.43,50.58,8.01,3.01,28.39,0.08,1016.47,none,0
6.5,27.67,41.79,6.56,4.54,2.77,0.02,999.17,drought,1
5.68,26.04,68.7,5.47,1.42,62.29,0.13,1023.41,none,0
4.75,24.54,56.52,18.2,2.38,46.53,0.4,1010.53,none,0
17.33,22.84,46.73,0.74,2.95,13.44,0.07,1011.1,drought,1
126.01,32.1,72.95,10.99,8.16,74.72,0.6,1007.49,flood,2
17.0,34.71,64.66,0.64,3.27,32.29,0.36,1003.97,none,0
6.94,33.68,55.3,2.08,6.48,8.75,0.06,1020.17,drought,1
6.74,34.72,46.38,43.32,1.81,12.35,7.52,1022.13,earthquake,2
3.71,15.58,54.38,12.66,0.6,44.41,0.05,1000.51,none,0
1.28,33.5,49.65,9.11,3.99,32.09,0.41,1007.46,none,0
5.34,21.87,38.31,15.42,1.82,54.29,0.13,1018.32,none,0
15.9,22.28,58.02,11.03,3.5,34.55,0.06,1026.22,none,0
23.59,15.97,27.7,12.52,3.13,28.12,0.89,1017.64,none,0
246.39,29.6,100.0,20.09,5.86,85.86,0.55,1010.36,flood,2
55.04,23.52,100.0,124.29,2.47,31.74,1.27,1004.32,cyclone,2
93.08,25.61,76.9,10.58,7.49,74.12,0.13,1013.84,flood,2
17.25,26.67,53.33,26.55,3.91,33.67,0.06,1013.79,none,0
92.28,35.77,80.25,5.1,8.84,92.99,0.09,1004.57,flood,2
57.43,21.11,89.5,8.01,15.39,51.79,0.14,1011.87,flood,1
45.68,16.78,66.47,13.97,11.86,88.77,0.11,1011.36,flood,2
23.59,26.52,59.07,11.37,3.43,52.13,0.55,1027.05,none,0
28.38,35.1,52.35,8.92,3.01,54.9,0.45,1028.66,none,0
100.68,27.87,82.42,2.38,7.79,50.5,0.18,1010.77,flood,2
125.7,24.53,73.21,2.24,3.82,64.85,0.17,997.17,flood,2
200.9,34.12,92.35,7.26,8.35,44.06,0.82,1003.2,flood,3
215.39,19.73,87.74,3.81,12.31,66.89,0.02,1017.84,flood,2
0.0,24.6,25.17,12.7,3.03,14.0,0.32,1012.9,drought,1
19.37,28.05,79.13,13.45,2.34,24.01,1.08,1011.28,none,0
3.95,30.6,38.49,6.55,2.92,44.39,0.32,1014.91,none,0
48.91,27.76,99.69,75.75,2.75,28.61,0.13,995.87,cyclone,2
20.52,16.81,55.34,3.01,3.46,39.06,0.18,1016.39,none,0
17.73,27.93,83.24,9.73,4.25,33.46,0.19,1015.02,none,0
32.17,34.53,56.97,3.45,5.93,34.48,5.36,1034.72,earthquake,2
15.6,30.73,74.55,2.53,3.06,49.43,1.39,995.22,none,0
9.33,31.1,36.11,19.52,3.72,32.9,8.81,1007.65,earthquake,2
72.07,26.19,36.96,11.76,9.42,72.97,0.48,1012.41,flood,2
96.44,22.24,81.43,10.4,8.39,78.64,0.61,1010.32,flood,2
108.07,25.39,64.89,5.84,6.08,69.87,0.06,1027.04,flood,2
12.33,22.15,86.17,15.25,3.91,45.15,0.03,1012.22,none,0
6.42,30.77,42.8,8.34,5.19,9.1,0.22,1013.11,drought,1
14.75,27.13,63.21,25.32,1.72,36.98,0.62,1021.17,none,0
8.16,22.94,42.36,0.85,3.22,60.42,0.21,1028.76,none,0
1.51,31.56,64.12,7.45,3.12,16.1,0.27,1004.7,none,0
17.13,18.2,50.93,19.82,4.12,41.24,0.09,1007.26,none,0
14.57,26.31,58.22,4.92,3.75,23.11,1.04,1010.22,none,0
68.56,28.16,96.53,121.52,1.86,0.0,0.29,979.75,cyclone,3
0.0,30.83,48.6,9.85,2.82,15.51,0.03,1011.13,drought,1
93.06,26.73,72.28,28.67,3.92,48.82,1.17,1003.77,cyclone,2
29.51,27.02,93.57,18.75,3.81,26.19,0.46,1018.98,none,0
22.49,33.52,75.79,11.77,2.69,3.08,1.52,1019.92,drought,1
3.11,16.08,63.06,11.85,3.48,68.49,0.16,1002.4,none,0
6.2,25.44,48.32,5.14,2.63,40.16,0.2,1009.52,none,0
91.36,21.22,79.53,38.92,2.08,23.8,1.12,967.13,cyclone,2
115.64,28.31,70.4,5.77,8.25,62.77,1.37,1006.48,flood,2
27.09,30.9,67.21,17.69,3.48,22.76,0.07,1022.73,none,0
73.77,30.48,72.49,23.41,3.34,81.77,0.32,1006.47,flood,1
10.95,22.92,71.22,11.48,3.76,45.37,0.05,1014.3,none,0
27.32,30.1,66.83,10.71,1.9,30.56,0.38,1003.59,none,0
13.42,36.66,39.63,12.89,1.68,23.28,8.32,1014.51,earthquake,2
6.25,25.28,55.73,27.66,3.5,39.86,0.19,1020.94,drought,0
1.18,27.41,55.41,3.02,2.25,24.81,0.24,1012.85,none,0
75.44,22.95,75.81,8.49,4.55,97.89,0.14,1015.51,flood,1
30.85,39.22,57.9,5.03,2.28,25.24,0.78,1010.95,none,0
13.38,28.8,52.13,28.34,3.81,24.58,7.02,1028.73,earthquake,2
38.63,29.75,93.26,42.28,4.53,40.88,0.05,994.71,cyclone,2
3.48,35.02,71.53,5.18,5.31,24.46,0.13,1018.63,none,0
141.21,31.7,70.17,30.37,7.57,82.85,0.19,1003.64,flood,2
5.45,23.79,70.35,30.7,4.26,26.92,0.12,1011.86,none,0
22.96,27.95,51.83,1.93,3.77,14.06,1.16,1010.83,none,0
30.53,25.04,77.2,9.57,4.83,10.1,6.5,1017.31,earthquake,2
7.54,25.77,65.35,9.31,3.96,26.69,1.59,1011.93,none,0
0.0,31.09,23.64,9.62,4.42,29.18,0.04,1007.01,drought,1
15.29,26.76,56.75,5.4,2.13,51.68,0.38,1022.62,none,0
0.0,28.68,39.69,7.06,3.01,26.1,0.11,1017.06,drought,0
114.74,30.35,82.98,60.08,2.46,12.08,0.17,964.84,cyclone,3
4.57,22.71,51.87,13.14,2.38,44.14,0.48,1011.23,none,0
15.83,28.46,55.91,6.9,2.53,13.66,0.18,1011.98,none,0
2.01,34.22,43.86,6.05,4.78,0.0,0.24,1013.96,drought,1
10.44,27.28,61.02,11.22,2.85,30.09,0.22,1007.57,none,0
79.53,31.12,100.0,41.83,3.5,51.81,0.17,998.41,cyclone,2
10.82,25.56,72.81,10.55,3.56,34.37,4.69,1027.02,earthquake,1
18.5,19.19,96.15,3.14,3.14,39.14,2.31,1010.04,none,0
21.07,17.31,67.89,11.02,4.84,17.38,0.59,1022.46,none,0
20.45,26.25,49.63,4.24,2.03,17.8,0.08,1000.37,drought,1
14.78,20.15,82.1,4.33,2.65,46.8,0.13,1007.55,none,0
32.35,26.41,79.25,1.43,2.2,36.79,0.43,1008.14,none,0
26.75,21.77,61.66,9.45,2.97,34.98,0.74,1014.54,none,0
140.94,26.46,96.34,43.96,3.12,33.16,0.26,978.44,cyclone,2
14.52,24.59,67.04,5.38,2.76,28.7,3.62,1017.22,earthquake,1
48.6,23.1,66.25,55.47,2.75,21.29,0.55,1003.4,cyclone,2
100.74,28.57,75.15,8.35,6.16,55.34,0.24,1006.28,flood,2
51.43,22.01,88.23,107.41,3.76,37.67,1.08,979.62,cyclone,3
17.69,30.15,56.06,17.45,2.53,33.18,5.75,1014.83,earthquake,1
8.14,20.6,56.36,15.24,4.99,38.64,0.01,1003.95,none,0
5.74,34.65,63.92,18.13,1.24,40.77,0.02,1014.93,none,0
14.0,21.85,71.74,4.78,2.11,52.35,1.15,1005.04,none,0
174.89,23.63,97.22,37.11,1.17,31.96,0.14,1001.32,cyclone,2
233.07,18.44,95.78,15.05,3.9,74.71,0.33,1017.16,flood,1
6.78,30.83,49.23,10.29,1.67,53.97,5.69,1037.64,earthquake,1
16.72,18.0,85.0,5.96,5.09,27.09,0.18,1008.33,none,0
26.5,38.26,23.78,8.38,3.33,1.98,0.0,1008.18,drought,1
79.67,18.94,74.73,11.3,7.83,70.13,0.03,1011.37,flood,2
309.24,22.52,65.62,4.91,19.02,75.99,0.96,1002.68,flood,3
59.92,27.5,85.34,126.39,1.78,48.51,0.39,987.65,cyclone,2
10.39,25.5,16.52,4.59,1.79,0.0,0.46,1002.69,drought,1
49.13,33.06,41.32,4.72,0.0,0.0,0.92,1018.85,drought,1
52.19,14.4,73.8,54.28,2.28,39.97,0.11,974.57,cyclone,1
64.75,22.41,73.46,162.73,2.73,32.55,2.03,991.38,cyclone,3
55.89,16.65,71.95,5.2,9.35,64.69,0.82,1019.48,flood,2
98.39,19.96,100.0,6.54,8.13,67.82,0.03,1014.87,flood,2
16.85,24.97,50.38,22.17,4.86,32.2,0.29,995.76,none,0
22.77,27.63,49.11,18.59,1.17,53.02,0.44,1006.97,none,0
14.14,32.26,68.81,16.56,4.45,29.26,0.41,1005.32,none,0
0.0,36.83,54.78,12.14,2.58,0.0,0.39,1007.03,drought,1
6.45,32.72,44.63,29.96,2.78,27.45,0.26,1017.02,drought,0
11.92,23.88,48.77,13.7,3.09,35.15,1.08,1009.18,none,0
8.34,26.9,61.04,15.49,2.92,29.79,0.0,998.56,none,0
128.51,28.87,72.27,16.1,5.58,55.82,0.27,1012.59,flood,2
0.0,23.03,29.84,14.08,4.48,10.24,0.26,1020.44,drought,1
10.88,18.41,51.47,11.25,2.67,15.69,0.42,1024.15,none,0
19.73,29.24,70.51,11.11,4.48,57.96,0.39,1007.28,none,0
1.73,23.43,59.98,3.51,2.1,26.15,0.26,1015.2,none,0
28.22,28.74,87.42,3.72,2.9,38.29,0.39,1014.08,none,0
31.34,24.89,31.5,7.81,2.83,33.3,5.46,1009.51,earthquake,2
4.26,20.68,69.79,6.45,5.77,36.27,8.19,1012.41,earthquake,2
171.93,31.86,94.53,7.11,5.44,70.4,0.1,1012.15,flood,2
1.46,24.85,79.12,18.7,4.53,24.29,0.52,1017.89,none,0
1.62,31.57,52.8,19.13,4.11,44.41,0.47,1029.78,none,0
1.91,13.9,66.68,0.72,4.12,4.85,0.14,1012.4,none,0
73.22,26.74,80.88,76.8,4.38,42.18,0.43,989.61,cyclone,2
15.6,20.86,59.36,5.3,4.52,49.01,7.9,1008.03,earthquake,2
204.43,24.77,56.41,12.57,9.02,78.39,0.27,1011.96,flood,2
17.28,31.48,64.93,16.33,1.93,41.44,0.88,1021.62,none,0
123.74,28.37,79.78,12.82,8.53,40.8,0.77,988.77,flood,3
14.81,24.55,65.69,2.94,4.06,8.19,0.59,1013.56,none,0
11.17,22.76,83.2,17.22,2.93,27.83,0.09,1005.27,none,0
0.0,29.62,22.59,17.18,2.31,22.33,1.2,1021.19,drought,0
229.32,27.23,88.03,15.48,13.04,68.88,0.05,1009.55,flood,2
26.81,18.19,27.19,31.87,2.42,40.86,0.16,1015.63,none,0
2.07,20.5,47.36,24.91,4.15,0.0,5.31,1009.98,earthquake,2
0.56,33.18,51.42,11.75,1.06,0.0,0.12,1007.18,drought,1
172.39,22.8,98.86,5.89,5.18,53.18,1.39,1009.34,flood,2
9.25,27.41,56.63,28.71,2.7,46.75,0.26,1016.78,none,0
15.13,33.48,65.41,15.56,3.02,46.08,0.18,996.29,none,0
32.68,22.93,54.15,17.05,3.28,26.84,0.15,1018.09,none,0
44.33,25.86,35.53,31.63,4.56,27.06,6.59,1009.88,earthquake,2
34.68,31.39,78.87,82.94,2.34,47.3,0.01,993.17,cyclone,1
229.41,26.09,94.89,122.08,1.47,24.26,0.36,986.8,cyclone,3
195.33,31.68,66.74,14.35,5.65,55.22,0.05,1010.5,flood,2
200.15,29.29,84.37,0.98,11.53,49.3,0.06,1006.58,flood,2
15.33,28.28,49.06,6.87,2.36,49.34,0.85,1021.23,none,0
110.7,36.58,78.92,33.16,5.69,54.38,0.44,1021.08,flood,2
20.89,26.13,54.26,5.99,3.25,35.96,0.26,1021.33,none,0
10.06,18.2,59.48,17.98,3.74,9.96,0.95,1020.17,none,0
217.42,24.57,77.72,39.38,3.07,53.27,0.6,996.14,cyclone,2
19.45,27.09,56.58,4.89,0.62,36.19,8.5,1011.23,earthquake,2
54.34,24.68,53.77,21.54,1.08,31.05,1.22,1026.54,none,0
2.79,36.41,47.51,19.09,2.98,42.44,0.54,1026.53,none,0
101.89,18.89,65.04,8.41,5.62,41.31,1.8,1000.63,flood,2
13.95,32.02,93.08,23.46,1.4,50.52,0.27,1007.37,none,0
0.0,25.41,25.96,5.84,3.08,16.68,1.11,1006.95,drought,1
12.61,25.05,84.07,14.97,1.88,34.69,5.0,1006.86,earthquake,1
0.0,34.75,45.04,8.13,2.35,34.06,0.03,1013.99,drought,0
5.75,27.09,82.57,14.22,2.71,48.83,4.52,1014.08,earthquake,1
16.1,24.67,51.97,16.91,2.15,20.82,0.97,1019.55,none,0
4.59,25.56,74.27,22.8,4.5,46.51,2.47,1022.06,none,0
91.82,18.34,75.55,1.17,9.17,76.3,0.41,1026.08,flood,2
20.54,21.62,93.64,45.58,3.04,28.92,0.5,1010.53,cyclone,1
26.5,21.3,68.24,5.81,5.0,30.55,0.56,1027.19,none,0
93.1,30.36,80.45,13.5,4.26,61.02,0.03,1020.31,flood,1
139.87,20.42,82.8,12.08,7.97,85.16,0.15,1015.06,flood,2
6.53,20.93,64.94,7.08,3.42,39.12,0.94,1003.79,none,0
7.55,27.71,61.85,9.61,2.09,53.17,0.27,1026.45,none,0
90.79,28.17,69.16,12.38,11.44,49.56,0.36,1000.91,flood,2
4.67,24.25,53.4,11.72,2.8,34.11,4.71,1006.87,earthquake,1
73.47,21.89,43.76,4.71,7.61,53.98,0.2,1003.36,flood,1
66.58,31.48,89.21,22.32,6.59,82.65,0.05,1016.3,flood,1
24.31,30.11,46.94,15.59,3.5,42.58,0.35,1003.71,none,0
64.54,36.03,90.88,9.56,14.85,100.0,0.03,1002.73,flood,2
42.29,25.98,71.1,21.32,8.39,55.4,0.16,1007.82,flood,1
0.79,29.16,30.33,18.63,1.91,10.72,0.06,1013.91,drought,0
79.29,35.93,91.74,100.89,2.61,57.74,0.36,978.29,cyclone,2
18.59,23.89,33.52,1.62,4.22,27.11,0.18,1012.28,none,0
19.93,25.36,59.69,2.61,4.43,30.6,0.01,1006.31,none,0
15.07,28.34,57.65,22.64,2.19,30.44,0.1,1010.62,none,0
4.63,25.91,62.9,10.19,4.2,21.22,0.3,1018.02,none,0
21.18,31.4,53.27,21.69,2.3,20.3,7.97,1013.45,earthquake,2
163.44,23.76,73.52,15.71,5.34,69.94,0.56,994.98,flood,2
18.51,30.62,50.76,6.93,1.95,34.74,0.4,1010.29,none,0
37.96,27.02,100.0,103.61,2.94,31.94,0.72,976.81,cyclone,2
7.42,25.29,77.51,14.8,3.64,44.43,0.56,1010.06,none,0
91.97,22.18,79.32,4.19,6.32,51.97,0.88,1011.32,flood,2
16.04,27.94,54.59,2.87,3.48,38.9,0.62,1021.99,none,0
70.72,25.31,80.99,34.75,4.65,40.19,0.17,974.76,cyclone,2
0.21,28.17,43.66,18.28,2.85,45.41,0.01,1004.86,none,0
36.6,31.84,45.39,8.86,3.41,36.78,6.54,1009.14,earthquake,2
117.27,30.3,93.7,62.57,2.13,24.54,0.01,992.58,cyclone,2
39.67,30.58,90.6,9.68,5.21,21.94,0.44,1016.41,none,0
127.46,24.58,70.55,17.36,5.8,79.55,0.02,1003.63,flood,2
1.25,32.69,29.97,24.78,3.44,1.68,0.5,1011.98,drought,1
38.16,35.61,45.67,11.21,3.8,20.91,1.04,1017.68,drought,1
39.15,24.61,77.77,49.17,1.85,8.84,0.18,967.5,cyclone,2
20.75,33.33,60.01,8.45,2.83,15.91,0.02,1021.68,none,0
50.49,21.84,57.88,58.85,1.86,19.64,0.7,975.79,cyclone,2
118.0,34.16,86.86,16.88,10.37,38.17,0.1,1000.51,flood,2
15.91,23.57,43.09,30.47,1.69,7.61,0.07,1005.42,none,0
31.27,27.29,76.67,22.67,3.55,34.69,0.75,1002.52,none,0
25.31,28.76,46.47,7.95,1.18,19.67,4.53,1010.59,earthquake,1
64.53,30.73,64.54,116.5,3.98,62.38,0.04,992.8,cyclone,2
4.88,25.23,71.94,2.46,3.3,41.01,0.17,1024.7,none,0
17.1,20.89,56.46,17.7,4.28,36.59,0.02,1017.86,none,0
45.28,29.14,77.69,61.37,2.13,45.36,0.9,966.18,cyclone,2
21.44,30.3,79.85,4.33,5.04,37.89,0.21,1016.91,none,0
84.32,18.79,91.68,0.62,7.85,74.92,0.97,1012.63,flood,2
21.24,27.14,41.45,16.84,4.69,52.94,0.29,1015.21,none,0
104.43,34.48,92.69,116.65,4.73,36.77,0.07,979.42,cyclone,3
35.88,19.86,91.69,64.66,3.39,35.12,0.46,955.54,cyclone,2
24.31,26.83,91.39,12.71,2.82,40.23,0.53,1021.92,none,0
56.59,20.38,58.5,75.29,1.26,19.59,0.02,971.62,cyclone,2
12.69,30.22,28.31,5.69,4.06,4.3,0.58,1016.13,drought,1
116.47,20.62,93.72,36.36,2.3,52.51,0.12,972.67,cyclone,2
27.15,26.11,63.08,7.46,3.02,46.59,0.3,1012.71,none,0
5.53,31.21,57.54,22.86,3.84,19.74,8.94,1007.66,earthquake,2
10.92,28.01,66.89,8.3,3.41,37.2,8.85,1009.71,earthquake,2
75.59,25.05,49.93,6.48,7.47,36.46,0.07,997.73,flood,1
16.7,29.02,53.27,8.82,4.1,30.2,0.05,1012.41,none,0
10.61,32.76,88.34,8.45,2.41,31.41,0.47,998.65,none,0
162.76,23.67,96.77,6.92,6.97,68.92,0.37,1012.48,flood,2
26.07,26.79,68.97,9.56,3.06,39.71,0.77,1017.15,none,0
45.09,23.15,100.0,112.8,1.29,44.36,1.84,979.48,cyclone,2
114.06,27.94,69.14,12.39,14.91,41.75,0.1,1005.04,flood,2
21.02,28.77,82.1,10.53,2.52,18.47,0.63,984.89,none,0
22.26,25.65,84.4,7.77,2.5,20.07,5.55,1017.4,earthquake,2
10.68,25.81,50.09,0.39,2.98,18.15,0.9,1011.1,none,0
12.06,23.33,34.23,25.83,2.01,41.48,1.99,1017.61,none,0
2.66,27.37,36.09,5.38,2.9,66.4,0.13,1011.24,none,0
24.9,25.26,85.94,93.88,3.25,27.64,0.28,978.32,cyclone,2
7.86,30.77,35.8,6.72,2.58,0.23,0.19,1015.96,drought,1
56.4,26.66,62.28,21.92,11.35,62.24,0.83,1003.67,flood,2
7.36,29.44,47.42,2.87,2.12,36.73,0.25,1019.44,none,0
101.87,39.28,91.41,14.11,11.7,45.25,0.48,990.6,flood,2
57.34,28.34,79.15,60.45,3.4,14.54,1.82,994.13,cyclone,2
217.94,25.33,76.99,34.37,8.05,61.32,0.18,999.15,flood,3
139.58,24.52,74.15,6.01,19.32,53.41,0.26,999.45,flood,3
8.65,33.03,47.55,10.27,3.01,31.33,0.71,1014.75,none,0
63.56,27.79,82.22,1.54,2.44,53.66,0.55,1020.76,flood,1
13.85,30.93,72.1,3.99,1.99,25.75,0.07,1021.44,none,0
12.4,22.6,60.98,17.08,2.8,51.72,0.79,1000.92,none,0
24.98,27.29,69.05,9.91,2.85,27.28,1.78,1011.11,none,0
8.9,31.61,35.02,2.0,2.35,13.19,0.15,1013.9,none,0
49.11,31.9,55.33,42.12,4.16,24.3,0.02,975.19,cyclone,2
48.52,23.48,93.42,118.97,4.54,23.68,0.02,972.19,cyclone,3
8.86,28.23,53.63,21.2,2.12,9.81,4.84,1010.56,earthquake,2
31.24,25.8,43.27,14.2,2.89,30.42,0.18,1010.19,none,0
96.81,25.78,68.55,11.58,8.29,76.98,0.0,1000.07,flood,2
20.69,22.0,56.7,4.26,5.09,44.75,0.56,1013.52,none,0
7.88,22.37,77.6,10.1,2.63,21.02,6.39,1015.28,earthquake,2
62.04,32.81,92.08,8.0,5.43,68.28,0.21,1007.2,flood,1
18.18,26.86,58.43,4.17,4.44,27.4,4.03,1015.75,earthquake,1
20.12,26.89,90.89,21.16,2.46,42.52,0.45,1012.16,none,0
0.0,31.03,63.0,16.71,3.24,10.93,0.28,1016.36,drought,1
18.16,21.96,63.8,13.0,2.91,44.53,0.34,1006.3,none,0
139.33,31.53,76.91,17.59,5.7,87.34,0.02,1011.39,flood,2
175.87,30.87,52.5,10.28,8.19,66.32,0.28,1005.05,flood,2
18.64,20.04,58.31,7.47,2.79,50.01,0.44,1010.2,none,0
7.77,23.61,65.48,36.38,2.68,42.68,7.07,999.98,earthquake,2
183.24,28.61,77.78,24.89,8.29,62.88,0.38,1007.44,flood,3
109.63,27.66,82.36,46.36,4.28,40.95,0.46,980.72,cyclone,2
106.26,21.4,100.0,96.87,3.53,37.28,0.92,991.39,cyclone,3
20.4,31.99,39.57,2.17,1.94,60.34,0.28,1002.88,none,0
31.67,30.88,55.28,8.5,2.61,22.57,0.09,1005.25,none,0
1.71,20.64,66.49,3.19,3.26,19.78,0.05,1014.06,none,0
8.1,20.47,71.76,9.62,2.57,34.35,0.82,1015.44,none,0
8.78,28.47,65.59,8.53,3.44,24.46,0.93,1002.3,none,0
43.79,33.78,74.06,6.89,2.37,25.22,0.35,1004.4,none,0
166.48,26.93,73.28,32.18,7.73,81.67,0.18,999.35,flood,2
10.12,28.36,81.66,12.88,3.31,12.65,0.29,1026.44,none,0
18.55,19.84,59.97,6.13,2.78,62.2,0.67,1010.53,none,0
70.87,30.84,52.77,108.21,4.73,6.97,0.52,970.29,cyclone,3
96.75,26.68,74.38,68.23,1.9,26.07,0.66,993.25,cyclone,2
117.26,31.73,84.54,9.47,11.29,52.72,0.01,1018.08,flood,2
7.84,30.0,41.97,42.93,3.15,45.24,0.28,1007.94,none,0
17.54,22.81,62.2,20.45,3.06,13.46,0.16,1001.72,none,0
12.74,29.51,68.5,12.85,0.58,22.97,0.05,1012.77,none,0
9.89,28.17,29.31,1.93,2.95,0.0,0.1,1012.59,drought,1
22.14,32.13,53.76,4.62,0.7,33.57,8.09,1011.98,earthquake,1
14.82,35.97,8.56,19.62,2.79,10.09,0.69,1012.51,drought,1
34.03,28.33,60.6,4.3,4.91,24.26,0.96,1013.8,none,0
32.31,35.03,24.13,8.56,4.4,34.84,3.07,999.57,drought,1
0.0,27.19,55.06,9.3,3.09,2.3,0.13,1001.14,drought,1
29.14,29.29,70.6,8.37,2.81,37.32,0.91,1018.76,none,0
45.09,34.23,57.96,11.7,2.6,41.09,0.03,1019.67,none,0
58.82,31.44,49.46,58.54,1.28,13.92,0.11,958.18,cyclone,2
10.39,34.51,50.9,2.73,2.52,32.15,4.03,1011.12,earthquake,1
35.5,26.78,57.74,6.36,1.11,40.06,5.86,1009.48,earthquake,1
138.01,31.49,49.51,6.56,13.94,66.49,0.19,1015.34,flood,2
46.43,23.08,76.31,107.35,2.14,57.13,0.34,998.46,cyclone,2
196.0,31.97,72.12,12.61,7.84,56.4,0.01,1004.34,flood,2
37.21,36.44,25.21,11.15,3.17,16.81,0.15,1007.03,drought,1
78.73,20.19,79.5,19.05,7.5,85.2,0.09,1014.6,flood,2
26.59,26.54,62.96,12.71,4.89,43.07,7.96,1013.18,earthquake,2
21.02,29.96,46.5,16.9,4.39,43.95,0.07,1020.71,none,0
63.09,27.62,70.15,93.88,1.97,32.28,0.26,972.97,cyclone,2
31.96,22.19,58.29,13.58,3.32,39.91,0.0,1013.36,none,0
127.24,26.92,73.6,5.28,10.5,53.58,0.9,1027.36,flood,2
7.72,37.36,41.25,5.12,1.87,19.91,0.09,1016.82,drought,0
19.94,27.8,65.72,88.25,1.69,46.61,0.05,972.46,cyclone,2
0.61,27.87,11.56,4.59,2.77,6.11,0.27,1003.99,drought,1
19.78,32.06,56.16,14.34,2.23,40.93,0.06,1000.28,none,0
7.65,31.09,42.61,5.93,3.66,35.84,0.1,1008.38,none,0
96.3,36.0,97.39,13.44,5.09,66.07,0.0,996.74,flood,2
10.58,25.99,34.94,2.11,2.42,37.25,0.0,1013.5,none,0
9.36,33.91,89.31,12.8,2.9,34.15,0.11,1023.66,none,0
16.74,21.75,64.88,22.76,3.66,21.66,0.0,1003.59,none,0
80.9,19.11,82.33,6.85,8.18,82.61,1.15,1018.55,flood,2
117.81,23.18,91.29,12.96,7.46,66.81,1.32,998.51,flood,2
9.65,36.87,48.05,5.84,2.23,45.54,1.42,1012.91,none,0
65.22,25.67,100.0,8.72,8.28,72.63,0.12,990.72,flood,2
10.37,33.75,83.51,14.27,4.03,55.4,0.79,1024.66,none,0
114.12,17.52,67.74,42.92,9.55,62.38,1.17,998.94,flood,3
7.47,31.38,57.41,2.42,2.96,49.09,0.27,1014.97,none,0
74.33,25.89,100.0,103.28,3.35,29.1,0.38,984.54,cyclone,3
51.06,35.47,48.49,9.48,4.47,62.05,0.03,1017.43,flood,1
40.5,37.12,83.29,6.04,4.13,47.66,0.01,1001.42,none,0
23.14,32.18,72.06,17.77,0.83,38.81,0.24,1017.66,none,0
20.48,16.36,44.14,8.78,3.04,28.08,0.09,1019.05,none,0
40.72,30.53,27.85,11.46,2.37,29.49,4.25,1008.34,earthquake,2
162.27,25.85,91.52,9.31,6.58,68.93,0.1,1007.92,flood,2
12.71,31.65,60.4,12.06,2.31,27.09,0.11,1005.13,none,0
18.97,18.24,49.15,5.02,3.55,34.68,5.0,1001.6,earthquake,2
0.0,38.2,45.22,19.1,3.66,2.4,0.09,995.1,drought,1
99.45,15.19,94.68,100.09,3.9,28.59,0.05,983.8,cyclone,3
90.87,31.86,60.97,17.89,19.15,56.4,0.23,1002.22,flood,2
13.51,28.28,72.07,14.32,1.55,40.5,0.24,1010.47,none,0
27.2,27.16,71.5,4.62,4.46,52.59,1.64,1009.01,none,0
54.96,24.45,61.02,24.69,6.39,61.7,0.0,1002.92,flood,2
46.18,27.57,71.2,3.83,6.76,71.67,0.3,1007.28,flood,1
94.84,24.14,65.54,0.86,6.34,50.18,0.17,1010.71,flood,1
13.63,22.73,80.72,23.04,3.36,13.22,0.36,1009.28,none,0
7.87,37.01,87.66,16.83,4.48,52.28,1.92,1008.57,none,0
87.82,18.63,83.16,9.77,9.45,62.03,0.22,1002.44,flood,2
2.82,27.28,91.13,9.9,4.7,38.62,1.07,1031.07,none,0
34.77,31.59,96.02,65.68,3.08,36.64,1.28,977.91,cyclone,2
109.65,27.02,97.86,4.55,7.24,70.57,0.3,1011.78,flood,2
0.48,28.62,22.16,7.36,1.25,15.78,0.58,1027.29,drought,0
7.53,26.41,98.14,24.77,2.02,24.2,0.45,1021.11,none,0
100.5,19.49,83.6,3.04,16.04,35.12,0.26,1001.84,flood,2
1.3,25.72,46.5,17.45,4.51,52.59,8.41,1000.1,earthquake,2
139.43,29.87,64.09,24.8,3.96,69.73,0.13,1021.83,flood,2
18.37,32.05,72.45,21.89,2.76,42.51,0.1,1012.8,none,0
25.65,32.78,33.08,29.91,3.02,12.87,0.14,1006.67,drought,1
194.67,26.21,97.84,16.17,8.26,54.75,0.04,1022.92,flood,3
8.94,33.86,33.23,34.2,3.24,0.0,0.42,992.7,drought,2
5.89,19.33,59.53,7.03,1.73,29.0,0.63,1010.35,none,0
18.16,22.03,69.65,4.17,4.86,47.3,0.14,1004.7,none,0
191.11,26.78,95.23,10.92,10.72,47.91,1.19,1005.7,flood,3
115.34,21.17,77.64,10.04,7.42,78.55,0.04,1018.51,flood,2
10.38,26.41,42.06,7.58,1.19,32.02,0.34,1000.97,none,0
55.77,23.7,93.77,15.4,3.54,40.59,0.21,985.75,cyclone,1
167.9,29.52,74.43,12.4,11.07,59.56,0.06,1025.33,flood,2
20.28,20.49,66.0,5.33,2.74,28.29,0.15,1002.24,none,0
162.52,25.73,86.7,116.59,1.48,51.71,0.61,985.44,cyclone,3
1.96,25.23,75.75,7.76,2.5,41.1,6.08,1017.97,earthquake,2
244.08,33.16,92.2,4.89,9.92,74.71,0.09,993.94,flood,3
23.84,23.41,87.09,14.09,3.15,43.35,9.23,1030.11,earthquake,2
20.82,32.27,36.55,7.75,3.23,12.37,1.39,1022.82,drought,1
22.81,25.38,38.15,3.35,3.42,29.08,0.54,1001.97,none,0
28.69,30.18,80.32,48.86,4.45,24.13,0.09,978.36,cyclone,2
38.31,28.82,75.46,12.41,1.32,36.44,0.17,1022.78,none,0
6.45,23.73,60.12,10.04,2.21,34.43,0.02,1010.38,none,0
26.41,33.98,56.36,8.89,3.55,51.05,0.97,1016.8,none,0
264.16,21.66,52.04,3.44,8.65,82.56,1.1,1023.51,flood,2
97.13,29.5,75.41,22.04,2.95,28.06,0.34,1022.15,none,0
12.19,32.37,67.78,8.02,2.03,35.99,0.08,1006.74,none,0
70.82,33.08,77.75,115.03,2.74,35.35,0.4,993.6,cyclone,2
14.94,20.63,26.21,6.2,4.39,26.97,0.27,1014.96,none,0
19.67,31.66,62.51,3.59,3.72,22.5,0.25,1012.11,none,0
17.3,29.61,43.94,14.56,3.84,37.76,0.14,1010.89,none,0
10.54,27.73,82.37,29.32,4.76,48.57,0.52,1016.98,none,0
148.45,19.23,100.0,19.93,3.91,81.13,0.53,1017.06,flood,2
1.49,27.61,53.32,19.98,3.09,37.35,0.13,1022.84,none,0
14.47,19.14,82.72,5.07,0.76,35.68,0.46,1023.03,none,0
26.58,28.87,54.74,22.52,1.27,39.2,0.75,1018.78,none,0
33.23,26.09,57.89,10.0,4.15,40.26,0.36,1011.4,none,0
15.26,25.76,52.2,9.78,3.52,26.82,6.61,1025.44,earthquake,2
25.48,33.03,54.39,8.38,1.88,44.46,0.56,1016.97,none,0
26.61,15.53,49.43,9.25,2.24,55.08,0.66,991.68,none,0
16.98,33.62,46.29,9.78,3.24,28.09,0.07,1006.3,none,0
33.51,27.86,76.3,11.73,1.79,41.63,0.29,1019.85,none,0
21.98,27.66,75.42,1.02,2.98,20.9,0.15,1014.59,none,0
64.69,18.37,60.56,1.94,8.33,77.17,0.23,1003.36,flood,1
28.51,30.39,86.15,61.97,0.88,32.87,0.06,988.38,cyclone,1
22.6,25.45,68.33,2.4,0.69,33.71,0.85,1021.41,none,0
0.0,35.08,26.46,12.28,4.2,37.49,0.29,1013.55,drought,1
2.69,23.28,72.56,9.18,0.68,36.89,8.44,1009.08,earthquake,2
14.14,25.15,55.51,18.02,2.5,36.26,6.32,1026.89,earthquake,2
23.91,27.02,70.73,3.31,5.51,15.28,0.09,1001.98,none,0
20.12,21.66,57.88,1.5,2.61,48.29,0.06,1017.3,none,0
7.62,31.07,27.63,9.99,2.67,4.94,0.56,1008.83,drought,1
61.88,23.07,75.92,12.73,4.93,67.6,0.26,997.54,flood,2
5.28,32.63,66.24,5.13,3.52,33.5,0.47,1000.47,none,0
15.11,23.6,91.78,9.16,2.47,42.0,1.01,1018.24,none,0
0.85,28.49,61.35,7.07,2.55,45.57,0.27,1005.82,none,0
43.36,28.39,61.73,6.24,2.48,36.59,0.52,999.14,none,0
16.56,29.62,50.3,38.37,3.39,27.17,7.96,1016.31,earthquake,2
20.85,30.58,60.54,7.14,2.59,37.58,1.17,1015.93,none,0
198.31,29.79,87.07,19.23,8.19,77.48,0.15,1003.87,flood,3
219.56,22.54,33.28,33.62,5.66,74.86,0.48,1010.44,flood,2
53.94,25.78,64.07,23.02,7.3,57.38,0.5,1029.63,flood,1
79.73,20.53,99.59,49.76,2.94,29.18,0.06,998.26,cyclone,2
9.91,26.88,84.8,1.27,5.35,30.69,0.12,1014.5,none,0
17.73,17.33,57.69,11.93,1.3,35.57,7.5,1009.61,earthquake,1
7.5,29.53,40.8,14.93,2.89,48.19,0.34,1017.6,none,0
62.4,27.51,75.15,2.13,7.64,64.28,0.06,997.77,flood,1
153.78,26.72,83.16,41.1,7.26,74.95,0.26,1002.5,flood,2
26.86,35.42,84.09,11.62,3.37,26.14,0.1,1011.36,none,0
30.67,23.59,70.54,103.71,3.11,25.35,0.44,985.22,cyclone,2
4.1,20.22,54.21,2.1,3.51,18.63,0.14,1012.26,none,0
165.9,18.48,75.25,7.59,8.38,53.5,0.39,1009.14,flood,2
4.01,26.46,48.56,6.06,3.66,30.61,0.59,1021.67,none,0
61.85,25.47,88.78,8.27,9.77,63.07,0.38,1016.9,flood,2
31.1,21.01,46.63,1.25,3.48,0.0,0.44,1024.33,none,0
14.48,29.52,55.89,19.14,3.79,41.58,1.0,1013.75,none,0
33.13,32.74,66.75,8.94,2.74,49.16,7.18,1011.04,earthquake,2
12.82,35.59,47.92,26.82,2.03,45.04,4.67,1016.48,earthquake,2
23.71,32.01,50.97,4.36,3.35,2.06,0.0,1013.84,drought,0
9.83,31.35,27.18,3.31,2.18,0.0,0.2,1010.08,drought,1
152.04,27.04,94.45,9.63,5.21,100.0,0.52,1000.97,flood,2
62.06,25.1,81.77,68.62,0.97,53.56,0.69,962.45,cyclone,2
26.27,24.44,34.65,15.69,2.88,41.38,4.67,1031.78,earthquake,1
111.05,27.6,75.35,3.0,3.91,62.61,0.36,996.86,flood,2
123.71,31.8,91.16,5.12,12.03,81.61,0.96,1010.88,flood,2
5.27,34.58,51.45,15.1,2.62,49.25,4.73,1004.54,earthquake,1
8.32,25.4,62.58,4.38,1.96,33.07,5.65,999.53,earthquake,1
66.91,28.15,54.82,5.66,11.84,49.45,0.6,1001.12,flood,2
23.03,24.0,49.98,43.55,2.65,37.16,0.03,1014.97,none,0
6.04,20.33,10.52,16.54,2.35,11.77,0.39,1005.89,drought,1
46.52,40.75,42.95,15.28,4.64,33.94,0.44,1022.92,none,0
0.0,32.18,23.42,9.98,5.86,12.43,1.23,1024.96,drought,1
6.95,29.23,21.49,14.7,1.82,0.0,0.31,1025.42,drought,1
114.56,18.45,50.37,18.52,5.79,65.09,0.49,1005.17,flood,2
0.0,20.78,15.81,6.47,1.58,11.09,0.19,1010.59,drought,0
72.38,23.93,83.54,10.44,4.38,87.58,0.32,1001.92,flood,1
26.96,21.97,70.2,2.56,2.85,49.16,0.21,1006.11,none,0
17.83,21.9,76.15,1.75,3.58,68.76,5.33,1011.55,earthquake,1
13.17,31.06,53.93,15.99,1.92,33.81,0.18,1042.39,none,0
1.99,34.03,67.92,21.6,4.01,14.26,0.62,1019.43,none,0
19.63,26.12,48.04,3.61,2.13,26.29,0.27,1025.97,none,0
11.48,28.84,48.8,7.61,3.33,39.56,0.32,1010.45,none,0
17.19,17.99,44.93,5.96,3.36,42.79,4.72,1013.86,earthquake,1
18.99,32.71,55.09,8.12,3.14,41.57,0.59,1015.92,none,0
4.99,19.83,36.45,4.34,3.24,45.0,0.49,1000.9,none,0
61.98,25.15,83.31,3.26,7.05,62.95,0.24,1005.76,flood,2
198.59,25.48,56.58,10.42,12.34,79.53,0.24,1006.89,flood,2
48.12,18.29,100.0,75.57,4.51,34.02,0.03,987.91,cyclone,2
161.39,29.53,52.53,12.42,5.49,60.95,1.6,1011.15,flood,2
11.75,31.02,64.05,7.26,2.47,30.44,1.73,998.78,none,0
14.06,18.89,80.45,15.47,2.49,38.95,0.3,1018.22,none,0
13.69,29.58,62.06,13.7,1.46,40.17,0.36,1006.21,none,0
12.64,20.83,57.33,8.42,3.13,15.27,0.97,1023.9,none,0
53.41,34.6,87.51,84.36,2.52,64.2,0.14,993.19,cyclone,2
16.53,23.85,63.44,3.29,1.45,40.63,0.17,1021.21,none,0
3.1,39.68,66.35,8.03,3.27,34.34,5.04,1011.67,earthquake,1
62.8,25.16,79.55,13.36,7.02,86.98,0.4,1008.61,flood,1
9.07,32.1,54.84,1.96,3.45,6.38,0.1,1016.23,none,0
9.23,24.49,72.16,5.0,4.13,37.54,0.12,1016.24,none,0
5.43,28.63,46.31,5.08,3.38,49.35,8.71,1000.71,earthquake,2
101.08,33.08,78.59,100.37,3.97,25.48,0.07,973.47,cyclone,3
0.0,28.64,27.55,8.15,2.52,5.39,0.01,1018.64,drought,1
108.22,20.96,78.47,16.3,8.73,66.4,0.11,1007.58,flood,2
3.57,24.3,48.0,13.78,3.95,29.98,0.32,1010.19,none,0
31.87,27.54,72.0,5.08,9.96,35.9,0.21,1011.48,flood,1
0.52,23.36,64.25,21.5,2.9,39.3,0.33,1013.44,none,0
5.74,20.96,51.01,8.73,2.1,42.0,0.46,1018.45,none,0
6.73,26.35,90.77,5.54,3.95,37.78,0.12,1009.15,none,0
139.85,34.23,89.66,17.01,8.96,62.35,0.0,1016.63,flood,2
97.1,42.1,100.0,111.84,2.87,32.77,0.17,977.77,cyclone,2
55.43,31.69,62.88,206.2,4.93,23.7,0.03,970.39,cyclone,3
0.0,38.34,42.69,3.61,2.67,7.7,0.07,1012.19,drought,0
3.51,27.3,70.2,8.38,3.79,16.08,0.02,1022.76,none,0
64.32,21.58,75.46,73.66,4.86,31.98,0.66,994.48,cyclone,2
167.65,22.09,68.53,9.91,7.39,76.79,0.18,1011.48,flood,2
18.82,26.48,66.68,7.6,2.15,50.89,0.13,1025.27,none,0
72.52,26.57,73.47,22.15,18.16,58.69,0.04,994.75,flood,2
6.79,36.85,43.88,1.7,4.09,10.8,0.36,1013.78,none,0
11.54,35.21,53.77,9.27,2.01,54.27,0.28,1016.77,none,0
46.48,23.5,46.05,23.33,2.49,48.22,0.19,1005.98,none,0
2.17,29.8,54.21,9.7,3.28,40.87,0.46,1010.41,none,0
113.9,30.65,66.39,44.13,1.28,57.27,0.81,984.48,cyclone,2
57.19,33.33,75.15,186.0,1.76,43.43,0.24,997.08,cyclone,2
35.06,23.84,87.02,5.0,0.8,42.52,5.1,1011.21,earthquake,1
31.56,22.66,26.64,34.19,4.13,40.93,0.23,1008.41,none,0
28.28,19.45,49.79,5.85,3.28,47.86,0.58,1019.26,none,0
179.31,28.34,92.38,5.14,5.54,60.94,1.29,1000.37,flood,2
9.71,24.84,63.33,31.89,2.44,33.86,0.59,990.38,none,0
0.0,34.69,36.4,13.98,1.1,0.0,0.69,998.47,drought,1
11.43,24.86,55.6,7.42,4.65,35.03,0.11,1013.76,none,0
67.14,31.12,100.0,40.86,2.96,18.72,0.02,963.65,cyclone,2
14.4,29.08,71.68,2.9,1.34,44.85,0.2,1020.21,none,0
20.12,27.27,59.62,8.35,3.09,22.89,0.26,1015.19,none,0
124.72,25.93,94.59,129.97,3.45,31.87,0.1,997.12,cyclone,3
107.11,27.87,100.0,6.66,13.08,48.02,0.52,1023.65,flood,2
90.08,29.14,83.47,127.27,3.45,23.01,0.2,972.42,cyclone,3
75.72,29.23,80.56,76.48,3.15,53.69,0.17,974.38,cyclone,2
1.78,32.19,68.93,0.95,3.45,49.96,0.18,1013.1,none,0
8.15,31.42,70.2,8.52,0.86,34.13,0.2,1011.04,none,0
1.57,14.44,51.77,4.08,1.71,42.94,6.33,1018.77,earthquake,1
4.71,28.39,63.75,7.45,3.35,38.48,0.01,1005.12,none,0
91.02,23.47,72.26,13.84,4.09,63.97,0.66,1002.36,flood,2
52.27,25.75,65.12,3.74,1.56,30.94,7.66,1014.35,earthquake,2
51.29,26.52,60.69,61.64,4.49,41.01,0.27,990.28,cyclone,2
14.24,23.73,78.41,5.88,6.01,38.56,0.23,1007.69,none,0
0.0,30.94,13.23,6.46,2.76,4.52,1.25,1007.46,drought,1
27.7,20.84,40.12,18.13,3.16,45.25,0.68,1014.02,none,0
113.19,27.58,71.92,17.0,10.18,52.61,0.07,1001.0,flood,2
64.51,18.92,99.66,104.68,3.16,30.37,0.69,979.13,cyclone,2
0.0,36.27,23.81,16.2,2.45,26.68,0.3,1021.71,drought,1
8.9,30.75,75.2,15.15,4.1,21.31,0.05,1027.07,none,0
10.11,23.81,81.75,6.25,3.3,19.1,0.04,1009.92,none,0
151.83,30.12,68.26,9.98,3.63,46.39,0.07,1005.87,flood,2
11.93,22.13,69.4,13.9,3.03,14.54,0.04,1021.4,none,0
6.84,31.85,18.89,2.52,3.68,8.89,0.15,1017.55,drought,1
23.95,30.82,73.81,1.99,2.25,48.0,0.1,1007.11,none,0
2.58,23.82,59.92,15.38,2.34,33.77,8.16,1009.45,earthquake,2
6.47,30.56,57.94,7.48,3.64,34.53,0.2,1000.34,none,0
5.15,25.31,33.88,14.3,2.85,45.09,0.62,1017.67,none,0
94.67,23.1,73.67,95.71,4.13,47.68,0.52,996.64,cyclone,2
16.97,17.71,70.72,14.35,3.39,51.92,6.46,1022.01,earthquake,1
33.05,26.31,37.84,14.58,2.54,45.81,0.52,1016.39,none,0
106.66,26.1,73.15,16.67,8.5,70.8,0.14,993.25,flood,2
0.0,46.74,24.79,14.65,4.09,1.49,0.08,1012.16,drought,1
204.6,32.1,70.93,8.3,6.56,78.45,0.21,1008.1,flood,2
15.05,24.32,49.74,16.16,4.38,52.15,8.16,1024.59,earthquake,2
15.8,37.06,69.66,3.32,3.06,40.33,0.25,1002.95,none,0
9.51,32.65,52.91,18.22,2.19,28.06,0.78,1013.28,none,0
23.02,27.29,53.41,7.22,2.86,28.77,0.3,1025.08,none,0
127.37,31.41,87.18,13.7,10.72,60.34,0.23,1011.8,flood,2
99.15,25.78,90.26,13.91,5.71,81.44,0.15,1020.03,flood,1
7.33,29.84,87.05,11.52,3.84,40.84,0.12,1006.86,none,0
3.9,29.75,67.64,10.37,3.21,19.46,6.84,1015.97,earthquake,2
16.6,34.38,60.66,5.78,3.8,42.06,0.11,1004.05,none,0
1.55,26.59,60.75,27.68,3.14,21.35,0.77,1004.77,none,0
96.87,31.32,59.36,3.33,7.39,69.52,0.08,996.99,flood,2
27.87,25.98,86.25,12.79,1.42,33.35,0.09,1013.92,none,0
12.04,27.06,67.19,7.74,3.06,41.06,0.13,1018.72,none,0
148.16,17.01,52.79,156.21,1.79,41.7,0.13,1005.5,cyclone,3
123.8,29.84,88.03,1.27,7.34,66.12,1.06,1021.56,flood,2
11.76,37.5,61.74,25.41,1.9,45.79,0.24,1018.08,none,0
64.87,27.7,81.73,60.42,1.45,53.33,0.28,992.77,cyclone,2
45.94,21.72,96.63,92.98,0.19,38.18,0.38,978.88,cyclone,2
104.94,30.85,94.23,5.24,10.32,84.11,1.84,991.3,flood,3
11.65,31.16,47.04,12.25,3.08,19.55,0.48,1010.51,none,0
2.94,34.68,55.24,11.51,2.25,16.79,0.3,1008.79,drought,1
196.05,28.96,92.91,13.12,5.55,76.37,1.12,1015.4,flood,2
0.32,26.53,88.0,8.23,3.31,0.0,0.05,1017.93,none,0
16.69,29.73,58.69,11.37,2.62,33.49,0.28,1002.72,none,0
0.7,30.39,19.43,11.49,4.33,11.55,0.78,998.56,drought,1
2.24,22.52,87.34,4.97,2.74,49.77,0.39,1023.55,none,0
3.05,38.37,25.26,35.47,2.36,12.25,0.3,1000.41,drought,1
109.74,20.0,70.41,9.62,10.71,47.42,0.63,986.32,flood,2
7.99,28.86,72.78,5.05,3.35,39.82,0.0,993.19,none,0
5.33,27.08,54.39,4.18,1.39,29.62,0.02,1017.42,none,0
115.47,30.36,54.22,171.66,3.74,30.82,0.03,999.35,cyclone,3
96.95,22.71,92.93,10.3,6.33,82.53,0.37,1013.94,flood,1
18.43,32.44,48.19,5.91,3.52,38.96,0.06,1005.25,none,0
18.45,28.17,65.53,7.47,2.53,0.0,0.73,1032.06,none,0
72.06,32.53,71.92,61.72,3.32,34.13,0.14,970.85,cyclone,2
41.83,23.48,58.32,27.94,3.1,22.58,0.0,1023.02,none,0
9.54,29.74,73.04,3.91,4.45,40.98,1.03,1019.27,none,0
60.11,28.4,55.11,4.28,3.9,41.8,0.17,1007.94,none,0
75.93,21.63,94.78,12.51,3.35,53.7,0.6,1018.6,flood,1
14.72,40.01,43.94,3.16,2.94,44.69,7.86,1004.52,earthquake,2
11.87,40.5,51.14,8.53,1.07,0.0,0.68,1014.77,drought,1
0.88,35.77,47.6,13.48,1.61,14.56,0.01,1019.34,drought,0
79.33,23.98,78.62,5.11,4.72,67.63,0.29,1005.53,flood,1
48.33,23.18,91.98,81.65,1.97,47.31,0.47,972.94,cyclone,2
41.22,31.97,94.38,152.78,2.46,46.03,0.01,990.38,cyclone,2
6.78,32.3,80.12,31.41,1.95,44.71,4.6,1018.41,earthquake,1
45.56,17.98,83.45,1.68,2.05,40.52,0.43,1016.26,none,0
17.39,30.1,55.3,2.16,2.38,34.36,1.12,1012.45,none,0
10.69,32.73,51.22,6.26,4.67,48.17,4.19,1010.67,earthquake,2
73.38,22.28,75.2,71.53,3.09,38.72,0.81,959.82,cyclone,2
28.69,21.76,97.78,51.6,3.89,35.0,0.74,987.86,cyclone,1
197.98,26.03,66.91,10.25,6.76,72.14,0.49,1008.39,flood,2
17.51,23.99,68.98,3.98,3.44,40.0,1.07,1024.82,none,0
46.0,30.66,63.36,11.72,5.19,71.6,0.08,1017.49,flood,1
106.86,20.66,94.07,2.82,8.87,70.17,0.34,1010.81,flood,2
28.65,29.28,47.15,4.04,2.48,34.88,0.34,1013.13,none,0
77.59,19.83,57.16,32.52,3.19,44.21,0.02,990.57,cyclone,2
9.28,26.14,75.12,2.6,2.16,29.8,0.03,1014.51,none,0
57.26,25.77,59.22,17.69,7.91,52.47,0.28,1014.56,flood,1
41.12,31.31,64.63,6.18,1.32,40.28,0.4,1019.79,none,0
35.02,29.55,98.55,43.46,3.4,19.68,0.71,967.15,cyclone,2
158.91,30.5,92.84,23.18,15.42,57.78,0.09,994.77,flood,3
22.99,22.42,62.92,10.73,4.01,62.36,0.03,1001.59,none,0
11.3,36.77,69.72,10.45,3.8,41.7,6.88,1002.98,earthquake,2
14.75,23.79,75.89,10.21,2.04,46.81,0.06,1002.66,none,0
17.28,23.28,67.13,9.21,3.89,41.23,0.79,1010.15,none,0
82.65,24.49,100.0,69.18,4.07,41.02,0.53,975.88,cyclone,2
1.85,28.33,82.25,19.13,2.95,32.05,0.95,1012.57,none,0
6.26,21.49,69.71,16.35,2.74,36.89,0.93,1004.43,none,0
20.6,29.3,49.76,32.23,2.07,46.6,0.12,1029.25,none,0
128.94,15.43,89.44,85.01,3.48,44.27,0.57,995.96,cyclone,2
16.04,30.49,32.38,31.66,3.29,41.51,0.09,1001.52,none,0
89.73,29.62,89.95,7.96,6.57,64.4,0.05,999.45,flood,2
16.52,26.13,52.79,12.41,3.1,32.9,6.62,1001.64,earthquake,2
11.9,23.09,60.58,4.23,3.54,24.55,0.67,1012.5,none,0
121.11,19.61,64.22,5.55,7.66,58.56,0.26,1011.09,flood,2
185.59,19.62,77.7,14.33,20.02,52.22,0.2,1005.93,flood,3
16.13,23.94,65.07,8.72,1.69,40.01,5.28,1008.64,earthquake,1
4.05,29.74,68.75,6.45,4.16,39.56,0.37,1022.84,none,0
162.33,20.11,90.27,7.36,4.59,69.34,0.03,1003.03,flood,2
45.42,16.64,35.31,11.78,4.23,28.76,0.27,1008.14,none,0
58.66,27.41,84.89,23.95,7.32,79.4,0.82,1002.61,flood,2
20.05,34.07,64.24,14.79,3.34,43.87,0.69,1012.64,none,0
17.95,29.69,66.19,4.13,3.21,25.64,0.14,1017.88,none,0
13.67,31.03,51.9,8.85,4.4,17.31,8.74,1023.98,earthquake,2
80.76,25.92,61.93,7.37,3.89,93.69,0.12,1005.13,flood,1
68.65,28.77,73.27,23.83,4.19,57.37,0.72,1011.6,flood,1
2.85,22.72,40.94,18.21,3.86,25.49,0.16,1017.1,none,0
97.41,26.73,66.25,2.13,5.49,76.44,0.68,990.98,flood,2
6.39,38.11,77.7,16.89,3.85,40.51,0.09,1010.41,none,0
3.29,34.75,68.0,3.77,3.48,10.2,0.63,1013.12,none,0
16.8,22.7,61.66,13.61,2.88,18.8,0.47,1012.3,none,0
44.67,28.76,71.88,87.03,2.99,48.24,0.16,990.89,cyclone,2
68.55,25.99,85.14,19.6,3.86,87.36,0.16,1011.12,flood,1
177.58,12.63,65.75,4.51,6.25,66.18,0.01,998.2,flood,2
120.92,26.79,77.96,109.0,3.57,45.61,0.18,956.0,cyclone,3
7.12,37.86,41.07,4.47,2.77,48.25,0.26,1009.07,none,0
15.71,20.7,48.7,6.86,0.99,29.86,0.22,1013.53,none,0
65.92,28.42,81.93,66.62,2.4,31.91,0.12,972.34,cyclone,2
76.14,37.77,90.07,54.37,3.15,34.47,1.57,988.54,cyclone,2
39.09,20.09,71.83,28.65,2.46,54.55,0.19,1004.41,none,0
10.56,31.35,72.23,25.84,3.77,21.21,0.07,1019.12,none,0
15.96,31.72,62.58,21.9,2.13,33.03,0.3,1015.05,none,0
44.78,26.96,84.3,202.0,3.74,25.62,0.22,987.5,cyclone,2
13.69,28.34,45.42,10.42,2.09,46.62,0.13,999.93,none,0
22.71,25.08,100.0,44.71,3.3,30.5,0.54,969.38,cyclone,2
8.39,15.53,27.67,16.72,1.74,3.94,0.15,1000.76,drought,1
55.3,32.88,59.17,4.81,2.49,43.13,0.72,1018.43,none,0
12.29,25.3,67.18,7.46,2.93,36.77,0.02,1011.81,none,0
14.65,38.85,82.38,3.9,4.2,40.44,1.82,1007.76,none,0
9.46,29.37,79.86,6.49,4.25,28.13,0.79,1027.53,none,0
17.12,22.91,58.23,1.31,2.72,32.95,5.81,1024.75,earthquake,1
6.44,26.94,47.49,7.32,3.73,31.03,7.06,1016.46,earthquake,2
54.35,27.93,68.76,8.56,2.44,80.99,0.2,1013.79,flood,1
7.87,32.65,75.24,8.06,7.51,59.88,1.74,1024.12,none,0
123.74,31.93,81.89,6.84,9.12,74.04,0.5,1014.74,flood,2
17.67,26.79,69.53,10.1,2.61,38.98,4.0,1027.87,earthquake,1
9.15,25.08,60.9,9.29,3.43,46.6,0.29,1010.57,none,0
104.3,24.91,84.24,103.4,5.03,39.87,1.21,969.87,cyclone,3
206.99,28.55,75.81,25.48,3.86,87.16,1.01,1002.5,flood,2
38.45,31.35,29.1,9.27,1.43,50.62,0.04,1013.32,none,0
8.94,24.26,56.49,23.95,3.29,22.83,0.02,992.9,none,0
9.66,24.72,59.38,11.02,2.17,24.72,0.0,1015.24,none,0
15.71,33.92,27.51,0.39,2.65,13.74,0.3,1002.12,drought,0
0.0,25.05,30.03,6.53,3.13,20.32,0.62,1011.73,drought,0
76.89,22.1,94.2,21.32,2.69,35.1,0.38,971.07,cyclone,2
4.61,24.57,46.94,10.23,1.65,32.04,0.19,1018.11,none,0
20.81,34.16,43.86,2.31,2.92,24.27,0.3,999.28,drought,1
59.2,25.31,100.0,101.05,3.5,33.67,1.64,981.5,cyclone,2
19.0,30.68,70.37,3.14,3.1,30.85,0.25,1004.26,none,0
15.59,28.37,54.58,13.67,2.11,55.95,0.13,1017.82,none,0
9.39,28.07,69.66,26.35,3.4,23.51,6.62,1006.43,earthquake,2
2.71,24.39,63.84,6.73,0.51,45.54,0.57,1007.01,none,0
12.94,31.49,19.92,17.82,2.62,39.3,0.1,1010.9,none,0
6.21,25.89,84.77,17.36,3.39,17.05,4.09,1015.46,earthquake,2
16.67,21.55,43.76,14.13,2.21,32.96,0.19,1014.28,none,0
148.35,18.16,86.03,18.33,8.86,62.7,0.14,1014.85,flood,2
66.68,22.82,89.73,109.39,2.19,18.95,0.02,982.4,cyclone,2
4.85,24.24,52.42,18.09,3.6,41.61,0.07,1012.11,none,0
0.0,39.91,9.94,2.85,2.06,10.99,0.14,1028.41,drought,0
13.96,26.57,42.67,8.29,2.31,36.19,0.3,1006.6,none,0
11.53,33.87,49.6,3.03,2.84,48.13,0.31,1016.38,none,0
24.67,31.17,63.87,10.91,2.33,45.12,0.05,1005.97,none,0
9.36,26.14,66.88,50.63,3.72,16.85,8.39,1017.76,earthquake,3
59.65,27.8,56.75,157.21,2.2,15.52,0.48,992.49,cyclone,2
111.59,28.4,85.93,3.24,7.8,68.91,0.08,1012.07,flood,2
14.55,20.2,64.62,6.71,1.76,29.38,8.17,1008.97,earthquake,2
68.63,29.51,73.17,3.77,7.03,62.64,0.14,1013.71,flood,1
14.67,32.85,66.7,1.3,3.02,25.35,0.39,1017.4,none,0
169.7,31.02,71.34,6.14,4.7,66.91,0.55,1003.32,flood,2
14.18,24.29,65.48,18.0,3.07,36.56,0.13,998.24,none,0
16.07,28.32,66.25,17.15,0.6,29.59,0.31,1007.39,none,0
24.03,20.15,33.45,1.57,1.47,33.7,0.18,1015.98,none,0
7.78,24.94,56.61,17.48,1.16,22.31,0.25,1002.29,none,0
25.61,36.33,35.38,7.84,2.37,15.73,0.13,1011.84,none,0
11.37,24.39,53.01,9.98,1.99,17.89,0.13,1015.06,none,0
98.54,27.94,81.47,3.84,11.24,69.55,0.73,1012.62,flood,2
0.74,33.97,18.92,25.59,1.53,0.0,0.5,1021.32,drought,1
128.39,32.21,65.83,6.65,10.38,76.77,0.11,1010.58,flood,2
5.77,21.78,52.47,23.33,3.47,48.33,0.19,1023.69,none,0
89.03,25.59,80.48,5.62,5.09,58.38,0.07,1014.1,flood,1
22.25,24.46,79.18,16.93,4.64,28.49,0.01,1005.3,none,0
126.38,17.91,55.69,19.74,9.2,55.51,0.7,998.7,flood,3
2.7,25.31,40.76,3.4,4.94,34.51,0.33,1024.45,none,0
8.58,26.2,32.76,23.83,2.79,17.38,0.08,1009.42,none,0
136.81,33.02,47.22,17.27,5.5,88.33,0.77,1010.8,flood,2
143.03,23.13,90.23,9.39,3.07,77.35,0.11,1020.72,flood,1
15.43,25.16,61.71,21.67,3.97,47.1,0.22,1019.46,none,0
11.95,28.98,45.88,3.13,3.11,29.46,6.56,1022.73,earthquake,2
185.79,29.08,100.0,1.16,6.15,62.36,0.79,1011.46,flood,2
89.77,25.38,78.28,3.41,5.36,72.33,0.72,1001.79,flood,2
7.57,28.14,62.08,14.34,3.61,26.67,1.09,1011.23,none,0
20.61,31.59,69.4,4.99,3.29,50.45,0.08,1025.55,none,0
29.8,29.35,55.26,22.8,4.15,52.0,0.58,1006.1,none,0
20.63,28.48,100.0,4.47,2.14,61.51,0.21,1009.17,none,0
95.95,27.74,92.68,107.61,2.67,32.45,0.22,1012.48,cyclone,2
37.56,28.08,61.46,8.34,2.69,38.77,0.48,1019.0,none,0
0.0,36.0,38.17,5.31,2.47,28.44,0.09,1006.44,drought,0
16.26,38.3,68.93,3.42,3.03,2.74,1.39,1011.28,drought,1
3.31,30.24,45.95,12.38,4.99,0.0,0.03,1020.49,drought,1
8.7,20.83,47.02,1.27,2.58,32.2,0.0,1012.09,none,0
2.99,31.89,61.69,6.25,2.02,15.04,0.38,1006.12,drought,1
66.25,20.5,99.75,67.06,3.7,41.03,0.26,1002.93,cyclone,1
27.93,28.37,85.08,10.5,2.9,34.83,0.15,1010.63,none,0
7.46,32.14,41.98,20.77,3.41,54.38,0.05,1010.02,none,0
9.43,28.69,57.51,45.21,5.25,50.41,6.33,997.54,earthquake,2
30.42,23.63,53.41,11.48,3.78,42.37,0.52,1025.56,none,0
41.63,32.76,71.03,14.08,2.81,55.23,0.02,1013.6,none,0
7.41,26.01,37.51,12.31,0.0,37.21,1.53,1024.82,none,0
5.38,37.42,43.33,3.19,3.86,30.34,0.11,1025.01,none,0
92.0,23.83,68.48,99.79,2.94,25.3,0.08,979.89,cyclone,2
8.37,37.06,99.38,18.94,1.03,29.96,0.53,1007.65,none,0
9.42,25.9,32.54,23.66,1.76,20.39,0.63,1019.78,none,0
42.5,27.97,34.55,6.81,2.64,43.19,0.64,1013.42,none,0
12.53,29.36,34.55,28.92,3.01,2.8,0.01,1009.82,drought,1
70.78,22.91,100.0,36.65,2.92,42.54,0.11,980.14,cyclone,2
120.5,21.16,78.94,49.97,2.84,33.39,0.76,989.06,cyclone,2
25.33,26.24,73.82,8.37,3.75,57.98,0.13,1006.72,none,0
0.29,27.69,43.93,9.09,4.07,16.01,0.24,994.64,drought,1
10.69,31.78,19.44,19.84,2.4,5.81,0.91,1006.7,drought,1
5.15,25.65,71.67,5.36,2.74,38.46,0.16,1010.9,none,0
79.56,36.07,70.25,73.3,3.57,25.28,0.19,974.66,cyclone,2
0.0,31.49,36.43,9.3,3.34,28.43,1.19,1020.7,drought,1
11.25,24.71,53.96,6.11,0.96,42.94,0.07,998.28,none,0
17.47,28.13,73.0,11.79,2.37,54.74,0.04,1009.84,none,0
40.6,33.35,69.03,8.78,2.01,24.81,0.1,1013.37,none,0
140.87,30.07,52.8,6.06,5.05,68.01,0.32,1019.73,flood,1
26.19,23.18,67.92,13.56,2.15,33.68,0.93,1033.27,none,0
5.65,38.46,20.87,2.74,2.09,6.49,0.59,1006.57,drought,1
15.98,26.22,63.85,16.66,3.96,43.14,8.87,1018.14,earthquake,2
3.95,37.79,44.25,19.28,3.92,22.91,0.41,1005.21,none,0
12.85,28.29,56.86,10.76,1.52,38.11,0.8,1010.86,none,0
13.33,27.34,56.24,9.99,3.35,18.22,0.43,1012.21,none,0
121.66,28.3,86.98,47.92,5.08,37.86,1.14,984.42,cyclone,3
107.58,34.4,82.66,7.8,10.15,68.96,0.65,1014.88,flood,2
140.45,25.54,63.23,2.28,4.86,51.84,1.06,1014.05,flood,2
56.96,18.18,67.05,63.04,2.88,24.91,1.72,984.13,cyclone,2
9.68,34.84,43.19,8.2,2.76,57.64,0.22,1007.65,none,0
51.11,25.44,67.62,9.62,10.8,38.99,0.41,1012.12,flood,2
143.42,40.49,65.48,6.23,7.35,63.68,0.1,995.35,flood,2
13.73,22.57,70.19,8.59,4.76,24.58,0.81,1022.77,none,0
28.43,27.76,39.08,7.21,1.76,15.42,8.63,1017.27,earthquake,2
10.42,33.13,67.8,19.29,2.38,17.15,8.65,1012.0,earthquake,2
0.0,31.37,34.86,24.76,1.76,39.28,0.04,1006.51,drought,0
89.76,30.01,83.95,182.87,4.4,21.52,0.49,973.02,cyclone,3
98.69,28.98,100.0,14.46,3.88,97.44,0.05,1003.74,flood,2
16.98,30.09,56.48,7.59,1.6,47.87,7.4,1009.49,earthquake,2
187.22,33.82,51.88,9.74,3.13,68.28,0.26,1008.24,flood,2
11.18,23.62,66.3,9.45,2.05,24.03,0.03,1012.79,none,0
71.3,33.12,57.83,4.54,4.28,41.05,0.26,1012.88,flood,1
52.94,24.17,55.3,11.2,3.14,53.99,0.28,1021.44,none,0
0.0,23.64,22.48,5.46,3.68,25.25,0.25,1021.75,drought,0
136.16,21.79,67.62,0.22,7.91,75.81,0.17,1015.78,flood,2
101.33,27.8,100.0,16.04,9.16,91.13,0.1,1017.81,flood,2
76.09,23.78,86.75,210.49,2.89,25.67,0.09,999.2,cyclone,2
137.78,24.89,100.0,9.5,6.93,51.48,0.14,1012.36,flood,2
11.43,22.66,91.35,12.0,2.46,8.18,0.33,1007.7,none,0
75.38,29.04,88.9,25.67,7.95,73.96,0.46,1002.03,flood,2
171.62,34.88,77.58,10.36,5.47,50.86,0.26,999.2,flood,2
1.26,31.21,50.52,26.62,3.21,38.57,1.11,1011.23,none,0
1.73,31.35,47.55,23.45,2.01,0.0,0.35,1014.96,drought,1
13.0,24.67,50.27,9.46,2.53,29.14,0.95,1032.81,none,0
96.0,30.94,78.28,1.63,7.08,70.75,0.39,1017.06,flood,2
0.0,18.76,21.17,7.99,0.9,0.0,0.32,1022.15,drought,0
49.75,25.96,79.19,6.23,5.04,76.87,0.34,1003.89,flood,1
71.85,25.32,96.34,143.35,4.19,28.59,0.37,959.36,cyclone,3
5.7,33.38,31.78,29.45,1.81,10.21,0.06,1012.67,drought,1
10.73,28.32,88.87,32.88,2.46,35.26,1.1,1014.64,none,0
28.79,23.81,62.35,6.92,3.52,41.72,6.97,1000.85,earthquake,2
73.95,28.91,54.99,107.19,2.53,48.35,0.08,983.72,cyclone,2
2.02,39.21,59.22,3.03,3.33,41.91,0.02,1003.3,none,0
18.17,20.03,84.85,31.41,2.27,33.24,1.04,1011.79,none,0
4.24,38.76,55.54,17.81,3.24,35.69,4.0,1008.2,earthquake,1
1.42,24.72,50.78,4.85,2.89,30.2,0.14,1013.3,none,0
54.82,22.04,73.73,114.41,3.37,26.83,0.03,982.44,cyclone,2
41.82,22.13,49.26,14.86,1.75,41.04,0.45,1006.63,none,0
19.8,21.73,81.26,4.46,3.91,17.88,0.54,1005.04,none,0
5.98,26.51,34.3,26.16,3.79,33.69,0.06,1002.37,none,0
25.57,38.0,12.65,16.53,1.36,28.07,0.08,1009.05,drought,0
86.44,33.32,71.53,21.9,7.01,76.53,0.3,1007.34,flood,2
19.82,20.27,66.89,5.74,4.05,33.75,0.12,1010.77,none,0
9.27,21.31,69.18,10.59,3.65,12.2,0.02,1024.45,none,0
0.0,30.07,45.66,17.69,2.72,4.25,0.35,1007.34,drought,1
214.8,30.66,87.75,12.31,13.1,97.63,0.05,1001.93,flood,3
54.24,26.96,72.42,119.13,3.63,37.66,0.07,973.1,cyclone,3
18.82,27.6,70.33,6.24,1.97,47.84,0.29,1014.21,none,0
22.41,32.74,82.58,13.41,2.79,36.02,4.76,1004.25,earthquake,1
95.56,25.85,79.66,31.37,4.77,72.5,0.01,988.19,flood,2
11.3,36.07,26.11,6.5,1.78,0.82,0.06,1006.17,drought,1
10.69,21.34,68.41,5.57,1.98,48.01,0.69,1018.22,none,0
23.49,24.78,86.68,14.95,5.22,79.75,0.56,1008.25,flood,1
8.75,29.8,62.02,1.51,1.94,49.82,0.03,1007.34,none,0
37.82,27.93,54.17,102.3,1.78,55.33,0.36,996.75,cyclone,2
52.53,34.77,61.09,7.54,4.18,32.67,0.04,1021.41,none,0
14.21,27.08,76.77,14.12,4.24,27.16,0.72,1010.83,none,0
12.6,39.08,23.96,5.91,1.67,0.0,0.42,1008.2,drought,1
9.49,28.96,72.89,2.85,4.58,37.42,0.49,1014.55,none,0
4.55,35.33,52.41,20.99,2.86,31.95,0.3,1026.86,none,0
15.69,27.4,55.78,2.35,4.52,46.81,4.77,1019.3,earthquake,1
145.26,31.1,78.46,28.02,5.3,53.72,0.51,1005.95,flood,2
14.4,34.01,67.26,6.55,3.98,13.89,0.65,1007.27,none,0
3.0,30.26,53.63,9.7,1.76,26.07,0.4,994.38,none,0
148.66,18.33,49.08,5.92,4.34,63.8,0.46,1010.52,flood,1
119.13,21.83,89.17,4.23,7.77,82.85,0.69,1013.95,flood,2
7.5,23.93,68.8,4.58,4.27,44.81,0.09,1024.43,none,0
51.48,31.9,83.28,18.97,4.68,56.69,0.03,1006.97,flood,1
8.51,29.81,51.86,13.29,3.05,39.7,4.23,1030.04,earthquake,1
49.61,36.22,99.33,4.39,3.07,19.35,5.52,1015.76,earthquake,2
64.98,26.07,100.0,71.93,2.94,32.58,0.62,1000.15,cyclone,1
34.52,27.87,90.31,116.39,1.6,30.56,0.96,973.21,cyclone,2
15.16,32.63,28.04,5.55,1.17,21.71,0.29,1006.11,drought,1
7.14,18.69,51.72,4.4,2.31,14.11,0.23,1015.77,none,0
12.39,28.12,73.59,17.94,3.1,34.19,0.34,1008.63,none,0
63.09,33.16,73.96,10.55,3.87,51.2,0.08,1010.03,flood,1
27.29,31.06,56.57,3.7,2.44,31.21,1.18,1013.37,none,0
9.7,34.71,62.42,1.58,2.84,54.64,0.38,1009.87,none,0
12.06,32.8,51.94,15.93,3.07,45.95,0.32,1011.05,none,0
5.29,32.09,56.97,13.58,3.17,46.88,0.11,1022.93,none,0
138.54,29.49,90.56,120.82,3.39,19.75,0.58,964.3,cyclone,3
3.48,30.49,36.55,11.48,4.91,20.99,0.21,1010.21,none,0
0.0,30.55,13.74,2.21,1.39,0.0,0.33,1014.99,drought,0
13.91,36.5,84.3,0.36,2.65,33.5,4.99,1006.6,earthquake,1
12.11,25.69,55.27,25.69,1.11,26.41,1.21,1005.39,none,0
42.58,28.1,95.82,155.33,2.49,44.45,0.35,949.76,cyclone,3
5.29,28.63,36.25,8.97,2.58,15.2,0.21,1007.48,none,0
3.36,16.39,59.13,26.49,2.7,30.68,0.54,1010.39,none,0
12.96,29.09,68.87,43.64,2.82,53.96,0.09,1007.1,none,0
3.4,23.84,82.13,11.37,2.94,58.7,0.25,1009.63,none,0
33.76,27.87,86.88,6.59,1.45,43.8,1.14,1020.04,none,0
12.57,27.54,58.21,5.62,3.68,21.14,0.09,1004.75,none,0
18.4,31.35,42.45,21.92,4.29,0.0,0.34,1001.73,drought,2
11.16,22.67,35.23,7.95,5.18,21.11,0.53,1018.76,none,0
57.34,26.9,76.54,121.96,2.99,40.28,0.1,993.33,cyclone,2
0.0,32.83,75.2,30.12,2.29,11.5,0.01,1025.27,drought,1
223.13,26.24,78.81,5.18,6.18,39.72,1.95,1005.85,flood,2
205.61,33.35,79.66,84.18,2.1,47.89,0.26,977.31,cyclone,2
35.6,23.73,94.47,161.05,3.56,34.11,0.36,966.84,cyclone,3
13.0,18.87,74.14,11.45,2.45,34.98,0.37,1021.96,none,0
0.0,38.9,18.93,24.02,2.56,29.71,0.21,1008.6,drought,0
10.24,17.62,62.73,6.44,1.07,50.3,0.14,1016.64,none,0
20.35,20.36,53.81,12.32,3.85,53.08,0.51,1006.3,none,0
18.87,26.17,70.62,6.68,2.7,26.07,1.19,1012.79,none,0
65.52,22.4,100.0,160.46,1.36,22.34,0.96,978.21,cyclone,3
12.93,30.48,46.26,15.79,2.96,28.23,0.09,1018.91,none,0
43.95,23.23,36.68,7.65,1.54,47.85,0.71,1006.15,none,0
3.3,28.95,58.48,6.5,3.53,51.63,0.16,1005.75,none,0
128.49,35.51,69.61,46.8,3.19,23.44,0.28,997.25,cyclone,2
18.43,32.09,75.67,15.41,1.95,36.93,5.46,1009.81,earthquake,1
12.81,27.74,61.03,15.88,4.43,29.61,1.18,1008.72,none,0
14.47,26.84,52.42,10.43,2.36,58.92,5.72,1037.93,earthquake,1
9.68,31.9,47.6,12.64,2.48,39.65,0.06,1019.63,none,0
32.81,26.15,70.31,20.27,3.93,35.46,0.31,1007.81,none,0
102.69,31.18,77.75,11.94,8.14,53.45,0.39,997.95,flood,2
1.71,30.47,43.2,21.02,3.44,38.6,0.22,1014.56,none,0
14.52,25.61,64.03,17.68,4.3,26.96,0.41,1021.06,none,0
14.04,28.15,20.77,8.99,4.2,16.58,7.44,1013.15,earthquake,2
57.73,32.02,92.29,129.63,3.58,36.52,0.64,988.3,cyclone,2
14.14,29.8,59.38,15.19,1.5,32.62,0.67,1008.38,none,0
4.37,27.3,77.88,10.34,0.4,37.4,0.81,1006.92,none,0
142.99,22.91,50.66,15.47,12.26,82.83,1.48,993.14,flood,3
16.28,26.18,45.88,2.35,2.36,30.26,0.23,1026.73,none,0
13.52,36.29,64.46,18.68,3.19,28.6,0.57,1005.78,none,0
17.72,23.94,93.25,9.3,4.26,23.82,0.02,1027.69,none,0
9.84,21.62,90.02,6.91,4.18,27.01,5.38,1018.39,earthquake,1
94.08,31.29,56.79,6.97,3.48,50.35,0.14,1004.58,flood,1
3.53,33.11,64.76,4.12,2.67,40.5,0.33,1020.91,none,0
1.97,33.54,42.28,27.21,1.74,32.5,0.11,1020.11,none,0
27.76,30.21,74.33,6.28,3.65,46.6,0.96,1012.76,none,0
35.32,36.1,87.67,3.32,3.02,30.16,0.06,1019.25,none,0
107.85,28.2,100.0,13.34,6.14,88.21,0.7,1011.27,flood,2
19.25,34.62,64.31,15.98,2.25,21.54,5.66,1013.83,earthquake,2
1.88,28.27,44.59,8.14,1.42,9.58,2.21,1028.89,none,0
12.64,16.63,49.15,12.37,2.56,41.46,5.89,1010.48,earthquake,2
32.12,24.65,66.2,124.59,3.6,25.73,0.3,975.82,cyclone,2
18.17,23.36,68.4,4.33,3.08,38.47,0.24,1027.11,none,0
13.74,24.59,34.1,3.36,3.3,60.39,4.21,1016.57,earthquake,1
153.91,23.62,61.21,102.26,1.78,28.56,0.02,969.66,cyclone,3
65.82,24.55,55.64,5.5,5.91,76.48,0.12,1013.66,flood,1
10.8,32.67,33.78,14.53,2.08,28.59,0.01,1011.75,none,0
0.61,30.61,66.73,14.19,3.37,27.97,8.22,1007.36,earthquake,2
112.33,25.95,91.48,9.34,17.28,36.06,0.17,1012.84,flood,2
111.72,30.48,63.25,86.07,4.02,36.0,0.01,971.88,cyclone,2
16.54,20.04,40.25,3.65,1.91,46.46,0.26,1007.94,none,0
108.81,30.28,70.19,4.05,7.1,91.01,0.63,1014.8,flood,2
118.92,31.89,86.79,1.91,7.43,88.12,0.0,1027.54,flood,2
16.43,29.68,47.19,7.2,2.01,22.18,0.08,1015.82,none,0
10.44,29.71,47.24,11.81,3.68,32.73,0.02,1009.73,none,0
7.75,26.68,52.34,5.08,2.7,32.79,0.65,1029.73,none,0
118.12,27.71,90.16,22.3,5.61,63.56,0.09,1005.93,flood,2
5.94,36.98,44.44,9.48,2.15,6.67,0.19,1007.77,drought,1
10.37,27.68,29.29,6.26,4.25,18.9,0.11,1013.6,none,0
1.61,21.97,81.51,8.08,1.96,34.93,0.25,1012.58,none,0
20.54,32.2,42.59,9.63,3.63,27.6,8.03,1022.74,earthquake,2
60.52,28.41,81.81,110.57,1.87,33.4,1.08,988.5,cyclone,2
109.15,34.93,66.25,159.22,2.76,22.6,0.71,973.27,cyclone,3
14.41,26.5,75.56,3.97,4.46,40.82,0.03,1015.0,none,0
10.16,30.28,42.03,22.01,2.32,28.6,5.05,1020.0,earthquake,1
111.87,34.12,80.81,67.63,4.91,28.63,0.12,976.17,cyclone,3
9.58,33.45,61.1,25.07,3.98,11.87,0.07,1015.33,none,0
16.02,31.33,74.89,4.0,2.52,43.79,0.36,1020.54,none,0
16.31,29.83,55.5,1.09,3.55,44.32,0.41,1012.85,none,0
24.04,24.05,82.13,18.81,2.98,59.13,0.13,995.98,none,0
13.21,36.5,53.33,13.43,3.16,29.55,0.09,1012.0,drought,0
16.9,21.02,76.6,12.87,3.98,24.93,0.12,1017.78,none,0
0.0,29.44,32.6,12.84,1.87,12.29,0.48,1029.03,drought,0
21.47,26.47,51.78,18.15,3.76,35.49,7.84,1003.95,earthquake,2
27.66,27.36,75.09,11.0,2.27,53.58,5.76,1014.86,earthquake,2
53.63,31.84,32.71,6.27,3.91,40.81,0.49,1006.29,none,0
12.06,34.5,61.48,13.9,2.28,31.04,0.26,1021.98,none,0
3.06,32.23,55.43,5.88,3.06,38.37,5.81,1020.91,earthquake,1
17.12,25.13,67.46,2.55,3.09,29.95,0.07,1018.92,none,0
28.94,12.58,81.39,10.12,2.11,50.16,8.59,1011.92,earthquake,2
9.69,31.0,83.23,9.44,2.64,29.71,1.29,1013.34,none,0
128.01,26.37,89.04,2.28,4.04,69.77,1.89,1014.04,flood,2
70.07,19.26,82.79,29.1,4.29,63.04,8.45,1021.47,earthquake,3
96.13,31.6,73.91,59.11,3.28,44.99,0.14,974.02,cyclone,2
195.72,21.47,82.27,23.46,9.27,54.37,0.13,991.22,flood,3
4.92,27.76,94.19,17.39,1.99,50.35,0.63,1000.95,none,0
11.45,21.35,45.83,2.22,3.16,16.74,0.17,992.84,none,0
31.42,17.77,44.58,31.98,4.04,38.42,0.81,1022.59,none,0
70.25,26.53,79.9,0.49,4.74,73.51,0.64,1014.75,flood,1
28.1,28.2,30.98,13.23,2.88,27.96,0.2,1012.52,none,0
0.0,40.66,21.23,17.36,2.52,7.22,0.94,1012.05,drought,1
2.38,34.37,18.23,18.23,1.2,30.53,0.44,1011.22,drought,0
12.62,29.94,68.57,3.34,4.25,32.8,0.03,1006.99,drought,0
77.14,26.64,73.54,94.68,3.27,54.78,0.65,995.22,cyclone,2
8.33,31.95,40.69,2.79,3.55,40.24,5.52,1015.35,earthquake,1
15.82,32.83,82.93,7.15,3.67,32.74,0.12,1014.03,none,0
83.82,30.56,100.0,1.45,6.44,94.09,0.95,1007.88,flood,2
20.68,23.57,60.94,9.12,4.49,39.95,0.26,1011.35,none,0
22.39,26.09,68.21,13.07,4.31,21.87,5.6,1012.94,earthquake,2
28.28,32.27,51.14,9.01,3.98,31.01,0.03,1025.06,none,0
142.07,26.46,78.23,3.62,4.44,82.23,0.04,1006.31,flood,1
8.13,26.39,61.74,14.78,2.95,54.21,1.34,999.57,none,0
100.28,30.6,100.0,8.63,6.1,85.25,0.15,1009.11,flood,2
6.51,27.17,62.45,11.83,3.61,39.46,0.4,1002.3,none,0
29.55,20.52,74.9,2.23,2.61,9.95,0.57,1008.7,none,0
12.66,32.22,45.76,15.19,3.59,41.66,0.62,1029.69,none,0
1.2,30.98,58.54,20.99,3.53,47.38,1.08,1019.99,none,0
5.17,27.8,73.05,2.25,3.53,24.66,0.26,1016.28,none,0
2.14,22.1,31.58,9.02,3.25,15.59,0.09,1012.9,drought,0
16.26,22.32,40.9,10.42,3.27,18.25,0.13,1019.9,none,0
29.56,22.31,62.97,3.71,2.52,23.12,1.72,1022.96,none,0
34.09,16.79,58.12,0.97,2.94,52.85,0.2,1016.76,none,0
23.23,31.36,68.14,13.15,2.69,22.52,0.21,1016.57,none,0
10.8,26.91,62.64,0.5,2.3,31.86,0.44,1009.02,none,0
175.62,36.72,64.01,15.65,11.52,70.73,0.85,1013.83,flood,2
90.72,30.6,88.44,10.91,6.18,83.82,0.16,1010.09,flood,2
2.95,30.15,69.93,5.93,4.27,23.89,0.38,1021.51,none,0
56.18,29.86,76.32,13.17,5.07,39.69,0.15,1019.44,flood,1
29.45,23.23,46.94,13.82,1.07,43.21,0.16,1005.81,none,0
127.75,26.88,61.81,98.96,3.1,59.06,0.3,959.71,cyclone,3
5.49,26.1,69.35,2.86,2.66,48.61,7.87,999.94,earthquake,2
201.61,25.35,79.88,2.08,6.45,58.42,0.3,1015.0,flood,2
113.21,31.59,89.96,66.84,3.74,42.14,0.13,986.73,cyclone,2
115.29,28.64,87.92,23.75,17.26,65.54,0.32,1006.09,flood,2
20.69,18.91,78.12,42.77,2.37,40.74,0.2,977.87,cyclone,1
22.41,20.09,80.22,10.1,4.04,31.77,0.21,1008.37,none,0
30.56,25.69,51.93,26.92,2.9,32.74,0.26,1036.87,none,0
5.73,28.5,25.17,5.77,1.4,41.37,0.91,1007.87,none,0
128.66,28.66,63.88,21.18,4.08,44.27,0.35,1009.75,flood,2
1.91,25.9,60.79,3.14,3.21,35.27,6.41,1019.31,earthquake,1
198.98,27.24,75.87,6.96,6.81,83.0,0.41,1004.27,flood,2
2.15,19.66,94.95,6.29,2.44,14.07,0.36,1025.95,none,0
19.43,33.47,60.2,14.83,3.78,46.78,0.11,1009.82,none,0
44.26,18.58,82.48,60.96,3.07,33.44,0.59,998.16,cyclone,2
25.34,31.05,65.88,23.66,4.13,56.46,0.08,1009.94,flood,1
9.72,26.85,34.48,3.58,3.56,41.91,0.08,1013.31,none,0
5.81,31.61,62.01,4.25,4.31,33.56,0.59,1005.03,none,0
127.7,20.87,99.22,7.93,9.01,57.01,0.11,1003.3,flood,3
4.14,28.03,32.43,2.58,2.51,33.22,0.07,1021.04,none,0
11.35,25.58,45.82,10.45,2.04,19.52,0.07,1006.99,none,0
13.89,25.3,59.19,14.44,2.77,34.78,0.19,1009.3,none,0
2.46,22.5,75.12,22.58,3.95,30.09,0.11,1015.75,none,0
2.1,35.03,59.11,23.25,3.86,32.7,0.36,1013.9,none,0
9.44,25.93,47.98,6.23,1.84,21.54,0.12,1013.33,none,0
0.82,24.78,64.32,10.56,2.41,48.99,0.9,1001.16,none,0
10.44,23.64,76.48,10.85,3.22,31.81,8.7,1018.99,earthquake,2
0.76,32.3,64.63,6.4,5.17,23.7,1.33,1026.75,none,0
13.93,31.24,73.71,4.9,4.95,42.83,1.32,1014.58,none,0
37.43,27.54,67.12,18.96,2.16,38.18,0.09,984.34,cyclone,1
121.6,18.16,100.0,21.86,8.25,54.45,0.13,1015.94,flood,2
23.87,27.52,68.41,10.22,3.2,30.81,4.08,992.3,earthquake,1
1.95,29.01,57.93,5.44,1.68,36.2,0.39,1019.13,none,0
10.44,27.75,60.62,9.55,3.23,20.87,4.77,1012.88,earthquake,2
12.34,23.43,95.6,39.4,5.1,24.42,5.71,1035.7,earthquake,2
94.94,22.87,92.8,4.65,4.16,62.31,0.1,1013.13,flood,1
0.0,29.21,0.0,9.39,1.28,6.29,0.97,1016.14,drought,0
32.67,37.87,53.13,8.49,4.77,58.17,0.43,1012.29,none,0
21.49,31.69,69.98,5.54,1.82,48.74,0.4,1003.25,none,0
1.15,17.22,47.59,13.77,2.22,18.88,0.65,1024.85,none,0
6.99,26.9,71.06,1.74,4.52,30.4,0.28,1021.5,none,0
1.82,20.45,33.89,10.76,3.56,40.61,0.1,1005.48,none,0
3.17,25.58,57.84,12.71,3.26,29.0,0.33,1021.75,none,0
15.53,31.1,57.58,11.19,1.57,27.32,0.14,1028.62,none,0
8.35,34.75,48.09,1.84,2.99,60.59,0.01,1025.69,none,0
118.16,29.89,100.0,95.65,3.5,60.36,0.04,976.92,cyclone,3
27.0,27.46,59.7,12.68,1.35,29.38,0.81,1008.64,none,0
2.71,28.34,70.72,10.17,2.29,54.64,8.72,996.3,earthquake,2
74.83,25.03,100.0,11.81,11.37,65.26,0.35,1027.21,flood,2
14.86,30.96,36.45,6.76,1.83,40.97,1.65,994.92,none,0
0.0,36.19,26.99,7.19,1.62,23.94,1.15,1010.12,drought,0
64.18,27.5,44.28,48.43,3.05,34.01,0.25,986.64,cyclone,2
14.83,32.82,47.59,8.28,1.75,18.67,0.22,1009.47,drought,0
2.17,35.04,66.44,25.95,3.84,39.52,1.36,1001.34,none,0
20.62,27.22,65.63,3.22,3.07,32.03,7.91,1016.86,earthquake,2
11.85,22.35,48.95,11.0,2.86,29.52,0.79,1005.84,none,0
7.18,23.62,27.8,4.01,1.44,21.69,0.16,1018.44,none,0
105.84,30.22,61.8,5.65,5.81,67.69,0.09,1010.17,flood,2
1.8,21.46,62.51,1.02,4.36,16.79,0.01,1014.11,drought,1
7.08,31.5,45.42,38.44,3.33,54.65,0.21,1001.66,none,0
0.0,30.65,50.62,29.18,1.18,8.99,0.2,1001.77,drought,1
29.86,27.21,20.09,2.28,3.4,17.97,0.31,1024.12,none,0
21.49,27.02,56.85,18.23,1.53,33.77,0.07,1000.54,none,0
87.08,27.23,79.69,10.53,11.53,40.47,0.01,1010.55,flood,2
107.22,22.92,61.4,57.69,4.52,31.56,0.12,982.59,cyclone,2
12.18,21.14,62.44,11.61,4.9,17.29,0.11,1014.65,none,0
130.66,26.62,100.0,3.58,6.99,72.35,0.28,1016.87,flood,2
9.27,22.7,62.66,20.65,4.57,9.11,7.8,1024.32,earthquake,3
19.76,28.33,68.29,20.03,2.52,18.94,7.33,1021.58,earthquake,2
36.74,24.51,84.65,14.78,7.66,65.73,0.05,1013.97,flood,1
9.06,15.35,61.38,13.74,4.43,29.14,0.2,1009.73,none,0
8.3,33.94,77.08,16.53,2.91,59.94,0.21,1016.08,none,0
7.45,13.18,59.11,18.61,2.6,44.16,8.05,1006.81,earthquake,2
7.31,19.44,29.03,13.29,2.72,36.01,0.42,999.25,none,0
94.57,22.77,83.87,20.49,5.1,64.46,0.43,1008.98,flood,2
5.18,29.13,61.27,12.5,3.24,40.73,1.55,1003.76,none,0
2.14,30.17,75.33,3.78,4.42,50.51,0.56,1006.32,none,0
85.31,40.24,89.54,11.03,5.86,81.77,0.03,996.39,flood,1
111.29,21.9,83.93,145.87,2.11,37.81,0.09,976.93,cyclone,3
163.52,22.13,92.6,46.52,8.36,47.68,0.31,997.6,flood,3
6.05,30.36,61.31,7.68,1.65,0.0,0.11,1028.45,drought,1
57.66,25.05,52.26,7.54,11.49,62.53,0.04,1005.56,flood,2
35.93,21.27,57.44,6.63,3.34,30.44,0.49,1014.3,none,0
7.78,31.3,26.68,2.29,1.13,12.5,0.3,1007.14,drought,0
18.36,19.42,68.15,3.86,2.97,40.79,0.49,1013.63,none,0
18.53,24.53,53.2,10.74,3.7,43.95,0.62,1010.24,none,0
0.22,18.95,66.31,18.75,3.67,33.73,0.55,1020.96,none,0
4.58,37.02,74.93,14.03,3.36,29.79,1.37,1024.08,none,0
11.14,32.5,27.31,13.62,2.79,41.63,0.28,1024.16,none,0
122.67,26.02,89.44,3.97,8.42,90.25,0.24,1010.09,flood,2
30.39,24.06,76.94,9.81,2.37,41.72,0.62,999.9,none,0
23.12,27.13,69.18,91.71,3.94,38.49,0.05,986.23,cyclone,2
9.41,35.68,50.04,32.63,3.26,14.36,0.5,1013.6,none,0
8.93,28.99,66.47,4.34,1.99,39.72,5.35,1005.01,earthquake,1
153.23,32.62,87.93,58.17,3.68,63.13,1.37,988.7,cyclone,3
15.5,21.26,96.21,10.13,2.3,21.72,0.32,1010.43,none,0
0.0,35.3,48.71,5.43,4.92,0.0,0.39,1021.24,drought,1
12.09,26.44,73.12,5.28,3.42,46.39,1.14,1005.47,none,0
9.45,27.39,76.46,19.23,3.25,65.11,5.61,1016.76,earthquake,1
25.86,19.68,78.94,1.6,1.57,29.99,1.32,1003.35,none,0
6.06,40.42,66.88,4.3,2.35,16.99,0.02,1004.33,drought,0
142.4,20.52,50.08,7.82,11.05,49.8,0.19,1008.71,flood,2
10.68,37.24,40.05,6.79,2.8,28.06,0.51,1024.14,none,0
14.64,21.8,83.28,14.97,3.58,41.69,3.7,1002.72,earthquake,1
10.62,28.2,71.63,15.48,2.11,47.99,0.29,1023.03,none,0
23.28,22.9,37.82,26.78,2.15,15.83,5.35,1013.0,earthquake,2
32.99,22.32,62.89,11.02,3.47,52.89,0.31,1014.87,none,0
22.95,23.36,71.95,3.05,2.16,55.37,0.08,1001.93,none,0
57.22,19.34,88.43,61.94,3.34,50.1,2.2,994.38,cyclone,2
55.07,22.22,81.55,21.47,8.94,81.14,0.25,1020.96,flood,2
2.15,27.66,61.83,7.1,1.03,10.95,0.11,996.91,none,0
197.07,26.12,80.75,6.64,5.12,86.75,2.08,1007.26,flood,2
13.8,27.17,55.41,9.58,3.67,21.65,0.42,1011.19,none,0
12.37,26.4,77.07,3.51,1.28,37.05,6.18,1012.59,earthquake,1
189.79,23.96,58.7,13.33,3.84,46.15,0.09,1003.04,flood,2
35.0,30.26,59.65,16.51,9.4,72.22,0.1,1004.01,flood,2
140.12,25.52,59.41,14.47,9.11,35.67,0.01,1003.97,flood,2
112.45,21.95,97.13,4.46,5.37,30.42,0.04,1013.19,flood,1
29.67,22.64,59.2,19.83,1.37,26.51,0.05,1003.9,none,0
34.79,22.48,56.5,11.04,3.35,14.69,0.06,997.6,none,0
2.56,26.61,59.9,17.69,3.66,31.67,7.84,1001.72,earthquake,2
93.95,25.73,50.27,11.4,9.54,55.27,0.15,997.33,flood,2
10.64,32.38,83.95,25.46,5.38,26.62,0.32,1001.88,none,0
65.95,25.37,67.16,72.85,4.63,48.81,0.24,973.67,cyclone,2
20.93,32.61,46.99,3.22,2.47,37.82,7.61,1011.74,earthquake,2
15.35,29.59,30.24,26.7,2.48,39.12,0.13,1013.93,none,0
2.66,24.45,32.73,21.23,4.01,43.72,0.53,1022.33,none,0
106.22,28.85,69.63,13.7,6.03,71.64,0.15,1003.27,flood,2
32.7,31.68,56.7,24.51,2.36,7.3,0.01,1009.67,none,0
4.91,25.89,55.11,2.8,2.06,40.68,4.16,1014.92,earthquake,1
29.09,32.35,44.6,12.27,2.91,21.16,0.05,1018.65,none,0
47.96,22.05,89.53,1.66,8.94,63.26,0.37,1011.94,flood,1
32.98,28.68,83.72,52.12,1.33,39.6,0.24,971.39,cyclone,1
73.07,24.47,83.38,23.62,11.08,71.08,0.31,1002.62,flood,2
0.0,41.48,44.51,3.14,2.57,0.0,0.2,1018.73,drought,1
101.3,26.86,91.07,140.64,3.73,23.36,0.15,991.81,cyclone,3
189.57,28.51,61.77,15.07,4.82,81.65,0.22,994.91,flood,2
170.78,21.62,81.35,2.58,7.63,69.16,0.7,1014.8,flood,2
14.75,27.54,26.01,3.2,6.16,25.96,7.08,1013.4,earthquake,2
2.82,34.57,44.74,17.19,2.8,21.04,0.12,1017.53,none,0
1.65,45.84,16.61,12.89,2.79,6.22,0.79,1013.73,drought,1
9.98,24.1,42.84,9.84,3.34,47.35,0.22,1021.17,none,0
74.73,34.09,45.91,72.0,3.88,43.68,0.04,959.93,cyclone,2
9.71,28.36,73.94,14.41,3.2,12.27,0.88,1024.79,none,0
4.84,17.32,67.19,10.39,4.06,45.85,1.11,1025.46,none,0
4.42,23.78,31.85,5.94,1.86,18.7,0.17,1003.11,drought,1
4.72,16.97,67.91,37.24,2.68,26.56,0.61,1012.66,none,0
122.56,21.69,73.68,11.16,7.9,79.18,0.12,1020.46,flood,2
5.26,30.06,54.52,12.09,4.28,40.88,0.17,998.94,none,0
4.62,24.82,36.45,10.52,3.4,40.92,0.06,1016.67,none,0
0.62,38.96,24.96,8.03,1.08,1.82,0.11,1013.27,drought,1
12.08,30.36,50.88,4.38,4.04,16.16,0.0,1009.94,drought,1
23.42,33.98,60.35,2.92,1.38,15.47,4.5,1014.87,earthquake,1
30.67,31.93,52.78,3.87,3.14,29.7,0.05,1017.74,none,0
8.35,27.41,53.14,19.67,2.23,35.08,0.38,1006.78,none,0
14.6,32.19,62.03,4.0,1.87,38.55,0.4,1013.58,none,0
0.68,29.91,47.96,19.53,3.56,39.44,1.14,1005.35,none,0
12.08,27.69,60.65,14.22,2.23,31.95,0.09,1016.04,none,0
11.82,29.5,6.86,3.17,1.94,0.0,0.41,1015.7,drought,1
0.0,35.94,30.9,15.31,4.76,27.91,0.61,1002.02,drought,1
110.6,25.73,95.43,121.79,1.69,41.69,0.11,999.43,cyclone,2
22.01,27.91,67.67,6.24,3.04,30.55,0.6,1003.01,none,0
4.83,25.39,39.23,8.89,2.13,27.68,1.21,1024.32,none,0
2.91,28.26,73.76,13.74,3.27,42.24,0.24,1015.08,none,0
215.32,28.61,94.79,27.65,8.41,77.7,0.1,1008.11,flood,3
17.29,27.4,52.06,19.14,4.49,52.28,6.27,1024.52,earthquake,2
107.24,25.32,80.94,6.07,4.56,81.27,0.09,996.56,flood,2
105.86,30.49,73.14,164.11,2.57,35.25,0.07,982.26,cyclone,3
83.44,32.79,69.39,14.98,8.52,68.34,0.34,1004.07,flood,2
0.0,39.96,39.66,4.19,2.89,13.04,0.93,993.33,drought,1
30.33,18.87,84.63,8.62,3.09,52.69,0.07,1010.13,none,0
11.36,28.84,54.1,30.76,3.29,57.25,0.17,1010.68,none,0
34.72,19.97,59.89,4.8,2.83,29.83,0.18,1011.42,none,0
0.0,36.74,62.95,10.39,2.7,12.17,0.09,1027.02,drought,1
145.28,18.77,75.07,16.87,8.5,67.26,1.43,1004.1,flood,3
9.96,32.48,42.72,22.69,3.78,44.76,0.03,1013.27,none,0
14.47,26.11,28.83,6.76,2.65,22.74,4.72,1001.03,earthquake,2
13.85,26.21,65.97,11.55,2.49,35.16,0.96,1014.28,none,0
89.89,21.97,100.0,32.25,1.84,56.84,0.23,961.92,cyclone,2
107.64,26.92,67.42,0.81,6.75,71.06,0.05,1007.55,flood,2
25.73,27.84,47.4,25.59,2.02,27.08,0.35,1017.21,none,0
21.78,28.29,80.67,7.59,2.84,33.51,4.21,1009.18,earthquake,1
1.78,34.68,0.0,5.36,2.31,2.34,1.9,1017.88,drought,1
174.16,24.64,62.45,7.23,6.55,56.78,0.32,1001.08,flood,2
24.98,23.63,43.71,25.47,2.69,38.29,1.16,1009.85,none,0
38.48,29.02,50.54,5.94,2.09,39.0,0.24,1017.91,none,0
2.52,27.38,67.71,9.66,2.05,42.48,4.66,1016.4,earthquake,1
54.35,30.66,79.84,134.16,1.52,42.88,1.81,972.48,cyclone,2
21.94,19.18,66.73,16.34,4.66,24.94,6.66,1014.11,earthquake,2
12.3,24.29,55.79,10.66,2.72,37.52,0.52,1022.92,none,0
3.4,30.63,53.3,15.66,2.53,10.72,0.05,1007.42,drought,1
5.21,31.87,55.3,5.09,5.42,29.04,4.59,1018.21,earthquake,2
37.38,27.7,44.59,19.66,4.29,30.43,0.35,1018.94,none,0
15.15,30.31,56.49,4.67,0.93,19.06,0.79,993.83,none,0
15.92,33.34,71.97,1.68,4.47,38.58,0.42,1002.31,none,0
50.3,31.73,100.0,149.66,3.11,21.6,0.14,967.86,cyclone,3
15.12,27.62,64.98,16.14,3.34,20.88,0.6,1009.27,none,0
82.06,25.44,100.0,101.16,3.2,38.03,0.45,985.73,cyclone,3
0.0,33.25,23.45,7.02,3.52,0.0,0.66,1011.46,drought,1
105.98,26.48,74.14,52.05,1.49,45.28,0.7,1003.1,cyclone,2
7.99,21.5,77.84,1.73,3.91,56.23,0.43,1011.87,none,0
3.87,39.86,51.09,5.06,3.63,19.03,0.1,1018.2,drought,0
38.29,18.83,75.98,27.69,2.39,47.42,0.31,1004.53,none,0
113.15,32.06,97.92,82.21,1.95,31.54,0.15,980.35,cyclone,2
2.01,26.21,29.56,10.09,1.25,19.79,0.0,1014.31,drought,0
18.2,30.26,54.39,7.49,8.8,54.47,0.17,1010.5,flood,1
3.14,24.76,58.44,5.77,3.65,24.09,0.33,1006.39,none,0
157.55,24.74,77.31,72.57,3.52,49.41,0.54,985.05,cyclone,2
18.09,32.89,48.43,7.47,1.76,41.88,0.22,1024.18,none,0
6.48,20.6,78.91,34.98,0.97,30.03,0.18,1010.09,none,0
2.79,30.93,47.74,10.24,1.61,13.42,0.24,1011.99,drought,1
29.56,19.58,44.55,4.69,0.95,44.45,0.4,1003.13,none,0
149.52,17.11,64.33,23.08,6.86,60.33,1.17,998.06,flood,3
10.73,22.4,64.84,3.82,1.81,24.79,0.6,1006.62,none,0
25.76,32.84,43.95,15.34,3.35,41.24,0.01,1016.53,none,0
25.2,16.99,62.65,84.39,3.12,39.0,0.01,976.67,cyclone,2
35.89,21.53,86.24,4.83,3.29,22.29,0.63,1027.2,none,0
10.02,37.81,39.28,8.46,2.34,11.75,0.34,1018.78,drought,1
8.24,27.06,72.46,10.8,3.45,46.23,0.65,1000.04,none,0
96.89,25.65,91.03,69.92,2.62,46.7,0.22,981.83,cyclone,2
12.54,29.46,73.74,4.6,2.59,35.28,0.24,1010.7,none,0
34.6,33.21,79.48,38.69,2.5,4.03,0.26,965.82,cyclone,2
12.64,27.91,71.24,14.63,2.18,35.64,0.61,999.02,none,0
20.67,26.75,79.69,8.82,3.15,46.0,0.06,1010.58,none,0
11.83,26.86,63.32,16.67,4.53,37.52,7.37,1008.38,earthquake,2
30.07,20.13,52.48,15.03,2.04,41.65,0.11,1024.45,none,0
156.9,32.05,78.26,4.17,4.68,81.04,1.21,1002.09,flood,2
56.72,33.46,100.0,51.86,1.31,38.65,0.28,973.97,cyclone,1
178.33,28.98,47.41,7.7,5.95,82.51,0.47,1000.42,flood,2
33.95,29.22,38.05,13.92,1.97,25.27,0.16,1012.88,none,0
29.96,35.77,82.33,128.47,2.74,52.26,0.24,976.42,cyclone,2
16.86,32.04,61.5,8.85,3.1,17.05,1.96,1018.21,none,0
51.09,22.09,97.86,49.5,1.97,36.35,0.16,974.19,cyclone,1
14.83,30.14,83.26,23.61,2.09,47.55,1.45,1003.87,none,0
11.77,30.89,55.41,11.09,2.28,15.96,0.49,1010.4,none,0
181.69,22.69,87.76,14.62,5.48,76.66,0.91,1016.62,flood,2
126.95,22.72,64.58,64.51,2.1,19.64,0.19,977.51,cyclone,2
93.65,27.15,85.57,43.01,10.16,78.4,0.16,1005.26,flood,2
16.06,30.03,33.68,15.89,4.06,8.29,0.31,1006.55,drought,1
23.72,32.4,25.48,12.93,4.15,26.27,0.24,1014.29,drought,1
30.37,20.19,56.94,5.39,3.93,26.6,0.01,1008.09,none,0
14.43,25.45,61.0,5.64,2.53,44.48,5.72,1013.45,earthquake,1
62.14,35.46,62.22,11.62,20.63,80.85,0.16,1008.69,flood,2
23.58,28.95,26.71,5.46,4.33,11.81,0.24,1013.88,drought,1
12.58,23.25,39.51,8.75,3.17,42.56,0.05,1019.12,none,0
4.24,35.27,74.84,2.26,4.8,25.17,1.04,1008.52,none,0
18.48,32.61,37.01,16.65,3.29,36.65,0.25,1014.11,drought,0
20.29,23.82,53.02,12.16,4.05,53.78,0.07,1017.45,none,0
2.51,24.16,56.35,3.16,3.44,22.8,0.21,1024.21,none,0
103.78,22.05,60.61,75.23,3.17,33.71,0.13,974.94,cyclone,2
13.43,28.01,51.4,17.65,3.66,29.57,0.15,1018.69,none,0
199.18,20.15,61.12,8.69,9.2,43.7,0.27,1002.82,flood,3
83.97,32.87,69.34,0.93,10.9,52.48,0.23,994.26,flood,2
14.2,18.47,50.9,31.95,2.71,31.82,0.17,1015.78,none,0
34.44,18.99,72.31,130.36,3.25,29.47,0.95,971.15,cyclone,3
8.95,24.7,60.7,19.15,3.85,33.91,0.61,1001.83,none,0
5.07,34.66,69.45,5.55,2.54,35.33,6.98,1019.08,earthquake,2
28.41,37.47,57.94,7.23,3.92,23.47,0.45,1015.18,drought,1
28.25,28.33,47.23,6.32,3.32,25.29,0.31,1000.03,none,0
38.43,18.68,56.34,29.26,5.0,35.06,0.15,1015.26,none,0
12.17,26.9,12.96,6.92,4.79,0.0,0.04,1027.62,drought,1
62.92,25.23,100.0,22.03,4.81,80.06,0.52,1012.81,flood,1
3.43,21.3,50.04,19.16,3.14,34.13,1.51,1024.47,none,0
10.66,33.81,52.57,7.19,0.84,43.7,0.3,1019.87,none,0
15.14,30.02,70.33,38.02,3.31,32.34,0.06,1015.7,none,0
54.87,30.39,61.41,2.74,3.79,49.89,0.26,1025.49,none,0
11.52,33.68,79.68,2.74,1.5,35.84,0.02,1029.45,none,0
74.63,34.43,69.04,8.26,3.96,75.06,0.29,1009.66,flood,1
154.22,29.48,73.29,12.17,6.6,68.68,0.18,1022.05,flood,2
4.28,27.63,53.73,4.89,3.94,12.39,0.03,1004.73,none,0
13.39,25.09,62.95,9.37,2.56,37.55,0.2,1015.34,none,0
16.87,32.31,77.15,11.7,2.2,45.56,0.15,1003.86,none,0
104.91,24.27,81.9,106.1,2.09,24.05,0.12,992.51,cyclone,2
51.52,30.63,58.64,89.77,3.78,48.97,0.61,971.3,cyclone,2
11.46,23.46,38.31,3.58,2.44,50.87,0.66,1005.65,none,0
62.73,26.1,75.33,113.34,5.27,35.98,0.44,962.27,cyclone,3
25.34,25.09,78.69,3.8,2.4,13.58,9.37,1011.09,earthquake,2
80.9,30.73,80.18,84.18,4.08,24.37,0.22,984.5,cyclone,2
62.9,30.21,98.28,84.04,2.24,50.6,0.23,967.99,cyclone,2
16.93,24.14,59.28,27.9,1.79,49.53,0.58,1013.85,none,0
9.86,33.55,60.63,15.6,2.41,33.99,8.01,1014.6,earthquake,2
48.95,28.63,42.28,13.88,13.46,79.75,0.07,1007.63,flood,1
3.14,25.1,78.84,16.08,2.89,32.5,1.08,1004.92,none,0
58.03,33.12,53.65,9.32,3.55,33.69,0.52,1024.15,none,0
156.96,20.72,81.37,98.85,2.73,30.54,0.29,970.93,cyclone,3
109.98,27.11,96.06,17.41,5.9,62.06,0.19,1011.92,flood,2
185.21,27.86,49.04,3.23,5.29,77.91,0.38,997.7,flood,2
20.68,30.94,71.47,5.71,0.75,36.63,0.12,1011.38,none,0
2.99,15.6,48.65,11.99,2.76,28.96,0.14,1012.34,none,0
7.55,35.09,39.13,25.26,0.52,21.41,0.04,1008.87,none,0
12.97,34.51,78.11,8.69,1.42,42.38,0.17,1018.94,none,0
7.68,25.35,58.49,8.32,4.11,32.8,6.08,1009.42,earthquake,1
31.45,24.28,56.19,8.62,2.4,21.89,6.31,1012.83,earthquake,2
2.19,23.66,98.12,41.98,2.24,25.03,0.34,1003.11,none,0
10.89,22.38,56.74,4.7,3.18,25.34,1.91,1013.12,none,0
14.73,27.24,48.99,12.32,2.17,54.25,0.62,1020.42,none,0
79.46,23.74,96.34,152.61,2.32,39.86,0.68,1000.57,cyclone,2
34.74,19.33,33.31,5.09,4.18,13.93,0.36,1024.69,none,0
14.93,33.07,70.35,11.93,2.99,25.19,8.01,1007.19,earthquake,2
52.09,33.39,80.46,8.26,5.31,75.35,0.27,1003.46,flood,1
146.39,17.7,74.28,2.69,7.44,82.04,0.62,1007.61,flood,2
68.08,26.24,60.58,142.43,4.36,25.77,0.45,969.31,cyclone,3
22.77,25.33,67.63,15.25,3.76,40.45,0.03,1012.01,none,0
186.16,29.05,85.21,12.47,5.58,66.7,0.45,986.67,flood,3
7.66,32.71,33.83,10.04,3.62,14.11,0.07,1006.54,drought,1
4.63,18.01,62.13,17.62,3.42,37.1,0.65,1017.89,none,0
186.77,25.91,77.75,1.26,8.32,69.58,0.2,1009.26,flood,2
64.29,22.62,88.19,73.19,3.12,23.12,0.87,985.4,cyclone,2
10.81,31.57,13.3,36.42,4.25,0.0,0.03,1010.95,drought,1
166.94,40.83,76.52,109.78,1.27,23.81,0.64,978.49,cyclone,3
87.07,27.81,50.76,68.95,3.63,2.58,0.08,993.33,cyclone,2
47.42,24.65,68.24,56.0,3.78,42.11,0.28,977.68,cyclone,2
36.35,27.58,38.33,7.37,2.86,11.85,7.73,1014.77,earthquake,3
11.01,22.08,83.09,25.68,6.39,47.93,0.45,1012.89,none,0
5.41,24.69,41.23,19.86,2.92,55.87,0.25,1006.66,none,0
16.63,45.09,35.79,5.97,4.95,32.27,5.1,1009.7,earthquake,2
30.36,31.76,48.69,11.78,1.34,46.0,6.08,1007.06,earthquake,2
2.41,36.38,92.78,14.18,2.94,32.37,9.66,1019.62,earthquake,2
123.62,20.62,64.29,9.83,5.66,48.69,0.06,1020.81,flood,1
14.15,28.25,77.09,13.58,3.09,22.03,0.48,1019.64,none,0
3.83,23.79,45.68,10.6,2.99,27.93,0.33,1000.59,none,0
66.16,21.3,57.6,192.91,3.42,19.79,0.09,989.46,cyclone,3
18.56,26.75,35.76,3.87,3.27,38.44,7.65,1010.57,earthquake,2
12.56,28.23,59.76,7.62,1.22,40.66,0.37,1014.61,none,0
193.43,36.41,68.42,9.12,5.47,51.38,0.08,1005.11,flood,2
30.37,33.78,67.96,15.22,2.87,22.97,0.0,1017.47,none,0
8.48,27.19,63.94,7.17,3.87,46.74,0.1,999.74,none,0
93.78,35.18,72.84,120.07,4.05,33.46,0.76,974.38,cyclone,3
45.44,18.41,54.64,4.56,3.31,36.8,8.07,1006.65,earthquake,2
2.19,40.56,38.84,11.3,2.59,19.27,0.02,1016.31,drought,0
0.0,31.34,43.25,8.6,3.12,15.52,0.21,999.57,drought,1
14.61,24.36,48.28,13.86,2.92,58.97,0.27,1016.92,none,0
0.0,35.39,42.49,18.72,1.5,14.46,0.06,1011.57,drought,0
106.46,33.51,82.55,43.84,3.4,60.72,0.36,1007.12,cyclone,2
7.48,25.4,60.44,7.79,2.39,29.27,1.28,1014.26,none,0
69.6,26.45,100.0,15.58,9.71,61.49,0.16,1006.68,flood,2
4.14,23.87,63.42,8.86,2.78,29.28,0.1,1023.02,none,0
12.55,23.77,42.07,6.61,3.6,44.91,7.61,1007.01,earthquake,2
15.44,28.93,66.67,3.07,2.96,44.28,0.32,1030.75,none,0
2.39,23.01,51.98,5.35,2.51,28.93,0.41,1008.14,none,0
12.03,29.71,87.52,30.28,3.35,21.72,0.11,1018.49,none,0
256.41,25.09,98.18,1.94,9.83,44.01,0.09,998.94,flood,3
7.33,28.73,44.89,19.02,3.58,34.31,0.37,1013.23,none,0
14.58,33.22,68.62,2.86,3.1,38.44,0.17,1013.32,none,0
7.81,21.68,69.09,22.19,3.53,47.47,0.11,1013.17,none,0
11.05,24.44,64.88,21.04,2.36,21.86,0.09,1024.11,none,0
53.4,37.29,40.73,6.35,3.26,13.62,0.26,1014.09,drought,1
60.89,24.5,82.44,6.74,5.46,61.91,1.0,1018.99,flood,1
37.12,41.82,57.82,6.05,2.12,18.07,0.31,1013.67,none,0
45.43,15.02,60.05,13.05,3.79,31.55,7.53,1012.91,earthquake,2
9.9,39.0,28.06,4.67,2.75,11.32,0.01,1006.37,drought,1
19.53,27.6,47.71,5.94,2.69,42.68,1.19,1016.46,none,0
20.19,22.91,56.8,3.71,3.93,33.89,0.22,1011.19,none,0
18.5,24.53,60.99,18.14,4.37,30.65,0.43,1027.96,none,0
13.25,27.63,61.48,38.48,3.36,35.63,8.72,1003.4,earthquake,2
239.8,25.74,100.0,44.26,5.61,46.1,0.8,1013.21,flood,2
10.56,27.21,21.64,3.97,3.23,27.69,0.16,1007.67,none,0
14.98,29.74,51.0,4.81,4.92,48.83,6.94,1004.69,earthquake,2
46.94,28.74,66.84,106.96,2.96,27.71,0.19,981.13,cyclone,2
60.98,31.04,80.18,92.91,2.31,45.74,0.08,993.98,cyclone,1
111.39,26.11,100.0,3.68,4.63,66.51,0.12,1012.38,flood,1
15.91,25.4,41.38,7.69,2.37,25.05,0.79,1015.1,none,0
75.13,29.1,100.0,110.85,2.63,37.39,0.82,966.38,cyclone,3
60.83,28.08,76.87,132.87,3.24,28.8,0.13,1005.9,cyclone,2
36.58,18.09,72.33,9.24,1.88,29.17,6.34,1015.36,earthquake,2
43.41,32.85,48.86,20.47,2.65,0.0,0.64,1010.64,drought,1
6.57,23.72,33.19,45.56,2.12,35.11,0.14,1016.75,none,0
60.64,24.31,95.45,19.24,2.72,63.15,0.05,988.56,flood,1
16.83,25.9,85.7,45.73,2.75,30.25,0.0,979.83,cyclone,1
67.24,24.16,76.64,94.53,4.7,21.7,0.16,984.28,cyclone,2
93.41,21.92,77.0,20.24,9.25,70.61,0.18,1002.67,flood,2
43.0,21.89,63.26,7.43,4.74,50.94,0.09,1033.93,none,0
19.94,37.15,48.25,1.99,2.54,46.0,0.15,1008.14,none,0
124.96,22.29,58.66,4.67,7.73,55.94,0.35,1018.1,flood,2
8.36,45.04,33.1,10.47,3.63,32.48,0.05,1012.01,drought,0
6.52,30.0,59.54,14.78,2.05,62.63,8.54,1023.83,earthquake,2
98.44,21.77,68.27,12.55,7.31,64.37,0.46,993.65,flood,2
16.7,36.52,63.5,15.3,3.55,22.22,0.1,1023.2,none,0
53.19,28.28,51.77,6.43,2.95,45.52,1.67,1008.56,none,0
105.49,28.06,57.28,8.99,4.69,52.93,0.02,1006.78,flood,2
81.61,28.6,68.94,123.66,3.94,51.53,0.62,979.18,cyclone,3
10.01,30.94,48.47,16.32,2.53,27.28,0.36,1015.95,none,0
7.63,24.75,52.05,16.7,1.46,32.57,0.29,1023.62,none,0
10.17,27.32,64.56,14.93,2.38,24.76,6.3,1018.19,earthquake,2
23.83,32.3,77.61,31.67,1.89,46.62,0.85,1009.56,none,0
50.18,29.62,91.49,121.81,2.97,44.1,0.32,999.06,cyclone,2
14.34,26.83,63.22,7.06,3.98,25.14,7.82,995.54,earthquake,3
11.47,35.7,70.41,11.01,2.5,33.91,0.32,1020.54,none,0
13.27,29.4,19.45,11.64,4.99,0.0,0.27,1022.69,drought,1
13.54,27.26,53.19,26.13,2.54,13.39,0.05,1017.76,none,0
22.46,22.75,56.48,0.97,5.85,30.77,0.09,1012.35,none,0
16.42,26.72,69.6,3.31,2.44,37.08,5.83,1019.25,earthquake,1
64.06,30.82,91.93,88.99,2.35,18.15,0.28,971.94,cyclone,2
2.43,24.58,65.86,11.94,2.85,15.31,1.01,1013.8,none,0
33.71,20.09,49.52,13.36,2.24,21.63,7.87,1015.86,earthquake,2
74.76,32.02,77.32,23.69,5.31,65.24,0.4,989.03,flood,2
96.01,27.89,83.59,44.89,2.34,29.08,0.59,966.05,cyclone,2
0.47,23.68,62.95,17.88,4.22,52.06,0.41,1023.84,none,0
3.71,38.41,14.12,0.66,3.39,10.66,0.31,1017.34,drought,1
120.78,29.11,71.31,192.09,2.36,34.59,0.56,980.92,cyclone,3
0.0,33.69,40.12,6.95,3.35,8.53,0.09,1014.92,drought,1
25.26,24.32,57.8,4.67,3.03,21.51,0.51,1012.98,none,0
62.38,24.1,79.69,12.78,4.43,30.82,0.45,1018.86,none,0
35.2,18.76,91.05,5.79,3.34,45.42,0.02,1011.89,none,0
5.23,34.75,44.07,2.86,4.02,26.92,8.27,1011.0,earthquake,2
35.97,20.68,44.51,5.16,2.5,31.02,4.43,1013.71,earthquake,1
0.0,26.28,12.02,2.64,2.55,22.54,0.19,1010.78,drought,0
30.98,27.31,79.55,3.19,2.25,38.22,0.52,1002.78,none,0
52.03,23.86,35.23,20.98,2.8,40.15,0.23,999.84,none,0
2.74,20.33,55.55,6.54,2.47,43.47,0.1,1012.64,none,0
80.14,27.48,76.08,13.6,11.78,75.09,0.4,1010.71,flood,2
48.17,28.13,67.24,12.9,7.39,70.05,0.64,1000.01,flood,2
8.62,30.14,47.56,8.02,2.45,37.15,0.24,1013.18,none,0
7.27,26.5,49.1,17.16,1.94,23.37,0.09,1004.54,none,0
5.22,37.82,61.98,5.68,3.76,15.8,0.28,1019.55,none,0
14.51,18.27,62.22,13.9,2.38,18.45,0.42,1011.66,none,0
10.37,25.8,60.41,6.52,1.26,11.69,0.6,1007.93,none,0
14.69,29.59,82.61,5.8,2.78,21.65,0.45,1011.21,none,0
8.74,20.98,52.68,21.54,2.43,30.42,0.12,1008.15,none,0
98.27,21.22,78.64,13.42,3.83,57.32,0.24,1014.78,flood,1
120.58,34.37,64.44,10.11,2.66,74.78,0.46,1001.0,flood,1
45.47,22.41,61.78,22.61,10.66,47.22,0.38,992.07,flood,2
109.02,22.52,90.14,3.38,4.55,53.19,0.06,992.94,flood,2
19.37,37.6,72.64,7.03,1.9,57.59,0.31,1023.7,none,0
0.0,37.91,36.87,3.77,3.51,33.11,0.09,1026.95,drought,0
106.8,22.58,83.25,7.28,6.08,63.67,0.01,995.96,flood,2
29.32,28.9,93.99,91.64,3.15,35.48,0.05,996.99,cyclone,1
163.92,21.69,99.77,0.94,4.1,64.78,0.25,999.66,flood,2
2.23,34.8,41.62,18.97,4.0,22.61,0.29,1017.64,none,0
41.8,30.06,70.34,19.99,2.14,48.45,0.37,1020.97,none,0
134.14,29.45,67.58,2.32,5.67,36.85,0.1,1005.6,flood,2
35.12,21.87,72.59,44.05,3.66,36.72,0.41,1007.19,cyclone,1
10.6,26.72,79.74,9.78,1.3,50.13,8.98,1014.56,earthquake,2
170.55,30.58,100.0,10.66,4.12,68.66,0.32,1009.15,flood,2
25.98,30.92,93.31,157.61,2.59,34.83,0.05,971.56,cyclone,2
7.25,17.39,64.13,5.33,1.4,21.4,0.03,1001.12,none,0
9.59,32.86,41.8,8.66,3.03,18.32,0.36,1007.35,none,0
57.42,34.99,76.88,5.06,8.05,55.95,0.79,1004.58,flood,1
27.4,30.59,51.31,18.48,3.08,41.4,0.29,1020.63,none,0
7.26,21.66,52.91,5.8,3.76,41.35,0.06,1024.66,none,0
63.57,30.48,74.69,79.42,2.56,35.12,0.61,1003.61,cyclone,1
15.93,31.53,82.79,5.11,1.31,35.7,0.05,1009.55,none,0
10.69,26.41,38.37,5.13,3.62,34.35,0.39,1014.11,none,0
3.88,23.78,41.51,3.0,2.88,42.37,0.05,1018.53,none,0
19.24,32.49,40.16,17.59,1.93,58.53,0.17,1011.58,none,0
107.5,25.45,75.53,7.71,8.84,76.81,0.38,1012.19,flood,2
6.96,35.37,64.38,3.21,2.05,58.65,0.32,1014.03,none,0
6.89,32.75,44.98,3.89,3.53,27.77,3.75,1003.88,earthquake,1
9.63,29.98,44.07,20.86,4.02,18.18,0.34,1014.12,none,0
79.63,35.18,74.24,151.48,4.69,40.68,0.11,980.15,cyclone,3
21.46,31.42,54.41,31.48,4.79,7.26,1.1,1015.91,none,0
13.04,33.05,65.27,13.86,5.01,39.6,0.68,1020.83,none,0
30.66,26.08,39.61,19.74,3.66,9.91,0.06,1019.75,none,0
32.65,31.3,33.61,8.84,2.28,27.33,6.89,1006.94,earthquake,2
49.37,29.59,46.52,9.84,3.68,24.37,0.13,1013.78,none,0
82.25,37.88,86.81,1.11,5.17,55.35,0.8,1000.92,flood,2
3.58,24.92,58.84,4.24,3.2,35.94,0.23,1003.95,none,0
8.28,34.55,83.92,7.34,2.03,32.68,0.07,1019.67,none,0
89.73,28.17,86.28,142.45,3.7,22.88,0.17,989.58,cyclone,3
12.34,26.19,51.91,15.09,3.29,27.53,0.96,1014.05,none,0
14.25,31.74,67.64,3.03,3.51,29.69,0.24,1026.13,none,0
14.7,29.59,51.6,6.82,2.67,37.86,0.42,1007.0,none,0
11.01,22.26,58.1,16.72,2.7,17.86,0.39,1008.71,none,0
187.9,30.14,79.34,45.2,5.28,79.75,0.33,995.82,flood,2
170.4,22.46,100.0,5.32,10.77,61.73,1.1,1001.57,flood,3
9.65,38.93,4.25,15.35,5.51,26.94,0.14,1016.3,drought,0
60.11,34.17,64.69,6.19,6.97,50.19,0.23,1009.45,flood,2
48.15,31.83,93.59,111.38,5.53,45.15,0.11,981.34,cyclone,3
111.29,24.87,75.63,4.53,7.24,64.23,0.05,1007.91,flood,2
59.7,34.01,91.04,93.93,3.28,38.11,0.92,975.13,cyclone,2
116.47,23.6,54.97,14.58,10.1,50.9,0.32,1001.43,flood,2
126.05,23.21,100.0,78.83,3.26,35.5,0.17,977.92,cyclone,3
84.31,31.53,74.85,7.38,1.94,77.75,0.08,1009.55,flood,1
12.22,40.5,45.8,15.57,2.91,6.87,0.46,1008.63,drought,1
92.86,23.0,93.96,1.97,11.95,66.53,0.21,1014.24,flood,2
0.0,35.18,53.98,17.89,3.53,17.07,0.05,1009.4,drought,0
0.0,41.29,35.35,40.6,2.18,1.64,0.15,1025.38,drought,1
15.82,38.48,48.13,11.92,4.54,32.55,6.93,1002.35,earthquake,2
115.2,39.8,83.74,4.24,4.88,41.86,0.06,1023.97,flood,2
0.0,31.72,33.36,3.95,4.76,15.25,0.0,1010.33,drought,1
21.16,31.27,40.59,1.74,3.72,10.92,0.43,1008.03,drought,1
86.21,29.7,37.02,8.97,5.08,74.81,0.78,1005.89,flood,2
7.13,35.81,44.39,9.8,3.97,19.89,0.1,1010.1,none,0
146.1,18.01,71.86,7.99,4.4,85.05,0.2,994.67,flood,2
254.15,28.79,88.83,3.75,8.56,97.58,0.07,1006.2,flood,2
3.92,26.0,46.07,10.2,3.07,52.62,7.83,1016.78,earthquake,2
26.37,31.54,64.26,10.97,2.98,24.56,5.75,1024.45,earthquake,2
24.54,29.09,35.08,18.59,4.0,20.57,0.12,1017.92,none,0
14.92,28.0,34.96,26.43,3.49,21.06,5.14,1018.36,earthquake,2
29.61,22.39,96.07,4.83,3.5,47.73,0.61,1015.69,none,0
3.98,38.76,76.52,1.0,3.98,21.6,2.32,1014.11,none,0
3.49,22.11,53.54,13.61,2.52,46.26,0.03,1015.59,none,0
28.99,20.17,54.48,9.44,2.55,34.75,0.46,1021.86,none,0
54.77,27.29,56.12,123.24,0.5,18.78,0.77,960.71,cyclone,2
0.0,33.73,30.47,2.24,4.1,11.19,0.23,1024.76,drought,1
161.92,29.16,76.6,32.64,4.9,53.09,0.59,1007.87,flood,2
17.33,26.74,65.86,12.1,2.66,25.9,0.06,1007.54,none,0
13.65,28.93,56.34,14.37,1.92,47.89,0.99,1004.91,none,0
3.81,32.09,51.51,10.44,3.26,0.0,0.24,996.59,drought,1
12.34,28.16,35.13,11.34,2.55,32.11,0.6,1019.89,none,0
51.27,23.13,57.19,19.85,0.85,48.53,0.14,1011.15,none,0
11.39,29.4,60.39,0.53,3.04,36.47,0.3,1028.59,none,0
8.99,19.54,82.45,12.7,2.58,25.97,0.38,1012.72,none,0
51.6,15.78,54.59,9.1,2.28,26.53,0.65,1002.6,none,0
113.55,30.19,70.79,21.55,5.93,68.71,0.21,1016.75,flood,1
4.89,34.94,29.73,16.66,3.22,14.68,0.16,1012.97,drought,1
5.68,32.02,98.1,13.1,3.5,41.83,5.97,1008.31,earthquake,2
2.83,20.1,76.63,27.82,3.81,10.57,0.29,1015.96,none,0
12.27,20.33,75.76,11.57,2.94,48.19,1.46,1003.8,none,0
124.85,27.56,84.84,10.45,3.43,63.47,0.13,1015.71,flood,1
1.75,22.65,61.12,3.3,1.94,40.67,0.21,1015.18,none,0
12.75,30.7,90.79,9.79,2.73,42.66,0.05,1001.5,none,0
69.41,31.5,73.89,17.71,3.76,37.22,1.04,1002.96,flood,1
11.64,22.69,86.82,10.43,2.01,19.0,0.09,1007.09,none,0
24.85,23.27,56.11,4.86,2.07,31.03,0.03,1009.83,none,0
121.5,36.07,79.66,7.65,7.96,64.32,2.64,986.99,flood,3
18.87,28.88,65.13,7.25,2.59,39.4,0.05,1017.28,none,0
38.57,27.0,79.71,62.69,3.58,24.67,0.23,997.27,cyclone,2
66.87,23.62,70.82,8.23,4.47,59.22,1.69,1020.16,flood,1
67.07,33.15,61.43,91.49,0.97,33.15,0.23,999.02,cyclone,1
9.95,31.72,59.19,6.7,2.09,0.0,6.51,1003.46,earthquake,2
5.78,34.75,73.33,20.0,3.81,32.09,0.28,1016.62,none,0
20.95,30.36,57.11,6.58,3.15,19.94,0.29,1011.33,none,0
176.68,29.76,100.0,20.07,8.29,57.4,0.43,1016.1,flood,2
79.67,21.41,96.31,13.76,5.02,93.58,0.18,992.46,flood,2
60.4,24.85,76.59,100.39,2.58,36.83,1.04,980.38,cyclone,2
9.37,23.39,43.18,2.27,2.27,32.32,0.33,1015.13,none,0
0.0,38.48,0.0,13.21,2.47,9.06,0.37,1007.81,drought,1
14.19,28.87,55.18,12.57,4.78,28.71,0.05,1013.97,none,0
161.66,14.22,60.69,10.21,3.59,29.23,0.13,998.45,cyclone,2
11.33,30.83,78.21,2.45,3.93,27.48,0.86,1025.8,none,0
3.2,23.85,78.29,5.09,2.94,29.03,0.37,1022.72,none,0
147.0,27.42,74.48,4.29,3.11,57.02,0.17,992.71,flood,2
75.24,27.04,69.73,88.9,2.84,30.52,0.5,996.2,cyclone,2
25.57,26.62,77.31,18.56,2.64,8.53,0.46,1016.73,none,0
14.56,32.16,37.32,16.53,3.18,36.15,0.31,1021.68,none,0
57.89,29.71,83.9,72.66,3.78,39.26,0.44,1002.99,cyclone,2
3.64,21.37,43.43,1.86,1.24,36.56,0.68,1016.57,none,0
9.52,31.89,57.41,4.86,2.36,16.95,0.39,1013.09,none,0
0.0,35.11,26.75,10.1,3.06,15.36,0.28,1011.9,drought,1
57.07,32.08,46.58,7.06,1.13,25.47,0.16,1021.43,none,0
102.67,37.74,85.94,68.4,2.23,35.68,0.12,1007.2,cyclone,1
1.91,27.11,24.86,12.23,1.41,35.99,0.52,1019.84,drought,0
240.64,31.42,60.24,25.43,14.53,83.42,0.15,998.59,flood,3
31.31,32.54,65.79,19.6,2.25,19.56,0.0,1021.0,none,0
48.74,18.34,87.24,77.65,2.35,42.13,0.05,996.91,cyclone,2
32.77,31.06,62.86,9.14,2.22,27.97,0.64,1013.86,none,0
11.08,22.18,31.49,66.97,1.83,7.57,0.01,1011.4,drought,1
37.76,31.15,40.69,6.04,2.13,18.11,0.3,998.43,none,0
12.84,29.43,64.73,5.44,3.59,27.4,0.15,1010.15,none,0
123.65,26.2,66.87,14.12,5.3,74.76,0.15,1012.96,flood,2
49.84,31.84,51.49,30.49,4.07,32.53,0.27,1015.67,none,0
35.05,25.65,50.58,17.13,5.0,24.84,5.82,1014.46,earthquake,2
7.83,27.58,51.39,34.15,1.51,26.22,0.86,1000.23,none,0
0.0,39.59,9.88,13.74,2.32,13.07,0.12,1000.8,drought,1
11.15,28.01,76.01,9.49,1.24,37.5,0.52,1017.84,none,0
58.12,16.24,66.23,10.6,7.38,59.2,1.13,992.93,flood,2
10.17,26.54,34.43,9.45,2.38,46.92,8.78,1019.45,earthquake,2
8.22,31.86,73.13,24.03,2.75,29.26,2.4,1013.98,none,0
37.62,28.95,39.72,10.57,4.28,31.09,0.0,994.68,none,0
4.52,30.52,18.3,5.21,3.16,23.37,0.06,1013.93,drought,0
12.77,33.44,71.99,16.64,2.52,37.96,0.18,1001.3,none,0
44.44,19.48,86.28,2.23,9.76,71.63,0.55,1009.15,flood,2
8.91,20.17,40.2,7.0,4.4,27.81,1.7,1015.08,none,0
16.82,26.41,30.27,20.01,0.78,30.26,0.23,1015.47,drought,0
69.83,27.8,85.71,143.62,3.14,21.74,0.16,979.98,cyclone,3
69.56,20.06,78.18,3.25,6.1,55.55,0.22,1014.51,flood,1
8.82,17.82,62.7,1.57,3.47,23.42,0.68,1009.03,none,0
7.25,36.6,49.91,4.41,2.83,46.16,0.07,1014.84,none,0
5.3,16.1,69.73,5.18,3.62,34.61,0.06,995.91,none,0
22.97,35.04,85.43,16.3,1.6,41.95,6.71,1023.42,earthquake,1
4.74,23.69,52.96,13.46,2.52,45.45,0.52,1019.19,none,0
5.45,25.22,65.25,21.35,3.01,28.45,0.01,1025.62,none,0
85.99,26.86,66.25,18.96,4.57,23.15,0.72,1012.6,none,0
121.41,33.81,72.28,17.74,5.07,58.59,0.09,994.54,flood,2
51.85,24.26,96.52,65.87,1.95,44.48,0.39,981.8,cyclone,2
0.6,23.56,50.32,9.82,4.84,49.44,0.42,1025.95,none,0
1.89,16.12,52.96,10.57,3.89,37.21,0.1,1014.74,none,0
77.33,24.76,76.85,7.11,7.43,70.41,0.16,1019.29,flood,1
3.94,27.59,51.73,12.71,3.51,51.19,0.17,1018.43,none,0
25.28,28.73,36.38,9.31,2.65,19.04,0.2,1007.76,drought,0
8.03,30.98,24.05,3.36,2.94,17.23,5.23,1002.18,earthquake,2
206.16,25.5,74.49,7.54,5.61,46.44,0.2,1016.84,flood,2
61.08,25.71,87.63,189.11,4.8,34.81,0.55,1006.88,cyclone,2
163.83,23.84,94.95,85.97,3.75,29.6,0.82,1002.23,cyclone,2
1.89,36.05,23.51,11.42,3.09,0.0,0.06,1011.51,drought,1
17.65,24.57,51.12,15.78,2.44,53.22,0.39,1005.23,none,0
8.35,27.95,63.3,4.21,4.84,1.02,4.44,1021.04,earthquake,2
17.44,26.18,42.03,20.11,2.72,55.71,0.23,1003.81,none,0
161.44,20.81,70.93,12.77,9.3,43.24,0.56,1004.77,flood,3
18.16,27.2,59.67,12.71,3.49,39.39,0.9,1012.13,none,0
165.73,24.51,100.0,7.57,9.05,70.54,2.16,1004.97,flood,3
36.49,33.64,38.97,14.37,3.52,8.66,0.86,1012.67,none,0
8.47,26.54,75.6,21.76,2.92,28.77,0.67,1020.25,none,0
249.35,21.6,71.38,0.76,8.47,71.88,0.53,1005.08,flood,2
14.86,30.47,53.67,6.45,3.15,60.2,4.12,1007.66,earthquake,1
5.5,27.51,72.7,12.74,3.15,46.83,0.09,1003.72,none,0
16.29,25.2,55.56,12.02,1.41,16.58,6.31,1005.26,earthquake,2
12.63,27.08,34.18,16.56,3.37,35.93,1.09,1009.53,none,0
0.04,37.71,49.77,17.67,3.07,26.24,0.74,1019.43,drought,1
159.34,24.04,91.09,10.11,7.75,50.28,0.53,1008.24,flood,2
101.89,24.27,81.32,11.31,4.5,58.28,0.39,997.45,flood,1
10.85,26.14,25.59,4.16,4.27,55.33,0.36,1009.24,none,0
231.5,26.05,64.23,6.6,9.91,78.86,0.15,1002.39,flood,3
63.96,27.7,73.05,2.52,8.59,81.82,0.63,1013.38,flood,2
11.41,24.73,67.31,3.84,4.76,30.31,0.27,999.17,none,0
33.71,23.6,73.67,0.98,3.08,40.95,0.91,1011.8,none,0
22.61,30.62,42.0,8.18,2.53,29.19,0.43,988.63,none,0
11.15,26.79,78.32,30.58,2.34,49.98,0.66,1007.9,none,0
24.17,25.59,72.66,0.79,4.01,32.0,0.09,1007.09,none,0
2.57,24.68,50.35,4.62,2.32,38.93,0.9,1019.65,none,0
0.0,37.06,30.8,20.06,1.72,33.33,1.0,1002.0,drought,1
30.2,27.6,52.67,20.83,1.67,19.0,0.07,1016.81,none,0
221.77,25.35,76.74,6.81,4.48,45.95,0.44,1013.06,flood,1
68.02,22.03,74.58,8.46,7.88,76.44,0.65,1025.03,flood,2
0.0,36.62,51.02,10.33,3.9,5.16,0.16,1020.97,drought,1
7.74,24.06,43.3,19.56,3.86,29.08,7.39,1015.97,earthquake,2
127.46,18.1,50.58,1.53,9.02,69.77,1.64,993.92,flood,3
36.53,21.7,85.16,28.38,1.82,30.8,0.51,979.2,cyclone,2
7.81,27.23,73.75,10.21,3.07,41.43,0.6,1004.33,none,0
22.99,23.3,53.58,11.15,2.3,28.28,0.74,1008.54,none,0
25.46,18.35,64.31,2.06,2.91,37.34,0.15,1010.84,none,0
39.54,26.72,82.41,0.96,3.63,17.95,0.55,1024.82,none,0
23.22,29.23,48.58,11.35,3.0,36.26,0.4,1022.02,none,0
109.57,17.99,58.06,9.86,4.47,89.64,0.02,1003.55,flood,1
12.6,28.54,56.0,5.46,2.79,6.12,0.43,1015.6,none,0
10.09,30.23,81.16,6.87,2.05,8.29,0.19,1028.2,none,0
12.64,21.27,98.38,14.06,2.42,42.09,0.19,1014.61,none,0
169.89,26.5,73.13,7.93,15.24,68.94,0.21,998.52,flood,3
103.06,29.43,99.85,78.96,3.14,46.36,0.06,969.51,cyclone,2
26.31,31.78,44.51,6.35,2.74,23.74,0.75,1003.87,none,0
72.45,24.61,59.26,2.58,5.32,79.53,0.79,1012.18,flood,1
24.65,31.77,63.17,10.09,2.21,38.06,0.88,997.42,none,0
17.64,30.92,66.77,9.04,4.32,24.79,0.47,1020.61,none,0
143.88,29.26,88.03,15.55,8.63,65.68,0.39,1019.62,flood,2
15.43,28.58,41.96,3.52,2.27,7.99,0.11,999.27,drought,1
9.65,22.15,72.75,9.51,4.41,29.07,0.98,1002.88,none,0
13.66,28.52,71.51,6.49,4.24,39.9,5.27,1007.97,earthquake,2
1.49,22.06,61.09,1.44,2.04,47.57,0.52,1020.15,none,0
93.73,33.86,82.38,4.69,5.53,55.49,0.5,1014.35,flood,2
36.64,38.33,64.47,11.53,3.83,0.0,1.13,1015.73,drought,2
18.04,24.23,79.15,9.07,3.67,24.56,0.67,1003.82,none,0
14.72,30.4,61.93,23.66,3.5,45.98,0.48,1014.17,none,0
64.61,27.1,100.0,1.82,3.59,46.19,1.92,998.59,flood,1
21.35,21.23,56.27,19.67,3.16,49.54,0.67,1020.89,none,0
30.18,31.35,85.83,20.76,1.86,11.73,0.19,1013.04,none,0
91.01,31.17,84.09,6.07,11.21,62.6,0.05,995.21,flood,2
22.79,32.85,24.79,6.94,1.46,12.7,0.89,1013.24,drought,1
2.38,29.54,59.74,7.98,1.02,4.23,0.47,1012.06,drought,0
160.13,21.28,76.94,8.78,3.19,53.96,0.03,1012.12,flood,1
42.05,22.38,37.41,3.0,7.16,41.4,0.46,1019.06,flood,1
146.26,26.68,91.68,1.94,5.22,87.57,0.21,1013.07,flood,2
292.35,33.68,67.07,4.23,5.73,57.85,0.38,1009.01,flood,2
39.17,21.49,100.0,69.86,3.0,45.86,0.14,960.92,cyclone,2
0.0,33.69,34.13,10.0,2.44,1.23,0.73,1005.44,drought,1
6.05,15.77,82.5,9.45,2.42,35.62,8.16,1002.29,earthquake,2
128.3,20.11,70.05,16.63,14.95,61.87,0.26,1005.26,flood,2
24.86,19.39,49.8,4.96,2.97,28.71,0.21,1018.31,none,0
12.74,21.96,80.84,1.66,2.86,31.8,1.98,1006.81,none,0
26.64,28.32,81.74,11.84,4.29,39.42,0.08,1012.65,none,0
131.17,23.13,84.61,121.23,4.57,28.91,0.02,973.51,cyclone,3
25.36,17.73,73.49,4.69,4.04,37.11,5.63,1002.07,earthquake,2
12.04,29.93,37.99,4.14,2.96,24.03,0.2,1023.76,drought,0
14.09,33.85,41.72,12.18,4.61,46.38,7.6,1026.67,earthquake,2
39.92,29.69,94.03,3.06,3.24,50.13,0.23,1011.29,none,0
9.1,37.63,62.67,4.03,0.67,19.52,0.11,1012.62,none,0
0.0,31.47,24.61,27.6,2.74,6.15,0.4,1001.39,drought,1
8.73,20.46,86.36,16.65,3.55,20.89,0.33,1011.07,none,0
0.0,33.62,53.05,10.13,2.05,28.48,0.56,1013.21,drought,0
20.38,23.06,52.38,1.7,2.67,15.65,0.43,1019.66,none,0
11.65,27.51,70.42,19.13,4.46,37.86,0.02,1010.34,none,0
17.34,20.74,83.14,7.58,2.16,44.53,0.46,1016.56,none,0
103.77,30.46,81.44,6.95,8.41,39.06,0.39,1013.91,flood,2
49.41,36.15,57.96,2.78,2.94,42.9,0.8,1003.87,none,0
11.94,36.91,49.78,35.79,2.71,52.62,1.03,1022.6,drought,1
7.14,25.73,47.39,8.78,2.87,57.16,0.01,1011.0,none,0
12.02,24.81,77.51,21.25,4.74,41.44,0.75,1014.93,none,0
57.1,29.85,49.77,5.85,2.19,30.87,0.04,1000.25,none,0
8.25,27.49,86.24,13.85,1.29,23.77,5.84,1003.55,earthquake,1
9.69,22.12,67.53,23.48,1.79,35.99,0.18,995.68,none,0
38.25,19.03,46.94,19.22,3.6,29.17,0.21,1004.05,none,0
230.63,38.77,90.29,8.56,9.78,54.01,0.24,1001.87,flood,3
88.31,21.86,84.67,72.75,3.79,21.4,0.27,994.34,cyclone,2
11.59,30.48,50.52,7.01,2.62,31.88,0.21,1016.37,none,0
202.17,26.11,69.27,11.11,4.9,79.04,0.45,1004.97,flood,2
8.21,23.9,61.63,10.54,4.64,51.16,0.06,1010.16,none,0
104.91,27.18,100.0,120.49,1.57,36.56,0.51,983.1,cyclone,3
199.61,16.25,74.38,15.41,5.89,51.96,0.17,1012.96,flood,2
21.65,19.97,47.65,5.46,2.92,45.72,0.06,1024.84,none,0
39.85,19.56,40.69,11.57,2.27,44.71,6.11,1002.44,earthquake,2
0.0,36.18,55.31,17.9,3.25,10.62,0.33,1010.02,drought,1
18.96,32.62,50.59,8.09,3.06,32.28,0.68,1015.58,none,0
1.06,31.9,21.9,7.2,4.02,0.0,0.13,1011.64,drought,1
44.69,33.47,78.39,5.79,7.59,83.17,0.36,992.14,flood,2
23.64,34.74,76.69,4.07,1.17,25.71,0.1,1008.03,none,0
12.68,25.59,54.23,6.83,3.35,31.83,0.11,1013.61,none,0
21.53,29.51,70.62,31.59,2.26,34.37,0.86,1011.5,none,0
31.29,30.38,48.21,14.66,2.71,49.36,0.26,1010.23,none,0
11.67,34.49,46.94,4.22,0.0,55.66,6.66,1004.25,earthquake,1
36.91,34.29,34.74,8.79,5.75,16.72,0.34,1020.56,drought,1
86.37,28.57,49.74,13.28,5.33,92.56,0.91,1005.25,flood,1
195.19,26.84,79.01,37.76,10.81,52.81,0.26,997.08,flood,3
10.38,30.63,59.16,9.58,2.14,62.74,0.87,1021.91,none,0
122.37,31.65,75.22,33.5,6.58,58.8,0.55,1003.97,flood,2
0.0,23.87,49.99,13.98,2.76,29.06,0.46,1003.01,drought,1
12.6,31.27,83.38,4.77,2.22,15.25,4.41,1020.53,earthquake,1
26.34,15.92,61.2,6.99,3.01,37.15,1.39,1011.62,none,0
16.52,23.75,70.71,5.08,2.78,26.28,0.88,1015.72,none,0
141.31,22.1,70.02,10.64,5.91,76.54,0.07,1007.45,flood,2
3.45,22.09,63.13,16.05,3.1,33.41,0.28,1003.19,none,0
13.92,21.61,74.58,12.58,3.03,22.54,1.17,1013.49,none,0
7.79,36.58,32.22,7.63,1.19,5.12,0.18,1007.63,drought,0
35.12,29.93,48.53,10.17,8.52,76.75,0.4,1013.15,flood,1
74.42,34.76,84.94,69.38,2.23,45.91,0.26,992.26,cyclone,2
21.48,23.66,53.46,11.2,2.53,28.54,0.14,1008.84,none,0
3.18,23.48,31.38,5.06,3.59,54.59,0.22,1007.75,none,0
25.21,20.99,56.05,10.69,2.87,25.23,5.44,1036.24,earthquake,1
0.0,40.57,27.46,3.47,2.11,11.74,0.7,1008.2,drought,1
8.97,33.82,39.64,12.45,2.1,9.75,0.08,1022.98,drought,1
16.69,31.38,37.34,6.71,3.39,44.75,0.25,1028.73,none,0
30.27,30.42,48.95,5.78,2.6,48.05,0.54,1019.82,none,0
12.48,26.29,65.15,11.37,4.73,25.98,0.13,1021.43,none,0
18.22,16.51,57.82,7.87,3.77,52.74,0.03,1006.81,none,0
147.64,23.62,62.05,11.43,12.0,74.52,0.21,996.33,flood,3
6.37,26.21,49.95,42.49,2.42,14.75,0.09,1019.07,none,0
26.21,24.62,61.15,22.41,4.96,36.04,0.01,1018.08,none,0
15.37,38.48,62.67,10.93,2.96,30.31,0.15,1024.05,none,0
19.14,30.58,37.81,8.02,3.05,28.0,0.14,1011.77,none,0
64.09,25.69,80.02,3.37,3.64,43.94,0.16,995.5,flood,1
110.23,26.55,58.41,97.7,2.12,35.48,0.66,991.8,cyclone,2
25.48,18.89,54.85,18.81,2.6,40.33,0.09,1018.1,none,0
16.14,26.25,47.16,8.51,3.26,47.88,0.64,1015.36,none,0
19.09,26.21,67.24,6.74,2.88,17.8,0.31,1013.38,none,0
22.22,29.93,81.93,16.58,2.94,31.4,0.25,1013.85,none,0
6.06,28.08,59.44,5.64,2.34,26.48,8.39,1009.71,earthquake,2
182.55,28.83,81.5,14.19,14.22,65.39,0.13,1010.92,flood,3
36.81,36.0,48.78,5.58,1.54,3.34,0.35,1013.63,drought,1
14.48,28.29,66.05,22.0,1.71,18.54,0.14,1017.07,none,0
203.14,28.55,73.66,7.82,8.45,78.01,0.53,1002.31,flood,2
6.13,24.83,51.11,12.35,3.44,25.83,0.61,1011.69,none,0
92.23,24.07,79.11,15.8,4.85,79.6,0.2,1003.61,flood,2
12.53,22.54,88.81,45.69,2.84,46.61,0.33,1005.45,none,0
240.56,27.45,61.8,25.29,7.97,80.23,0.54,1026.55,flood,2
97.04,33.79,92.62,15.74,8.34,65.08,1.15,1010.34,flood,2
2.94,18.77,48.58,15.77,3.73,22.32,0.32,1006.86,none,0
40.9,37.96,23.94,11.54,2.44,15.47,0.64,1019.53,drought,1
9.83,18.97,46.05,6.34,4.48,39.75,0.29,1011.44,none,0
73.69,22.9,100.0,13.58,5.84,78.64,0.08,1003.42,flood,1
136.48,28.89,84.89,78.63,3.13,22.41,0.16,998.79,cyclone,2
21.37,22.42,64.53,5.48,3.58,56.83,0.03,1018.76,none,0
112.09,23.23,74.19,9.05,5.36,57.21,0.76,1019.73,flood,2
44.59,26.68,89.62,8.22,7.1,59.73,0.03,1006.49,flood,1
3.95,39.94,21.55,1.11,2.31,28.77,0.65,1012.06,drought,0
38.13,21.25,70.29,5.22,2.65,24.01,0.02,1024.45,none,0
164.24,24.59,80.43,4.67,10.52,64.82,0.6,997.17,flood,3
4.45,28.96,62.94,10.38,1.91,22.75,0.12,1002.27,none,0
15.74,30.61,63.74,2.23,2.88,48.53,6.4,999.57,earthquake,2
19.44,29.36,44.59,12.94,2.21,52.23,0.29,1006.55,none,0
26.91,28.72,49.72,11.17,1.66,7.46,1.86,1004.26,drought,1
10.3,34.58,80.61,26.72,2.78,21.71,0.18,1009.57,none,0
0.0,31.57,1.82,16.27,1.48,11.27,0.33,1016.88,drought,1
16.71,26.77,61.45,11.46,2.43,32.47,0.5,1016.23,none,0
19.25,34.23,100.0,12.85,3.41,40.2,0.51,1014.19,none,0
82.18,31.62,79.42,4.15,3.49,17.68,8.64,992.42,earthquake,3
106.78,28.46,81.8,9.04,8.18,66.47,0.96,1014.33,flood,2
72.65,29.39,81.92,17.62,7.99,67.46,0.06,1002.55,flood,2
7.49,20.21,47.87,6.83,4.46,31.0,0.19,1005.74,none,0
16.66,28.74,48.2,3.09,3.62,30.53,0.19,1011.83,none,0
51.43,24.06,76.16,9.8,8.1,51.85,0.16,1014.36,flood,2
8.48,26.41,68.22,6.98,3.09,31.35,1.39,1010.87,none,0
12.08,20.08,63.84,9.51,3.71,44.81,0.05,1018.94,none,0
72.09,22.49,81.9,103.4,2.6,55.6,0.19,970.19,cyclone,2
133.33,22.08,69.95,73.72,3.91,24.22,0.43,989.98,cyclone,3
11.85,41.05,52.83,10.47,3.15,36.37,0.49,1023.73,none,0
121.25,26.83,77.91,17.56,10.54,47.14,0.06,999.85,flood,2
4.86,27.01,70.97,2.95,2.99,47.96,0.38,1016.66,none,0
18.41,25.0,58.36,8.14,2.49,40.84,2.53,1014.06,none,0
10.57,24.44,45.16,15.87,3.65,57.83,5.07,1016.81,earthquake,1
5.5,25.5,51.2,11.0,2.74,38.49,4.72,1005.45,earthquake,2
11.68,23.53,77.41,19.26,2.67,39.59,0.43,1016.51,none,0
63.26,31.0,94.46,35.37,2.43,16.11,0.13,969.27,cyclone,2
45.97,31.83,86.94,129.55,1.08,25.89,0.43,975.46,cyclone,2
153.23,27.3,89.41,6.94,2.65,61.07,0.19,1019.4,flood,2
34.66,27.12,99.85,109.51,4.48,23.26,0.16,974.11,cyclone,3
8.47,25.96,54.84,6.85,2.17,44.97,1.24,1019.51,none,0
14.99,21.72,39.36,33.16,4.2,45.97,1.05,1018.18,none,0
6.3,24.46,63.29,7.25,1.61,37.06,0.33,1022.35,none,0
31.79,27.03,72.38,91.05,2.0,39.12,0.28,972.0,cyclone,2
186.39,25.14,97.48,194.86,3.56,28.73,0.13,996.21,cyclone,3
19.42,26.26,58.97,2.68,2.59,32.28,1.02,1010.59,none,0
2.56,30.71,36.35,19.56,2.3,21.6,0.05,1003.38,drought,1
23.57,20.51,78.33,9.27,3.4,28.91,0.25,1026.23,none,0
104.64,15.12,86.18,41.63,2.81,29.37,0.18,979.07,cyclone,2
143.54,39.35,58.76,5.28,4.66,76.24,0.12,1000.79,flood,2
32.84,23.08,78.53,239.4,3.31,43.13,0.52,976.62,cyclone,2
8.79,32.43,50.26,17.88,3.05,37.04,0.35,1014.79,none,0
175.72,18.57,75.14,17.35,6.15,84.36,0.26,996.85,flood,2
6.72,17.84,38.02,4.79,2.37,46.03,0.11,1005.27,none,0
7.79,32.44,78.06,10.03,1.6,13.89,0.12,1007.62,none,0
4.82,27.19,37.63,17.29,3.64,42.91,0.3,1010.38,none,0
158.75,28.92,67.39,0.33,7.25,48.65,0.16,989.63,flood,2
12.84,22.12,61.94,11.38,4.16,38.32,0.44,1017.28,none,0
14.71,31.11,70.62,11.58,3.14,62.59,0.16,1008.71,none,0
23.42,27.84,67.13,3.68,1.05,35.58,1.06,1006.26,none,0
22.05,29.76,71.45,5.71,1.85,24.19,0.12,1022.59,none,0
6.27,33.93,77.25,5.13,3.18,23.06,0.48,1000.27,none,0
18.63,21.73,57.76,15.03,2.79,44.46,1.66,1011.04,none,0
71.2,28.33,33.01,128.67,3.86,50.8,0.15,979.29,cyclone,3
106.78,26.14,81.29,24.99,7.0,68.0,0.02,1007.9,flood,2
19.49,20.37,46.94,1.48,2.2,48.38,0.09,1008.65,none,0
3.78,21.19,53.27,0.67,3.75,27.83,4.54,1005.42,earthquake,1
172.1,26.24,51.92,12.5,9.72,70.8,1.76,1006.39,flood,3
104.76,28.83,89.19,79.47,3.94,36.1,0.08,1010.5,cyclone,2
66.33,21.62,67.87,4.03,13.77,56.17,0.19,1013.35,flood,2
286.63,27.37,46.6,12.93,7.96,77.9,0.04,1020.11,flood,2
39.96,16.83,70.31,23.71,2.88,33.48,0.28,1006.05,none,0
49.44,19.62,67.66,7.55,13.57,67.01,0.16,996.88,flood,2
18.69,30.7,74.33,8.32,2.07,53.7,0.65,1009.89,none,0
133.56,26.04,93.65,7.79,7.77,45.94,0.61,1017.51,flood,2
15.11,30.97,70.16,5.17,1.35,34.99,1.3,1011.33,none,0
13.51,23.55,56.25,27.83,1.86,51.07,0.16,1016.55,none,0
114.41,24.94,81.09,147.72,1.84,18.56,0.42,988.97,cyclone,3
13.65,24.41,66.9,2.04,2.99,20.77,0.25,1019.83,none,0
13.1,27.31,5.03,5.59,4.84,0.0,0.16,1009.71,drought,1
0.0,34.92,20.01,23.46,2.54,19.57,0.07,1007.09,drought,1
43.93,28.32,57.29,3.85,3.08,43.43,0.41,1014.86,none,0
2.54,31.34,38.95,3.2,2.07,30.77,7.22,1012.21,earthquake,2
75.42,33.18,63.15,109.07,2.16,27.54,0.32,964.98,cyclone,2
111.14,22.6,96.32,108.94,1.37,51.29,0.05,992.55,cyclone,2
42.01,32.38,46.64,11.29,1.19,42.28,0.39,1032.07,none,0
82.26,24.07,87.32,72.2,4.53,24.49,0.23,969.47,cyclone,2
188.05,28.29,48.14,4.94,6.03,87.6,0.46,1004.7,flood,2
64.42,27.92,97.54,12.67,13.51,40.58,1.01,1022.28,flood,2
9.74,31.65,77.95,15.82,2.72,38.85,5.7,1031.76,earthquake,1
54.65,32.11,83.73,57.82,3.26,47.39,0.91,981.24,cyclone,2
156.01,33.66,70.24,45.05,4.82,48.9,0.06,983.13,cyclone,2
53.29,25.02,42.38,18.03,2.14,42.82,0.05,1011.33,none,0
117.81,28.52,75.04,6.21,6.47,75.69,0.34,1017.23,flood,2
16.39,35.43,59.48,15.12,4.83,36.96,8.09,1002.94,earthquake,2
7.23,21.68,95.19,28.3,2.67,30.34,7.61,1013.63,earthquake,2
15.53,25.18,48.62,4.5,4.86,34.53,0.18,1011.03,none,0
3.2,24.53,76.09,10.52,4.09,33.5,1.58,1017.99,none,0
130.94,22.87,70.01,1.47,5.93,57.44,0.38,1010.71,flood,2
0.0,31.95,52.63,0.51,4.66,19.58,0.39,1006.22,drought,1
44.87,31.06,99.83,47.17,3.98,54.52,0.52,988.5,cyclone,2
0.0,27.73,29.77,5.79,2.85,2.58,0.35,1022.72,drought,1
196.41,26.34,78.2,2.48,6.38,80.37,0.54,1012.94,flood,2
7.99,23.82,44.68,6.04,1.7,54.22,0.29,1013.38,none,0
51.86,23.0,100.0,59.62,0.54,29.47,0.55,978.29,cyclone,2
0.86,21.92,61.67,13.27,3.78,45.44,0.01,1005.35,none,0
70.71,32.71,65.24,18.47,9.55,65.54,1.1,1010.09,flood,2
20.8,24.29,50.71,15.36,1.73,14.95,0.87,1021.67,none,0
9.18,28.9,70.41,3.61,4.08,44.78,0.16,1018.92,none,0
97.23,34.32,92.08,6.32,10.71,67.28,0.6,1005.26,flood,2
74.43,24.72,81.31,16.36,12.7,81.95,0.09,1004.14,flood,2
42.01,27.96,73.93,3.3,3.12,27.19,0.4,1018.48,none,0
11.13,31.07,35.18,2.75,1.59,55.57,4.75,1025.16,earthquake,1
3.4,24.65,29.0,5.41,2.76,17.96,0.44,1014.42,none,0
175.07,24.3,78.2,23.38,4.2,90.64,0.82,1004.86,flood,2
37.43,21.82,76.7,105.96,2.09,36.0,0.12,989.65,cyclone,2
42.36,21.46,88.93,38.08,2.56,39.25,0.41,969.28,cyclone,2
8.83,24.79,77.82,17.56,4.01,44.32,0.47,1021.75,none,0
19.93,22.65,30.87,12.2,2.61,18.27,0.41,1011.52,none,0
4.97,29.3,59.77,14.17,3.13,16.37,8.33,1016.31,earthquake,2
95.65,39.2,90.22,36.17,3.16,31.34,0.3,985.83,cyclone,2
71.08,35.49,68.31,146.17,2.36,15.32,0.4,963.29,cyclone,3
15.91,33.07,67.23,7.94,2.46,30.26,0.37,1018.41,none,0
21.04,28.32,62.08,4.85,1.74,38.86,0.07,1005.52,none,0
126.28,23.58,84.13,18.17,7.17,92.65,0.02,1005.03,flood,2
199.47,25.93,53.02,2.21,7.46,86.14,0.34,1011.25,flood,2
9.75,26.56,79.82,24.26,4.61,20.01,0.86,1019.93,drought,1
105.88,24.6,73.7,113.88,2.58,47.57,1.41,969.67,cyclone,3
24.22,32.13,61.86,14.47,4.4,46.06,5.07,1019.03,earthquake,2
29.92,26.29,32.32,5.35,3.01,19.57,0.22,1025.89,drought,0
97.46,27.25,97.93,106.0,3.11,32.01,0.0,996.34,cyclone,2
50.17,25.86,53.21,32.59,12.02,65.73,0.31,1013.51,flood,2
3.43,22.69,77.68,14.88,3.01,37.31,0.91,1004.6,none,0
12.32,27.88,59.25,15.92,1.11,29.85,0.31,1023.02,none,0
8.2,43.38,42.2,12.88,1.12,0.0,0.49,1012.54,drought,1
3.15,27.29,67.72,5.14,3.02,37.19,1.02,1001.45,none,0
1.18,33.38,36.19,17.87,3.99,0.0,0.77,1014.64,drought,1
116.89,35.22,88.45,3.32,4.3,98.54,1.04,1011.48,flood,1
2.53,32.58,80.35,27.48,2.92,48.29,0.46,1011.3,none,0
28.17,20.9,54.03,4.53,3.81,44.06,0.59,1020.24,none,0
99.74,28.41,85.45,201.97,3.25,45.76,1.46,984.02,cyclone,3
27.56,20.66,50.46,0.87,2.91,39.6,0.05,1011.04,none,0
11.18,18.74,83.56,7.58,3.93,49.35,0.15,1024.44,none,0
26.58,19.81,49.39,5.87,2.57,42.54,0.23,1019.81,none,0
2.09,30.99,57.02,4.21,1.33,41.27,0.8,999.8,none,0
32.59,19.7,90.75,164.99,3.2,37.6,0.93,997.3,cyclone,2
156.68,32.97,81.29,10.78,10.09,95.06,0.16,1007.1,flood,2
194.2,26.94,88.42,7.14,8.99,59.19,0.26,1003.05,flood,2
45.26,20.72,78.3,21.4,11.24,57.43,0.23,1006.15,flood,2
0.0,43.05,25.24,15.76,3.25,20.42,0.47,1011.84,drought,1
2.87,32.94,63.97,17.19,5.12,46.56,0.12,1009.3,none,0
17.87,27.63,48.97,14.79,1.57,31.91,0.25,1013.54,none,0
28.14,19.96,40.42,8.42,4.8,24.09,0.32,1011.03,none,0
30.05,35.55,75.11,139.39,4.18,27.99,0.13,992.35,cyclone,2
12.89,24.01,81.65,3.68,3.26,42.91,0.19,1010.49,none,0
53.51,20.8,82.23,19.31,5.03,65.52,0.64,1014.02,flood,1
5.07,34.06,41.46,24.54,2.7,64.93,0.05,1002.02,none,0
19.35,30.05,64.87,11.99,5.24,29.11,0.57,1025.54,none,0
10.33,32.7,64.58,10.55,3.69,17.61,0.31,999.22,none,0
18.8,36.69,27.99,1.91,1.61,19.48,0.06,1016.41,drought,0
0.0,33.91,39.35,6.17,3.54,3.75,0.32,1002.3,drought,1
19.06,18.85,54.56,15.74,3.72,51.8,1.28,1007.45,none,0
14.85,22.79,73.65,9.05,1.99,51.93,0.13,1002.87,none,0
17.37,24.59,47.5,19.62,1.44,45.7,0.32,1012.6,none,0
22.74,41.49,39.1,5.67,0.99,23.33,0.08,1009.91,none,0
16.91,25.32,70.08,11.58,1.95,49.15,5.82,1013.28,earthquake,1
32.14,25.98,37.33,4.44,3.24,21.93,0.74,1005.49,none,0
7.98,18.62,81.67,7.99,1.94,30.6,0.91,1018.1,none,0
67.97,20.9,73.0,17.24,5.33,48.04,0.24,1004.27,flood,2
110.84,19.84,87.97,6.87,6.22,42.37,1.37,1004.88,flood,2
76.87,23.53,80.61,130.65,3.19,43.83,0.05,992.84,cyclone,2
4.48,26.54,29.83,13.35,3.83,45.74,0.21,1020.46,none,0
29.41,26.14,66.43,4.95,3.94,36.49,0.89,1016.78,none,0
43.58,31.4,77.02,48.86,4.51,40.42,0.72,979.1,cyclone,2
10.82,22.4,47.98,10.72,2.68,43.57,0.08,1000.09,none,0
7.94,25.12,82.73,3.95,2.74,34.27,0.2,1020.03,none,0
30.38,25.23,71.58,5.86,1.88,44.29,8.94,1012.98,earthquake,2
6.87,26.76,40.75,39.52,1.96,38.14,0.03,988.26,none,0
13.8,25.68,37.29,13.04,3.18,34.98,6.09,1009.1,earthquake,2
47.77,30.66,76.11,56.49,1.3,42.38,0.42,979.55,cyclone,1
15.5,26.78,61.66,9.16,2.84,37.97,0.12,1012.57,none,0
29.35,25.18,83.46,87.45,4.27,31.66,0.27,954.2,cyclone,2
9.6,21.66,51.67,35.92,2.66,35.73,0.07,1011.28,none,0
122.48,24.97,72.63,17.5,8.22,69.55,0.18,990.52,flood,3
28.36,29.42,75.39,20.83,1.15,51.51,4.48,1015.71,earthquake,1
15.23,34.08,73.65,4.49,4.47,32.13,0.01,1017.18,none,0
5.04,22.21,51.81,8.98,2.14,24.26,0.0,1007.7,none,0
114.03,32.6,73.49,38.41,5.3,50.59,0.5,1024.2,flood,2
26.72,26.75,63.56,10.86,1.54,35.84,0.44,1001.67,none,0
0.0,27.25,39.57,3.66,3.43,19.75,0.59,997.32,drought,1
11.04,27.8,39.58,10.9,3.19,27.98,0.28,1012.76,none,0
10.58,27.23,55.71,16.73,2.32,37.78,0.09,1017.08,none,0
278.13,24.06,76.73,15.46,3.97,62.49,0.17,993.59,flood,2
64.88,25.71,46.26,13.81,8.61,63.68,0.13,1018.18,flood,2
118.95,40.29,76.63,9.31,4.78,70.81,0.41,1015.25,flood,2
11.17,30.62,49.2,8.48,2.49,21.85,0.23,1032.83,none,0
22.02,27.12,44.61,19.13,2.08,21.94,9.29,1018.77,earthquake,2
245.88,32.6,87.0,6.12,7.63,63.98,0.04,1014.2,flood,2
7.81,31.57,52.31,5.51,2.87,29.93,0.48,1015.19,none,0
20.11,25.3,51.61,17.53,1.87,25.8,0.14,1021.16,none,0
38.92,26.73,82.31,0.88,3.1,34.01,0.44,1015.85,none,0
14.14,26.38,67.25,16.68,3.57,42.45,8.4,995.96,earthquake,2
8.94,34.16,92.96,15.74,3.39,44.97,0.2,1022.56,none,0
134.71,17.72,69.61,6.61,8.05,72.28,0.72,1012.52,flood,2
10.44,28.52,58.74,5.69,1.99,21.21,0.01,1007.92,none,0
6.61,27.85,61.17,19.64,3.46,36.48,8.62,1012.19,earthquake,2
127.15,34.69,52.02,3.94,11.88,81.75,0.02,1008.87,flood,2
29.29,18.62,48.89,5.35,2.73,72.56,0.24,1013.68,none,0
45.95,25.96,56.33,20.09,3.65,29.52,0.95,1018.38,none,0
106.37,17.28,97.33,3.66,7.51,100.0,0.1,1011.24,flood,2
9.89,23.41,45.76,8.43,4.05,50.56,0.95,1002.74,none,0
107.53,38.8,91.2,13.21,5.05,63.99,0.53,1014.49,flood,1
5.54,31.86,32.94,1.9,4.24,27.93,0.63,1000.92,drought,1
24.47,31.42,60.17,6.46,3.16,37.28,0.34,1017.17,none,0
18.2,15.45,67.7,25.55,2.01,27.12,7.73,1032.29,earthquake,2
30.99,29.46,41.72,15.86,2.06,53.04,0.03,1006.76,none,0
7.83,29.0,63.06,4.3,4.81,45.53,0.06,1012.73,none,0
7.96,23.19,81.2,8.04,4.44,21.81,0.18,1009.33,none,0
128.56,24.65,82.88,4.12,11.74,61.24,0.04,1008.97,flood,2
84.7,30.88,78.0,92.04,3.8,19.29,1.86,974.27,cyclone,3
6.04,28.92,33.89,4.77,2.86,43.88,0.04,1016.84,none,0
17.38,23.28,52.04,17.15,2.33,27.69,5.51,1010.48,earthquake,1
31.77,21.12,61.68,17.61,1.88,37.26,7.81,1008.39,earthquake,2
10.65,23.99,78.11,14.24,3.62,16.9,0.09,1012.38,none,0
46.93,24.11,62.77,8.86,4.24,36.74,5.17,1017.51,earthquake,2
190.36,32.9,90.43,8.69,4.66,81.28,0.29,1017.1,flood,2
33.48,24.3,62.67,5.43,9.89,77.1,0.2,1011.73,flood,1
0.71,36.89,34.48,4.7,2.5,0.0,0.52,997.69,drought,1
37.82,30.58,86.01,10.51,5.89,80.85,0.04,1002.02,flood,1
7.86,33.14,49.26,9.25,1.91,44.83,0.55,1033.7,none,0
67.69,32.78,77.37,78.24,2.0,38.1,0.05,994.55,cyclone,2
102.62,20.92,78.96,62.96,2.29,28.83,0.02,966.38,cyclone,2
52.48,18.26,68.28,122.61,2.84,30.63,0.1,974.57,cyclone,3
20.31,25.08,66.91,10.25,2.4,7.39,0.0,1029.94,drought,1
8.31,15.03,53.09,5.21,5.46,40.44,0.38,1009.6,none,0
110.17,22.22,72.83,8.66,7.84,79.8,0.42,1000.43,flood,2
0.0,36.57,30.77,20.0,2.71,0.0,0.05,1006.94,drought,1
28.36,32.41,63.3,4.6,3.02,38.46,7.14,996.01,earthquake,2
107.33,31.56,100.0,8.36,5.62,81.86,0.31,1001.4,flood,2
119.19,23.15,69.41,12.15,7.19,49.24,0.92,1026.73,flood,2
129.83,31.66,62.22,17.84,7.81,51.67,0.56,1006.19,flood,2
132.12,30.67,95.63,8.52,12.42,73.89,0.32,1010.73,flood,2
11.78,20.38,30.79,3.06,4.26,12.05,0.22,1004.71,none,0
115.23,13.1,100.0,83.95,3.73,50.49,0.23,987.82,cyclone,2
7.39,25.89,88.15,6.34,2.02,22.58,0.18,1009.12,none,0
4.4,20.57,58.28,11.85,2.7,36.78,0.18,1027.99,none,0
86.16,21.0,83.67,38.04,8.87,55.76,0.29,1013.34,flood,2
70.03,19.05,63.32,17.27,4.64,63.57,0.1,994.88,flood,1
18.3,29.53,89.89,50.67,3.79,38.82,0.55,960.48,cyclone,2
16.95,34.24,39.4,10.47,3.21,41.17,0.27,1008.09,none,0
67.85,26.35,73.19,131.88,2.9,30.29,0.13,984.25,cyclone,2
75.66,22.39,91.66,228.9,4.23,43.73,0.18,982.94,cyclone,3
4.15,30.65,58.9,9.13,3.65,60.17,0.12,1020.72,none,0
160.86,27.61,57.2,7.55,5.4,56.3,0.2,994.45,flood,2
10.2,24.07,68.22,6.64,2.58,11.26,0.04,1016.36,none,0
13.5,23.6,71.48,3.09,1.5,33.71,0.11,1003.83,none,0
10.97,23.91,70.48,15.27,1.94,19.75,0.21,1005.83,none,0
5.32,24.77,75.66,4.43,1.81,46.11,0.23,1001.75,none,0
27.78,30.31,65.57,32.78,4.79,44.31,0.27,1018.31,none,0
20.39,36.1,59.79,10.38,3.74,45.71,0.51,1030.23,none,0
26.75,24.5,17.71,6.67,2.23,2.11,0.1,1029.41,drought,1
32.07,24.25,59.53,16.14,8.58,64.92,0.15,1000.02,flood,1
125.24,19.56,69.68,3.48,3.92,54.11,0.01,1018.68,flood,2
107.45,17.86,70.38,7.42,8.79,47.26,0.27,992.27,flood,2
33.69,28.55,30.37,3.71,2.52,27.44,0.61,1004.42,none,0
10.09,19.04,54.37,24.1,2.53,26.86,0.48,1015.22,none,0
13.35,26.65,38.75,5.69,4.51,45.29,0.09,1008.15,none,0
111.08,30.37,99.84,114.86,2.51,63.72,0.8,992.1,cyclone,2
1.49,37.83,58.18,6.57,3.49,21.36,0.17,1010.11,drought,0
1.63,28.18,68.17,24.52,3.58,36.09,8.39,1003.78,earthquake,2
88.6,22.38,72.1,12.76,8.81,63.82,0.12,998.88,flood,2
35.48,28.89,77.65,11.4,8.54,81.24,0.21,1005.21,flood,1
110.78,33.42,56.99,11.53,7.64,62.6,0.21,1010.57,flood,2
20.69,34.7,26.37,11.5,1.92,14.96,1.69,1021.02,drought,1
113.77,26.14,66.84,10.88,10.11,47.41,0.39,1018.12,flood,2
12.78,26.2,57.02,8.36,2.8,34.57,5.71,1019.31,earthquake,1
91.51,18.44,70.44,11.66,7.93,85.81,0.44,1012.66,flood,2
44.33,28.79,22.04,5.58,2.07,7.16,0.1,1004.69,drought,1
15.86,32.28,52.19,2.5,1.89,25.32,0.93,1024.7,none,0
202.22,34.77,60.32,21.16,8.5,82.29,0.02,1007.15,flood,2
7.99,18.08,66.88,5.08,2.23,31.07,0.27,1010.1,none,0
166.74,25.95,79.37,5.05,7.78,63.5,0.34,1002.63,flood,2
23.03,17.31,52.02,7.88,0.52,31.28,0.12,1013.51,none,0
12.04,25.62,66.25,4.38,2.76,44.31,0.37,1019.99,none,0
15.92,23.89,72.89,3.78,2.04,39.2,0.37,1027.79,none,0
13.6,18.47,32.4,2.96,2.74,28.47,1.05,1021.61,none,0
15.75,26.95,38.11,9.8,2.87,26.93,0.11,1021.95,none,0
5.28,24.18,33.65,18.76,2.76,44.24,0.02,1018.59,none,0
13.31,26.48,69.98,15.78,2.0,38.67,8.33,1025.98,earthquake,2
136.29,33.25,92.82,85.34,3.79,41.94,0.14,999.55,cyclone,2
5.73,36.45,85.79,18.97,2.78,31.91,0.08,1014.4,none,0
7.87,26.51,63.61,14.83,4.24,48.66,0.17,1017.0,none,0
10.31,19.5,39.05,8.56,3.03,29.87,7.93,1018.71,earthquake,2
2.05,24.14,87.52,21.59,2.8,9.07,2.2,1009.19,none,0
102.31,38.58,57.88,64.6,2.69,34.21,0.03,983.7,cyclone,2
40.02,21.46,49.26,9.21,2.3,17.26,0.8,1021.6,none,0
49.25,23.39,61.56,16.7,7.82,48.82,0.15,996.12,flood,1
11.83,23.76,80.66,12.06,2.45,40.9,0.2,1014.17,none,0
10.03,24.03,26.98,5.69,2.92,32.74,0.63,1022.53,none,0
13.29,26.07,80.33,4.41,1.01,36.97,0.26,1019.9,none,0
210.67,29.11,67.99,17.33,11.41,66.1,0.92,1012.15,flood,3
86.7,33.74,85.05,30.71,2.42,24.8,0.24,960.94,cyclone,2
0.0,22.62,31.45,15.32,2.77,2.46,0.22,998.51,drought,1
7.57,30.27,61.14,7.86,2.7,33.76,0.81,1022.47,none,0
5.71,32.01,50.0,37.62,4.18,19.92,0.61,1022.17,drought,1
128.37,32.44,75.85,8.5,10.4,69.88,0.47,1010.57,flood,2
20.51,27.22,73.68,20.1,3.44,29.66,8.15,1022.63,earthquake,2
19.39,37.39,42.28,5.81,2.57,17.3,0.66,1010.99,drought,1
59.43,18.72,76.3,18.31,1.78,38.15,4.38,1013.37,earthquake,1
1.7,32.46,1.52,5.93,2.76,18.28,0.53,1035.21,drought,1
114.71,28.5,76.27,41.81,5.93,91.97,0.18,1003.48,flood,2
31.63,31.22,13.0,5.05,1.51,21.31,0.24,1017.42,drought,1
0.0,32.12,49.79,13.99,3.37,7.84,0.22,1023.99,drought,1
0.0,20.17,50.23,15.87,2.08,1.99,0.18,1014.52,drought,1
28.73,23.88,53.54,3.24,3.06,0.0,7.95,1012.69,earthquake,3
21.91,28.61,54.1,19.35,3.27,21.39,0.25,1017.51,none,0
23.76,30.76,56.93,24.67,3.54,40.37,0.36,1015.41,none,0
145.57,21.06,62.47,4.81,5.31,44.09,0.51,1003.33,flood,2
18.57,32.14,54.07,4.85,3.07,47.75,0.98,1014.17,none,0
23.93,34.35,86.12,8.76,3.34,29.01,0.28,1015.03,none,0
13.95,29.82,29.66,11.54,4.41,46.56,3.0,1009.8,drought,1
29.57,28.85,55.5,18.49,3.24,38.82,2.86,1007.66,none,0
9.56,26.7,69.38,6.61,4.07,39.24,0.56,1022.02,none,0
7.08,24.28,49.2,17.18,3.66,42.65,0.5,1004.57,none,0
6.96,26.25,30.17,2.55,3.66,28.6,0.08,1020.35,none,0
0.0,38.62,49.58,8.54,3.48,11.86,1.34,1023.33,drought,1
173.71,27.53,63.39,7.55,6.22,51.09,0.25,1011.91,flood,2
30.22,35.04,74.97,35.87,3.03,20.45,0.04,1000.28,none,0
64.6,33.78,84.56,105.94,3.19,45.12,0.22,989.49,cyclone,2
25.91,20.09,83.8,7.55,2.04,48.17,6.37,1019.98,earthquake,2
77.78,35.78,100.0,98.94,2.93,26.76,0.44,987.83,cyclone,2
21.89,33.61,70.05,12.23,2.99,17.43,0.14,1013.45,none,0
50.45,35.48,57.64,90.55,3.85,38.48,0.15,980.44,cyclone,2
19.4,36.96,60.79,5.71,3.57,47.03,0.15,1020.02,none,0
26.54,31.18,64.3,9.15,3.35,33.93,0.46,1029.15,none,0
58.05,41.67,73.47,49.73,0.81,47.52,0.56,994.3,cyclone,1
28.91,19.6,53.6,11.86,3.59,45.96,0.18,1022.66,none,0
13.17,25.91,80.25,4.74,1.62,41.82,4.4,994.45,earthquake,1
8.92,30.98,57.23,6.4,4.58,28.56,0.67,1004.99,none,0
0.0,37.52,20.44,5.84,3.65,17.84,0.14,1009.58,drought,1
13.19,33.68,93.97,11.46,2.82,44.23,0.22,1029.06,none,0
219.3,24.96,76.15,3.51,12.15,70.35,0.16,999.13,flood,2
92.53,25.01,41.2,47.46,2.19,29.19,0.14,979.22,cyclone,2
17.98,27.91,43.69,17.55,1.42,0.0,0.76,1007.43,drought,1
12.11,29.25,45.18,7.16,3.53,8.87,0.08,1015.26,drought,1
177.5,25.43,25.73,12.99,8.67,59.2,1.78,1013.23,flood,3
93.34,26.52,60.07,13.98,6.2,72.28,0.54,1000.72,flood,2
2.12,34.11,24.18,12.69,3.02,33.99,0.1,1009.49,none,0
18.75,28.24,72.09,9.05,0.6,50.83,0.23,1005.28,none,0
6.17,35.29,55.04,3.67,2.74,38.03,0.05,1008.28,none,0
2.6,31.07,17.31,33.4,4.0,6.76,0.05,1013.6,drought,1
9.96,31.56,46.21,3.11,3.52,77.04,6.54,1013.87,earthquake,2
158.31,22.91,68.54,17.82,5.66,71.13,0.15,1023.12,flood,2
18.54,28.04,68.26,20.73,2.71,46.21,0.09,1003.65,none,0
9.44,20.11,88.15,8.07,2.75,33.9,0.32,1013.13,none,0
105.03,29.74,87.57,82.43,3.56,53.25,0.18,975.38,cyclone,2
5.47,24.03,69.18,8.49,2.69,39.87,0.05,1006.68,none,0
186.47,17.15,74.34,9.4,6.45,71.8,0.22,1003.88,flood,2
51.56,28.22,70.58,6.56,5.91,60.06,0.48,1010.55,flood,1
3.77,35.71,59.64,5.93,2.21,53.48,8.45,1018.34,earthquake,2
114.86,24.73,77.02,25.17,6.42,61.51,1.38,1004.3,flood,2
58.84,22.76,63.96,98.48,2.62,42.99,0.29,993.67,cyclone,2
89.13,32.09,66.21,59.87,4.65,55.8,0.23,984.78,cyclone,2
13.25,19.24,48.0,4.25,3.03,43.96,0.48,1008.49,none,0
137.16,25.47,72.91,8.0,5.62,62.29,0.01,1013.63,flood,2
13.47,30.96,65.7,4.03,3.66,40.58,0.01,1012.24,none,0
11.43,27.49,62.74,8.53,4.3,25.3,0.72,1013.23,none,0
129.55,33.58,88.85,14.21,4.22,48.61,0.21,1007.45,flood,2
12.43,27.15,62.08,5.84,2.44,35.54,7.89,1022.8,earthquake,2
11.27,26.14,93.79,9.93,3.35,30.05,0.24,1016.31,none,0
62.65,28.7,87.51,49.72,3.12,32.64,0.23,984.77,cyclone,1
24.09,26.36,90.22,6.78,2.62,21.55,6.74,1011.23,earthquake,2
9.19,40.02,21.8,7.89,2.67,38.08,0.05,998.2,drought,0
116.98,16.43,70.68,131.49,3.35,22.53,0.19,988.31,cyclone,3
1.07,23.9,77.88,8.13,2.8,39.7,6.25,1008.71,earthquake,1
9.7,28.77,40.0,9.74,2.36,36.76,0.33,1009.92,none,0
160.25,22.02,86.23,2.33,8.37,70.72,0.68,1020.23,flood,2
69.75,26.0,95.16,16.15,6.77,68.98,0.47,1015.85,flood,1
85.13,29.1,85.74,6.2,2.1,100.0,0.05,1007.99,flood,0
42.33,26.82,68.89,69.57,3.02,33.39,0.11,1011.57,cyclone,1
81.77,26.94,73.06,2.03,6.13,74.85,1.06,1003.22,flood,2
53.94,28.51,68.76,16.98,3.99,41.37,0.12,992.46,flood,1
21.36,33.83,52.98,7.78,4.16,39.58,1.22,1006.52,none,0
15.92,28.47,50.45,11.39,1.95,35.46,0.05,1002.72,none,0
13.77,26.16,92.2,14.18,1.81,30.59,0.45,1016.15,none,0
11.17,32.3,54.19,5.03,3.39,28.67,0.52,1005.62,none,0
143.17,24.17,79.43,24.97,2.93,43.56,0.2,958.15,cyclone,2
3.78,34.24,46.21,22.48,4.04,32.97,5.96,1018.68,earthquake,2
91.73,26.14,72.02,111.02,3.12,41.92,0.47,966.56,cyclone,3
30.95,19.73,66.5,7.37,3.58,53.04,0.67,1024.45,none,0
81.45,34.56,100.0,74.56,1.91,45.48,0.08,971.16,cyclone,2
25.54,20.58,53.31,10.49,2.78,17.39,4.88,1008.01,earthquake,2
0.0,30.76,21.91,19.19,4.04,20.48,2.24,1011.95,drought,1
8.56,27.21,74.31,31.14,4.11,43.07,0.48,1020.71,none,0
155.16,25.42,91.15,6.6,10.4,61.35,0.48,1017.05,flood,3
63.12,32.93,67.05,9.08,6.7,73.22,0.09,1020.65,flood,1
152.84,17.85,86.26,7.36,7.71,47.56,0.5,1028.1,flood,2
128.07,31.01,89.1,8.01,7.79,62.11,0.39,1022.68,flood,2
94.35,25.16,84.28,9.4,4.28,71.04,0.27,1010.47,flood,1
28.14,30.05,66.56,1.87,1.45,47.68,0.74,1012.74,none,0
6.97,33.75,80.68,9.22,2.54,29.96,0.01,1025.86,none,0
4.88,30.56,39.43,8.76,2.65,35.54,0.3,1013.42,none,0
5.23,37.08,28.37,18.55,3.59,11.87,0.44,1013.44,drought,1
173.76,24.44,66.28,22.18,7.03,75.04,0.08,1007.82,flood,2
12.67,20.38,45.12,22.22,3.55,19.16,5.87,1009.47,earthquake,2
16.43,30.25,75.48,9.42,3.33,41.67,0.11,1021.69,none,0
9.05,38.27,79.58,1.86,2.28,42.89,0.36,1004.95,none,0
8.01,30.93,67.53,6.46,0.79,9.25,7.42,1015.63,earthquake,2
77.85,19.27,100.0,116.24,3.13,28.45,0.3,989.48,cyclone,2
4.43,37.16,36.86,26.06,4.39,7.98,0.34,1012.7,drought,1
9.86,24.18,54.14,5.49,3.61,27.44,0.61,1013.81,none,0
13.46,30.42,47.65,23.46,4.66,20.7,6.44,1014.51,earthquake,2
25.44,21.61,80.83,21.96,1.78,24.68,0.03,1027.33,none,0
6.5,25.54,100.0,3.93,2.21,38.36,0.21,1003.64,none,0
0.0,40.05,22.74,4.99,4.0,0.0,0.14,1007.11,drought,1
2.7,22.62,52.93,17.12,2.44,48.79,0.09,1019.75,none,0
164.38,34.31,56.99,49.23,2.58,33.78,0.99,980.57,cyclone,2
31.36,34.26,15.8,5.29,2.83,19.45,0.14,1017.36,drought,1
21.22,31.67,76.62,96.08,1.28,11.89,0.14,975.48,cyclone,2
6.58,27.65,65.79,14.3,3.36,33.69,0.04,1015.84,none,0
41.71,30.82,54.55,3.55,1.9,26.62,0.75,1012.01,none,0
155.99,27.9,64.53,7.69,6.71,82.01,2.49,1007.89,flood,3
47.87,26.44,77.41,6.28,3.82,60.11,0.16,1005.68,flood,1
83.06,32.01,86.62,18.04,11.9,78.27,0.16,1012.03,flood,2
50.54,28.71,80.51,70.33,2.42,31.4,1.6,1006.5,cyclone,2
67.87,26.31,73.77,8.94,10.4,72.14,0.26,1005.96,flood,2
21.57,31.02,89.43,2.84,2.72,34.31,0.24,1016.05,none,0
35.86,28.06,100.0,7.6,7.18,51.52,0.48,1017.72,flood,1
12.91,21.03,57.46,28.69,4.06,38.59,0.06,1017.17,none,0
73.56,26.88,92.99,23.24,12.53,62.96,0.03,1017.36,flood,2
78.6,27.73,63.27,3.83,5.9,69.49,1.36,1005.54,flood,1
114.04,29.58,66.82,13.04,8.05,61.66,0.85,1000.87,flood,2
0.0,29.02,50.03,3.99,3.86,23.73,0.18,996.5,drought,1
12.61,24.45,57.42,12.53,3.31,28.35,0.44,1015.42,none,0
19.31,38.09,36.71,5.23,3.1,0.0,1.65,1019.96,drought,2
7.15,23.48,44.86,11.89,1.65,31.03,0.24,1015.53,none,0
51.42,23.86,88.73,141.77,3.89,36.97,0.18,992.5,cyclone,2
4.87,28.51,61.2,9.74,2.2,47.5,0.46,1013.71,none,0
53.46,29.91,70.83,94.3,3.2,36.78,0.07,975.66,cyclone,2
64.44,31.31,80.8,4.82,5.33,79.39,0.15,1009.3,flood,1
87.04,27.77,87.13,136.46,2.77,19.76,0.07,971.59,cyclone,3
136.77,33.54,96.31,17.75,5.39,60.81,0.77,1005.26,flood,2
11.35,21.21,70.99,15.17,0.48,36.23,0.06,1001.48,none,0
86.31,21.94,79.53,66.24,4.19,47.24,0.91,981.7,cyclone,2
20.39,25.87,53.93,13.0,2.03,23.82,0.01,1005.82,none,0
115.11,28.16,96.61,12.27,7.69,59.96,0.13,1012.52,flood,2
22.13,26.81,61.56,9.9,2.61,37.21,0.29,999.72,none,0
103.25,27.36,71.75,11.08,6.44,69.02,0.12,1001.6,flood,2
11.45,39.79,69.03,25.32,1.95,15.29,0.52,1019.55,drought,1
5.3,27.42,70.61,20.66,3.26,17.75,6.12,1007.23,earthquake,2
25.35,26.44,98.31,3.56,4.46,45.95,5.84,1024.59,earthquake,2
71.73,23.52,100.0,29.28,3.06,40.61,0.16,1000.05,cyclone,1
185.46,25.39,92.47,23.33,7.08,86.22,0.1,1012.05,flood,2
99.17,15.23,100.0,67.39,2.33,15.75,0.37,975.21,cyclone,2
25.89,28.13,47.29,24.95,1.2,64.89,7.77,1013.85,earthquake,2
42.14,31.25,82.98,12.11,3.32,13.96,0.39,1015.37,none,0
5.43,30.58,29.4,2.2,3.01,48.71,0.08,1023.3,none,0
12.44,33.14,34.54,11.15,3.96,50.54,6.87,999.42,earthquake,2
85.93,21.11,72.29,4.48,12.52,65.94,0.2,1004.17,flood,2
52.24,20.94,75.86,103.02,3.88,34.35,0.21,959.89,cyclone,2
168.07,29.21,66.24,12.84,8.18,61.99,0.1,1006.81,flood,2
16.26,21.67,19.48,3.29,2.35,14.17,0.42,1002.3,drought,1
6.4,25.37,64.99,7.74,4.26,27.83,0.55,1001.94,none,0
61.89,23.9,78.09,18.18,6.57,61.57,1.52,1013.06,flood,1
8.22,22.98,58.59,12.15,1.59,19.11,0.37,1023.01,none,0
18.08,31.13,65.92,16.35,2.36,48.97,5.57,1013.84,earthquake,1
9.15,22.05,57.64,21.07,4.89,32.4,0.76,1021.07,none,0
61.19,27.78,73.24,4.91,5.22,30.29,6.22,1008.48,earthquake,2
122.69,25.71,78.15,11.16,4.92,76.73,0.66,995.97,flood,2
9.88,29.48,45.15,38.93,3.1,42.52,5.14,1011.11,earthquake,2
12.47,24.4,53.24,3.53,3.56,20.33,0.22,1016.66,none,0
24.32,28.43,59.78,28.04,2.32,55.15,0.4,1017.18,none,0
8.65,18.18,64.28,22.01,3.54,44.7,1.44,1019.57,none,0
270.34,29.15,47.38,3.27,7.64,57.63,0.19,1004.56,flood,2
10.37,25.03,55.37,8.66,3.49,22.85,1.11,1006.15,none,0
5.38,30.94,78.22,20.62,3.55,37.02,0.18,1007.15,none,0
95.86,17.75,83.88,85.23,4.05,45.84,0.35,994.24,cyclone,2
9.01,29.29,54.84,9.12,4.78,23.69,8.15,1020.07,earthquake,2
7.59,23.7,80.25,3.77,2.58,39.88,1.13,1009.97,none,0
12.91,22.7,72.78,7.77,3.91,64.82,0.27,1015.69,none,0
24.26,15.29,36.07,5.24,2.52,34.0,0.06,1014.29,none,0
83.16,34.07,68.27,9.02,9.7,74.34,0.55,1027.05,flood,2
21.76,24.9,64.66,4.13,4.08,40.66,0.14,1004.41,none,0
23.24,20.01,46.89,8.67,2.44,44.21,0.14,1018.74,none,0
11.08,15.52,39.27,16.02,2.99,33.15,3.89,1005.26,earthquake,1
47.0,23.37,100.0,39.65,2.68,34.03,0.25,972.32,cyclone,2
11.57,16.46,53.82,12.58,0.0,50.57,0.13,1011.76,none,0
14.72,31.35,65.25,25.57,4.7,53.25,1.45,1024.32,none,0
41.89,29.07,73.35,18.61,6.05,74.81,0.02,1006.12,flood,1
35.4,18.52,52.63,18.28,2.12,39.66,0.55,1020.77,none,0
3.27,28.95,63.65,6.91,3.56,27.6,0.2,1022.64,none,0
1.87,26.14,64.47,16.54,4.1,35.33,0.78,1022.6,none,0
79.59,25.39,47.11,6.29,9.68,77.32,0.07,994.19,flood,2
4.1,32.41,91.72,9.39,3.22,55.95,0.02,1011.3,none,0
144.92,23.37,84.75,9.04,4.5,61.21,0.12,1016.71,flood,2
5.5,31.88,61.37,14.56,5.35,38.08,0.31,1008.97,none,0
48.85,28.43,94.77,91.33,1.86,45.39,0.18,1005.41,cyclone,1
14.27,30.65,77.08,5.32,2.2,50.91,0.47,996.99,none,0
20.91,31.95,60.72,7.48,3.42,30.56,5.39,1004.33,earthquake,2
17.89,25.46,60.65,5.48,3.62,49.14,0.09,1008.39,none,0
3.22,23.9,70.34,21.5,4.89,41.95,0.66,1017.65,none,0
52.65,35.62,71.8,37.67,4.2,35.31,0.58,997.35,cyclone,1
14.83,32.63,64.95,2.27,2.83,40.88,0.12,1014.75,none,0
13.8,35.63,68.88,9.6,4.33,14.84,0.55,1015.35,none,0
11.08,28.93,84.86,8.01,3.31,36.14,0.22,1017.88,none,0
5.56,20.53,60.55,21.82,2.87,58.51,0.12,1025.77,none,0
38.35,33.35,68.29,26.48,4.46,95.78,0.4,994.35,flood,1
10.06,21.13,65.83,7.05,2.79,41.61,0.47,1029.72,none,0
2.41,27.52,71.5,6.14,2.2,44.52,7.68,1015.63,earthquake,2
85.63,17.71,85.79,83.46,2.0,31.06,1.33,974.92,cyclone,2
14.48,26.18,48.7,4.63,1.68,28.33,6.57,1008.84,earthquake,2
43.3,22.7,66.14,13.88,6.58,29.75,0.03,1001.06,flood,1
16.32,26.34,62.25,20.64,1.24,35.24,0.04,1028.55,none,0
14.3,34.74,47.41,17.36,4.1,37.75,0.15,1005.77,none,0
2.51,36.91,53.2,11.77,4.1,44.56,0.1,1005.99,none,0
185.97,22.63,67.82,22.75,7.03,66.02,0.47,1002.98,flood,3
48.89,29.8,97.1,116.37,1.3,41.65,0.16,972.25,cyclone,2
35.8,26.18,46.76,1.56,2.61,55.61,0.11,1013.01,none,0
1.09,23.03,73.0,9.89,3.22,49.81,0.12,1017.95,none,0
63.32,26.55,100.0,112.13,1.25,18.12,0.03,981.62,cyclone,2
185.27,23.78,77.93,13.22,5.65,75.39,0.09,1003.39,flood,2
16.79,32.83,50.33,20.48,3.27,49.18,0.65,1017.32,none,0
8.96,15.21,68.29,7.04,3.04,63.07,0.37,1008.25,none,0
229.71,31.71,68.64,9.08,5.92,99.41,0.11,1009.95,flood,2
138.83,28.0,82.03,13.05,11.03,42.49,0.15,1006.28,flood,2
121.11,30.46,42.79,5.16,9.25,57.27,0.06,993.68,flood,2
93.25,30.86,81.71,10.82,3.17,62.18,2.02,1017.15,flood,2
107.11,22.79,78.52,96.31,2.15,34.65,0.51,986.04,cyclone,2
10.25,40.34,32.23,1.01,3.41,11.24,0.51,1018.44,drought,1
15.69,25.08,60.52,3.8,3.02,26.72,0.2,1002.59,none,0
42.43,32.62,100.0,43.73,2.02,37.79,0.47,982.72,cyclone,1
84.99,33.45,100.0,74.72,2.69,38.69,0.19,994.3,cyclone,2
11.4,31.8,75.38,17.91,2.07,22.61,0.61,1005.79,none,0
68.25,21.36,86.89,11.33,5.95,77.61,0.09,1013.14,flood,1
4.05,32.43,69.55,8.79,3.27,50.39,0.37,1014.19,none,0
188.91,26.93,52.59,42.16,3.12,75.92,0.46,1012.82,flood,2
12.42,37.51,39.22,7.72,3.19,37.02,0.35,1002.87,none,0
132.29,25.78,47.21,4.74,8.52,66.01,0.11,1003.67,flood,2
5.23,27.65,85.52,18.35,3.26,46.68,0.06,1015.06,none,0
5.9,31.5,52.77,12.5,3.2,26.7,0.09,1019.51,none,0
15.82,28.03,60.46,6.23,1.65,25.71,9.24,1019.81,earthquake,2
17.25,23.23,77.71,27.17,3.83,34.57,4.85,1013.99,earthquake,1
0.0,33.12,34.26,10.86,2.88,23.59,0.37,1008.12,drought,1
104.27,35.56,92.78,5.66,7.57,54.77,0.59,993.66,flood,2
8.9,23.2,68.62,7.89,4.12,35.87,6.53,1001.89,earthquake,2
38.28,29.71,52.15,5.6,2.69,24.56,0.02,1010.87,none,0
7.87,33.74,90.16,11.01,2.89,24.43,0.55,1017.67,none,0
50.59,22.06,65.78,49.44,2.75,54.39,0.16,975.75,cyclone,2
46.88,33.53,83.17,19.04,3.18,37.72,0.36,1007.66,none,0
3.26,16.09,56.0,11.88,1.43,51.49,0.56,1009.27,none,0
2.82,18.17,51.69,7.37,2.4,27.94,0.0,1021.0,none,0
33.33,26.68,55.3,31.35,1.89,41.45,0.11,1019.93,none,0
109.81,25.61,62.75,5.1,9.34,78.86,0.05,1032.64,flood,2
8.63,36.52,46.06,10.28,2.43,8.3,0.25,1006.67,drought,1
48.59,16.15,37.23,2.15,2.43,28.61,2.13,1003.27,none,0
8.88,31.84,72.21,6.7,2.68,42.35,0.24,1006.67,none,0
8.68,28.22,73.94,8.76,2.91,23.31,0.84,1024.05,none,0
0.0,45.49,55.05,6.12,0.84,19.17,0.56,1012.09,drought,0
12.12,35.33,35.05,2.78,3.8,30.2,0.0,1013.36,drought,0
12.96,32.55,67.95,12.87,2.56,47.99,0.05,1009.2,none,0
21.69,21.92,58.11,24.9,3.97,54.31,0.03,1023.57,none,0
18.32,24.92,68.14,11.41,5.82,32.88,0.2,1006.9,none,0
15.94,35.24,60.49,15.13,5.78,35.95,8.78,1010.42,earthquake,2
8.6,32.88,56.52,6.51,2.03,7.37,0.21,1022.88,drought,1
10.79,24.55,48.39,16.28,3.58,30.28,0.54,1005.57,none,0
17.42,34.76,59.42,6.89,3.76,38.93,0.95,1005.13,none,0
12.1,31.65,28.7,28.41,2.19,30.29,0.03,1010.17,none,0
21.87,26.81,67.09,12.43,2.41,21.96,0.57,1005.98,none,0
16.29,30.32,31.52,13.69,5.76,34.44,0.73,1020.66,none,0
39.51,25.02,64.92,10.94,1.68,32.83,0.32,1018.14,none,0
45.54,21.68,86.18,93.1,3.62,17.1,0.0,979.6,cyclone,2
80.76,29.17,64.7,95.42,1.5,37.7,0.15,1008.23,cyclone,2
0.0,24.08,19.45,16.93,4.91,5.87,0.09,1010.59,drought,1
58.08,26.18,81.54,14.22,4.03,78.97,0.89,1008.06,flood,1
49.16,25.85,41.85,109.41,3.58,26.21,0.11,977.26,cyclone,2
0.0,29.3,24.38,5.88,2.51,13.14,0.15,1010.35,drought,1
120.82,19.53,71.03,15.72,5.71,45.35,0.01,1000.59,flood,2
31.08,21.44,67.21,4.58,1.85,32.67,0.2,1021.75,none,0
103.44,29.0,78.61,94.31,1.9,28.63,0.42,993.95,cyclone,2
25.79,30.89,46.47,8.81,2.86,19.32,0.04,1005.93,none,0
16.05,24.62,95.16,59.64,4.94,32.14,0.01,965.43,cyclone,2
22.83,28.57,24.26,1.79,3.08,38.71,0.76,1012.35,none,0
12.9,30.56,64.64,9.65,2.96,56.43,0.62,1004.4,none,0
78.97,27.68,88.74,9.03,4.49,61.28,0.94,998.94,flood,2
10.93,28.49,68.02,17.58,4.91,37.41,0.44,1013.57,none,0
15.66,29.79,57.35,10.9,3.42,28.09,0.85,1021.19,none,0
32.98,39.77,32.03,2.05,3.64,0.77,0.19,1009.74,drought,1
112.9,27.98,75.76,100.71,3.75,38.63,0.42,966.13,cyclone,3
9.83,28.99,57.55,6.84,2.72,35.65,0.03,1013.32,none,0
46.86,30.58,89.92,166.57,1.34,40.44,0.18,968.9,cyclone,2
65.03,23.96,82.67,67.49,4.33,27.75,0.09,979.18,cyclone,2
40.39,31.77,90.29,57.97,1.84,37.4,1.72,991.26,cyclone,2
20.6,33.33,89.39,6.79,3.09,58.06,0.05,1015.53,none,0
4.48,31.55,49.88,8.18,2.8,21.39,0.79,1013.1,none,0
68.48,22.43,62.33,8.64,5.07,49.98,0.47,1001.98,flood,1
2.75,30.68,71.57,6.68,2.52,41.69,0.51,997.44,none,0
118.74,28.62,50.01,15.07,12.6,40.37,0.12,1001.18,flood,2
7.0,31.33,67.56,21.75,2.67,29.75,4.57,1011.85,earthquake,2
6.12,23.35,58.26,10.22,3.84,21.53,4.68,1007.5,earthquake,1
98.53,26.58,99.61,199.52,2.33,36.77,0.74,1003.43,cyclone,2
13.64,24.54,83.55,11.51,4.31,42.84,0.41,1015.36,none,0
8.23,28.07,68.17,4.79,3.34,51.24,0.23,1008.11,none,0
11.47,21.72,72.43,16.74,3.27,40.97,5.05,1009.76,earthquake,2
0.0,18.8,0.0,7.73,4.76,35.37,0.05,998.36,drought,1
65.0,26.09,64.94,81.17,2.96,30.01,0.06,985.33,cyclone,2
0.0,25.76,11.74,7.57,2.4,17.87,0.04,1004.59,drought,1
6.74,31.45,72.42,1.03,4.14,38.03,0.36,1009.41,none,0
76.96,38.23,79.39,101.65,2.86,12.73,0.06,944.55,cyclone,3
16.74,32.07,29.6,3.11,2.59,35.15,0.51,1001.41,none,0
71.33,33.57,81.18,62.78,1.84,19.98,2.03,970.95,cyclone,2
17.02,33.73,41.9,11.18,2.37,1.13,0.03,1006.42,drought,1
111.37,25.91,88.89,32.01,10.68,85.5,0.08,1020.19,flood,2
0.0,37.88,26.27,16.45,4.02,36.88,0.42,1008.25,drought,1
0.0,28.27,2.38,16.27,3.22,0.0,1.01,1007.3,drought,1
8.85,26.42,37.08,43.66,2.16,12.48,0.16,1021.34,drought,1
38.93,34.27,70.4,23.46,2.18,39.17,6.54,1025.36,earthquake,1
55.26,27.76,94.91,2.87,5.82,79.66,1.06,1013.12,flood,1
9.43,23.17,53.6,16.7,2.65,51.28,0.49,1020.12,none,0
25.74,23.76,67.04,5.1,2.06,23.72,0.03,1034.55,none,0
3.92,21.28,44.03,5.69,2.06,49.02,0.16,1012.19,none,0
22.63,20.12,83.99,5.18,2.12,26.11,0.02,1011.85,none,0
152.49,20.17,75.6,9.37,4.21,71.33,0.04,996.75,flood,2
31.86,28.54,64.8,7.94,3.52,43.02,2.28,1014.33,none,0
163.74,29.56,68.98,7.25,10.41,66.53,0.01,1002.83,flood,2
15.01,26.73,62.1,19.47,2.44,41.24,0.49,1009.58,none,0
40.87,20.3,57.61,84.13,2.67,42.38,0.45,970.79,cyclone,2
19.17,24.39,48.94,7.45,2.48,53.94,0.48,997.62,none,0
15.94,21.19,58.48,7.32,2.49,40.13,5.55,1023.99,earthquake,1
142.01,28.84,76.51,11.68,7.58,72.17,0.05,1002.58,flood,3
12.0,35.0,62.5,5.41,3.25,37.09,0.34,1007.42,none,0
4.78,30.14,42.71,29.89,4.15,6.19,0.72,1014.76,drought,1
19.52,38.04,60.33,4.61,2.71,33.61,0.04,1010.87,none,0
14.13,36.25,55.94,17.66,4.34,25.4,7.99,1013.19,earthquake,2
0.0,26.16,23.37,4.42,3.51,0.0,0.12,1013.01,drought,1
3.57,25.77,71.77,27.89,1.74,40.35,0.07,1005.42,none,0
83.78,29.82,80.01,124.63,3.72,32.81,0.44,996.84,cyclone,2
12.04,17.16,60.39,2.39,2.69,23.36,0.14,1017.78,none,0
10.56,33.88,67.63,18.74,5.7,44.54,0.2,1013.42,none,0
116.26,28.17,79.16,8.69,8.35,57.05,0.47,1010.03,flood,2
35.15,30.36,42.14,15.0,4.07,29.89,0.42,1024.96,none,0
18.88,25.75,52.05,12.04,2.02,57.88,0.05,1004.67,none,0
66.54,26.84,79.93,2.73,9.62,67.18,0.08,1016.74,flood,2
102.93,28.43,64.39,17.24,3.54,65.47,0.11,1002.59,flood,1
9.9,36.3,72.38,7.1,3.2,43.27,0.13,1026.05,none,0
13.96,22.76,76.62,6.54,2.51,38.98,6.9,1024.73,earthquake,2
3.9,30.13,63.48,11.88,2.95,25.25,0.11,1016.07,none,0
7.57,36.37,59.23,2.3,2.43,10.83,0.01,1016.19,none,0
1.6,37.88,81.29,9.78,2.43,41.03,0.01,1010.18,none,0
32.11,20.58,55.86,13.45,2.41,53.6,0.25,1005.78,none,0
10.4,23.59,62.98,43.28,3.96,28.53,0.14,1018.1,none,0
165.98,18.84,66.46,13.49,10.56,82.5,0.2,997.24,flood,3
24.04,32.91,25.99,11.07,4.39,19.73,0.23,1017.29,drought,1
173.48,34.28,96.66,5.83,3.45,76.79,0.91,1009.19,flood,2
14.19,28.16,59.21,7.7,2.61,41.84,0.4,1004.55,none,0
24.07,22.65,53.41,0.67,3.4,40.33,1.01,1012.4,none,0
141.99,22.01,88.38,12.14,7.61,78.03,0.94,1009.3,flood,2
14.71,21.17,95.28,3.57,2.91,28.15,1.44,1007.15,none,0
43.02,23.4,66.82,11.09,1.63,15.16,0.22,1012.21,none,0
3.22,20.67,35.15,23.68,1.9,40.3,4.68,999.44,earthquake,1
32.18,21.62,40.8,5.75,4.38,35.6,0.05,1008.69,none,0
26.28,25.77,36.0,8.23,2.3,47.72,0.06,1019.62,none,0
142.59,23.79,86.79,16.72,5.37,62.71,0.21,996.49,flood,2
5.92,23.02,65.24,1.96,3.72,42.99,0.01,1013.68,none,0
8.88,34.19,41.37,6.67,3.31,29.62,0.25,1029.96,none,0
62.42,27.23,79.08,117.1,2.99,41.42,0.76,985.56,cyclone,2
8.15,33.48,72.42,6.24,2.69,42.27,0.11,998.76,none,0
150.18,23.06,74.61,21.1,5.24,81.42,0.27,1010.33,flood,2
13.52,29.9,73.69,11.66,2.88,20.62,0.27,1011.44,none,0
61.77,27.02,92.6,140.85,2.33,39.66,0.68,991.26,cyclone,2
29.84,20.87,98.39,94.55,1.69,57.91,0.21,994.74,cyclone,1
41.32,29.67,68.68,9.8,7.32,66.47,0.06,1002.0,flood,2
21.64,29.12,45.97,10.62,1.91,41.13,0.12,1022.94,none,0
91.91,32.37,98.76,8.63,13.49,47.04,0.3,1015.0,flood,2
21.28,30.89,61.34,4.79,3.49,27.6,6.43,1010.11,earthquake,2
64.05,22.39,96.92,7.29,7.27,57.21,0.41,1001.61,flood,2
97.34,26.97,61.6,2.47,7.21,100.0,0.73,1009.46,flood,2
64.16,26.8,95.68,37.43,3.87,37.45,0.54,995.15,cyclone,2
21.11,30.12,52.44,6.77,4.02,15.65,0.18,1005.59,none,0
21.48,13.53,47.99,9.99,1.32,36.19,0.46,1023.09,none,0
28.46,20.84,58.6,13.66,1.13,33.69,1.44,1009.67,none,0
12.85,28.68,63.07,7.13,4.05,26.45,0.34,1018.1,none,0
2.91,28.3,54.22,13.44,2.78,32.33,1.04,1010.2,none,0
30.3,34.79,81.79,88.08,2.76,37.98,0.22,988.03,cyclone,1
9.0,28.5,70.03,1.9,4.43,22.02,0.38,1011.1,none,0
205.49,28.67,68.38,16.21,5.5,100.0,0.69,1005.56,flood,2
60.63,31.95,75.86,8.59,4.95,68.96,0.34,1008.85,flood,1
33.93,30.03,77.62,7.24,3.01,12.19,0.14,1010.17,none,0
141.82,14.58,93.93,35.55,8.5,78.71,0.41,998.44,flood,3
8.99,25.74,49.12,6.63,3.25,24.51,0.08,1014.39,none,0
104.8,27.66,64.13,5.55,9.06,70.27,0.21,1011.54,flood,2
61.28,24.63,100.0,3.81,10.47,79.84,0.63,1000.08,flood,2
8.54,26.24,82.12,31.23,3.25,25.33,0.63,1013.28,none,0
70.87,31.99,80.86,12.75,7.63,68.8,0.78,999.07,flood,2
84.43,25.45,88.76,58.85,2.98,52.84,0.44,979.32,cyclone,2
3.35,22.49,44.61,18.54,1.94,28.13,0.14,1001.01,none,0
33.43,21.18,56.57,6.16,2.03,36.59,0.11,1021.84,none,0
11.65,18.38,82.63,16.28,2.42,57.73,0.3,1007.94,none,0
16.22,29.85,58.7,12.87,3.55,15.69,1.76,1007.2,none,0
9.47,31.36,49.37,2.12,2.43,37.75,0.34,1011.69,none,0
37.08,27.74,77.04,13.94,4.29,22.19,0.0,1004.83,none,0
7.15,29.59,20.29,2.34,2.75,6.34,1.82,1007.53,drought,1
3.6,24.76,29.05,44.73,3.04,34.31,0.64,1043.39,none,0
130.0,31.96,97.31,10.06,6.45,61.71,0.06,1005.82,flood,2
9.34,30.03,64.56,37.33,3.39,31.84,0.12,1009.93,none,0
53.41,32.28,87.85,61.85,3.27,37.78,0.04,980.9,cyclone,2
14.99,19.47,88.87,37.42,2.7,39.08,0.4,1008.35,none,0
62.82,37.89,92.78,22.23,7.87,60.85,0.69,1011.86,flood,2
8.3,20.25,59.77,17.63,2.17,31.88,5.05,995.17,earthquake,2
1.14,24.3,36.57,32.89,3.96,43.98,0.22,1000.08,none,0
72.04,22.62,87.23,54.04,3.07,64.53,0.24,966.78,cyclone,2
11.38,29.06,51.94,7.93,1.45,0.0,0.27,995.74,none,0
84.06,24.13,93.51,80.29,4.44,61.38,0.62,986.26,cyclone,2
29.08,26.9,68.84,11.64,2.74,38.4,0.26,999.44,none,0
19.97,34.85,37.41,3.96,3.31,33.97,0.19,1015.82,none,0
14.39,28.03,59.43,28.57,1.85,21.26,0.7,1003.8,none,0
8.33,25.36,56.49,5.65,2.82,30.29,0.06,1021.53,none,0
0.0,42.05,18.01,25.9,1.99,12.89,0.02,1010.21,drought,1
59.26,33.13,85.87,4.83,9.95,62.23,0.74,1004.53,flood,2
205.96,33.25,80.48,6.58,7.12,47.9,1.62,1006.65,flood,2
0.0,28.84,32.86,55.07,4.7,23.23,0.04,1010.32,drought,1
23.94,23.81,71.35,7.06,2.59,57.05,1.21,1022.61,none,0
83.87,20.3,75.99,79.36,3.01,14.01,0.07,1002.83,cyclone,2
14.14,38.62,9.11,15.91,0.77,0.22,0.03,1024.3,drought,0
6.55,26.03,68.24,2.13,3.07,14.95,0.17,1023.62,none,0
36.59,33.65,43.0,9.98,3.64,0.0,0.02,1008.19,none,0
8.93,23.27,64.27,15.85,2.64,38.78,8.08,1020.33,earthquake,2
2.55,18.86,66.32,19.84,3.07,43.75,0.53,1016.54,none,0
6.16,36.31,56.53,16.61,2.48,19.31,7.46,1008.61,earthquake,2
11.66,35.02,49.4,7.25,5.67,32.4,0.25,1009.64,none,0
10.44,31.32,71.53,6.99,2.09,44.1,0.2,1020.48,none,0
48.05,32.5,58.01,18.36,3.64,33.73,0.49,1013.13,none,0
11.06,29.15,44.81,2.5,1.49,26.85,0.18,1022.94,drought,0
114.29,23.49,64.72,101.47,2.88,35.23,0.05,975.35,cyclone,3
26.57,33.83,82.98,15.42,4.46,48.99,0.24,1014.49,flood,1
47.21,17.64,59.33,108.69,2.96,43.22,0.47,987.25,cyclone,2
85.92,20.22,73.57,63.41,2.94,34.36,0.62,973.52,cyclone,2
20.31,25.09,53.7,10.22,3.85,34.29,0.91,1009.2,none,0
18.78,31.29,63.18,8.07,3.58,22.19,8.37,1021.73,earthquake,2
19.85,29.26,43.7,20.37,2.69,29.37,0.33,1005.17,none,0
89.73,20.36,96.57,69.6,4.26,26.92,0.05,975.11,cyclone,2
1.62,41.69,26.8,4.57,3.1,8.33,0.06,1022.53,drought,1
60.34,35.9,79.76,137.45,2.71,45.23,0.23,1002.72,cyclone,2
13.61,36.89,41.07,4.92,3.31,16.08,0.77,1008.11,drought,1
14.9,26.27,56.5,5.93,2.02,55.75,0.28,1024.96,none,0
172.84,33.7,100.0,5.21,5.69,79.16,0.31,1004.98,flood,2
29.9,31.8,58.07,18.95,2.84,58.16,0.07,1015.2,none,0
17.62,28.99,65.12,3.66,4.35,28.97,0.36,1006.24,none,0
131.4,29.85,60.38,14.26,8.14,51.06,0.33,1014.92,flood,2
61.28,29.59,77.8,10.04,5.72,63.05,0.7,1006.12,flood,1
33.59,27.5,25.16,24.35,2.79,32.96,0.39,1029.43,none,0
52.97,33.09,65.8,7.75,15.95,60.66,0.45,1007.23,flood,1
0.0,33.38,26.89,3.67,3.62,19.0,0.06,1023.84,drought,0
25.37,29.5,77.92,82.57,2.21,48.66,0.35,970.3,cyclone,2
125.46,29.96,71.56,74.62,2.42,41.73,0.77,983.17,cyclone,2
122.32,37.75,59.98,18.17,7.9,75.74,0.25,1003.48,flood,2
0.0,32.5,8.04,25.77,4.21,11.27,1.4,1026.49,drought,1
53.53,23.04,90.47,9.99,5.55,82.53,0.2,1007.25,flood,1
13.97,28.93,60.96,5.45,3.33,11.68,0.39,1018.22,none,0
3.99,27.4,57.46,13.08,3.23,33.91,0.19,1025.7,none,0
3.69,23.58,69.96,13.5,2.97,46.7,0.91,1015.71,none,0
100.54,15.38,74.43,22.34,8.52,80.22,0.38,1000.17,flood,2
262.95,32.27,100.0,40.68,4.02,50.89,0.04,1006.78,flood,2
10.53,27.25,40.86,13.17,3.57,34.47,0.6,1018.8,none,0
3.54,28.26,39.91,11.63,2.3,39.08,5.42,1016.61,earthquake,1
4.43,27.63,75.56,1.51,1.36,34.33,0.06,1000.24,none,0
0.13,22.21,43.6,10.13,4.25,18.77,0.1,1017.27,drought,1
7.42,26.19,67.64,18.75,4.1,21.15,0.52,1020.83,none,0
173.93,15.63,82.66,14.98,6.17,54.72,0.03,1014.81,flood,2
105.75,27.95,99.4,11.3,6.1,53.56,0.71,1001.88,flood,2
9.15,18.76,16.11,21.97,2.2,38.73,0.54,1007.25,none,0
13.58,23.79,46.37,8.96,3.81,32.77,0.47,1017.88,none,0
1.26,21.78,55.98,4.6,3.86,14.3,7.62,1004.2,earthquake,2
23.43,23.61,74.55,33.35,4.11,11.8,0.92,1010.83,none,0
23.63,27.5,62.28,30.9,2.35,20.05,0.84,1013.41,none,0
0.0,22.98,45.72,10.24,3.14,0.0,0.65,1020.63,drought,1
18.58,26.85,70.41,77.52,2.91,13.47,0.12,979.86,cyclone,2
10.21,25.12,63.75,30.61,2.85,27.43,1.06,1017.72,none,0
24.1,23.35,46.27,15.5,2.21,36.61,0.81,1016.9,none,0
125.53,21.44,80.08,60.73,1.46,42.96,0.19,991.89,cyclone,2
204.29,25.52,100.0,4.15,4.95,40.24,0.16,1027.59,flood,2
33.41,24.65,39.35,42.18,2.28,44.47,1.32,1022.06,none,0
108.75,24.62,77.93,9.72,7.72,66.56,0.12,1004.96,flood,2
25.2,31.12,54.14,13.95,1.83,41.06,0.55,1023.51,none,0
94.08,25.21,88.02,27.48,10.35,65.0,0.0,1005.76,flood,2
12.11,29.07,69.41,44.48,3.98,62.14,0.27,1013.67,none,0
13.1,33.4,52.58,24.05,3.25,46.52,0.24,1014.26,none,0
1.87,22.15,78.91,3.6,2.48,59.5,0.41,1008.0,none,0
70.05,28.9,59.83,77.11,2.47,5.36,0.55,987.95,cyclone,2
6.37,16.86,48.86,7.51,3.83,21.03,5.96,1010.09,earthquake,2
29.82,28.99,64.15,111.6,4.17,55.65,0.53,1008.49,cyclone,2
141.58,34.04,66.01,6.93,7.19,86.37,0.31,1011.88,flood,2
5.53,25.51,66.21,10.17,2.72,50.43,8.7,1007.61,earthquake,2
6.69,29.03,93.07,24.51,3.07,39.69,0.52,1026.58,none,0
15.14,27.32,50.19,16.55,1.89,22.88,6.02,1010.44,earthquake,1
39.09,23.8,50.63,26.13,3.87,27.78,0.2,1012.01,none,0
6.25,35.28,39.8,9.5,3.38,37.22,0.04,1008.01,none,0
22.31,19.45,47.03,18.33,3.46,35.17,0.01,1016.1,none,0
9.64,24.56,55.68,12.8,3.87,75.81,7.11,1022.74,earthquake,2
86.63,35.83,87.77,9.79,8.23,89.99,0.14,1025.4,flood,2
20.0,31.0,58.24,30.25,3.83,18.01,3.85,1017.34,earthquake,2
8.45,26.29,54.14,8.79,4.46,28.48,6.99,1017.63,earthquake,2
57.78,26.76,90.17,139.55,4.53,28.28,0.04,999.02,cyclone,2
153.99,27.05,90.17,19.12,7.62,64.52,0.54,1015.03,flood,2
190.53,25.55,93.51,1.21,7.56,88.8,0.91,1012.92,flood,2
135.32,14.85,71.81,64.71,4.11,43.05,0.16,978.99,cyclone,2
9.11,41.72,43.52,10.68,1.59,14.51,0.43,1022.78,drought,1
13.19,30.19,61.9,7.26,2.31,34.93,0.15,1034.77,none,0
2.97,24.15,58.66,33.24,3.34,31.89,0.16,1015.54,none,0
24.56,20.3,64.2,22.2,2.17,13.64,0.89,1011.24,none,0
29.31,19.53,69.65,16.05,3.8,40.01,0.34,1014.39,none,0
106.89,32.47,97.75,71.42,2.17,23.91,0.08,987.37,cyclone,2
0.0,33.93,41.38,8.83,2.44,34.79,0.11,1022.08,drought,0
111.69,31.67,86.14,4.79,7.25,62.85,0.1,1000.52,flood,2
59.19,30.36,66.31,71.4,3.32,44.62,0.9,1000.02,cyclone,1
5.04,34.19,67.46,5.43,2.42,29.98,0.15,1020.69,none,0
0.0,37.95,74.94,27.97,2.21,6.77,0.21,1019.5,drought,1
18.62,26.99,63.46,15.44,4.05,46.82,0.25,1016.2,none,0
100.19,36.91,84.02,8.31,9.0,51.42,0.56,994.6,flood,2
20.92,25.29,44.04,8.3,2.0,30.97,0.1,1030.87,none,0
90.67,20.25,75.7,12.0,5.35,42.92,0.14,1006.6,flood,2
86.1,28.33,67.27,4.65,6.53,72.41,0.25,987.47,flood,1
6.11,29.15,40.09,24.89,2.83,39.09,0.18,1008.06,none,0
12.46,30.47,56.12,6.15,0.89,40.63,0.18,1003.03,none,0
2.76,17.98,32.2,4.76,2.56,47.26,0.1,1012.31,none,0
65.14,31.81,67.08,9.11,9.27,83.7,0.03,1005.68,flood,2
16.1,32.64,31.54,8.73,3.35,3.62,0.12,1012.57,drought,1
17.25,23.47,62.68,8.26,3.94,39.88,0.01,1017.6,none,0
4.83,24.78,46.78,0.65,4.12,22.01,4.96,1013.13,earthquake,1
35.94,26.45,96.24,5.29,5.23,55.52,0.71,998.27,flood,1
177.94,31.36,100.0,22.5,5.69,100.0,0.05,1008.01,flood,2
21.52,36.8,64.02,2.64,3.3,48.37,0.75,1002.64,none,0
16.19,26.53,60.34,21.72,4.86,35.14,0.61,1020.24,none,0
7.97,25.88,34.23,23.85,3.37,52.85,0.23,1019.62,none,0
21.61,25.56,75.15,2.93,2.78,12.24,0.52,1000.79,none,0
6.3,45.73,32.47,5.81,3.26,24.25,0.33,1012.79,drought,0
48.53,17.89,70.54,9.66,4.49,52.39,0.08,1021.5,none,0
3.87,20.04,53.91,1.77,2.46,39.64,0.26,1000.62,none,0
16.09,25.66,48.8,23.96,3.64,39.82,0.13,1016.95,none,0
8.8,31.87,63.24,9.1,3.96,23.07,0.39,1024.22,none,0
11.65,17.65,62.94,3.18,2.43,58.69,0.52,995.42,none,0
66.51,22.23,81.67,91.97,2.51,51.8,0.76,986.76,cyclone,2
16.63,23.97,59.87,20.42,3.25,30.65,0.61,1007.51,none,0
244.4,27.75,100.0,8.74,4.01,100.0,1.86,1004.1,flood,2
7.69,26.49,70.99,11.28,2.24,41.17,0.04,1012.13,none,0
57.64,28.66,80.47,72.75,4.26,45.11,0.07,972.37,cyclone,2
3.94,21.07,55.04,16.25,3.96,61.93,7.48,1021.34,earthquake,2
13.39,29.16,65.8,6.95,2.66,39.49,0.45,1000.52,none,0
19.38,22.35,40.21,9.01,2.54,53.42,0.59,1019.55,none,0
110.65,23.89,42.51,12.69,7.67,78.07,0.13,1001.07,flood,2
75.92,22.79,61.69,89.51,3.6,61.25,0.21,992.07,cyclone,2
28.54,27.39,68.46,18.54,3.74,26.96,0.11,1017.17,none,0
24.44,19.57,66.36,14.58,3.25,49.2,1.69,1019.97,none,0
33.77,25.42,74.93,7.81,8.13,70.86,0.03,1004.81,flood,2
41.61,24.91,80.26,11.12,3.86,34.04,8.5,1010.29,earthquake,2
53.9,25.64,75.33,54.81,3.17,36.87,0.2,982.62,cyclone,2
117.55,20.55,79.57,96.47,1.63,56.74,0.09,993.15,cyclone,2
47.55,23.71,87.98,6.76,3.89,15.98,10.29,1001.51,earthquake,3
23.5,25.9,51.68,8.2,3.37,39.99,0.28,1008.81,none,0
0.0,25.72,22.01,1.2,2.0,18.79,0.06,1019.89,drought,0
25.73,24.72,80.72,5.92,3.21,50.68,4.39,1006.54,earthquake,1
18.32,21.65,44.06,28.3,3.56,52.67,0.79,1024.08,none,0
14.3,30.87,56.32,5.4,3.57,42.92,0.11,1016.45,none,0
146.74,32.87,100.0,8.76,6.15,77.25,0.92,1002.01,flood,2
5.97,27.93,59.4,2.99,3.15,40.42,0.67,999.41,none,0
63.85,24.42,66.18,22.73,3.81,36.18,0.02,1000.64,flood,1
23.23,27.67,63.96,14.47,4.53,26.16,0.17,1005.33,none,0
4.16,25.51,51.26,4.44,4.44,42.48,4.89,1024.55,earthquake,1
13.58,33.33,78.62,18.29,2.63,30.0,0.17,1013.33,none,0
57.41,30.23,69.19,133.56,4.89,40.72,0.27,966.14,cyclone,3
17.48,22.92,45.94,10.83,3.19,38.89,0.14,1009.35,none,0
3.42,28.39,63.24,13.34,3.32,27.3,0.18,1012.82,none,0
5.94,24.82,75.57,12.46,2.93,39.52,0.03,998.11,none,0
14.27,28.73,66.66,8.54,2.25,23.69,0.09,1032.99,none,0
7.15,29.94,67.98,19.49,2.98,26.59,2.11,1019.29,none,0
7.42,28.46,71.96,7.43,3.97,13.24,0.07,1014.66,none,0
90.77,28.3,90.76,20.04,4.42,50.97,0.65,1008.54,flood,2
15.24,28.45,68.41,16.42,2.38,40.12,0.31,1008.02,none,0
74.8,15.09,86.37,65.77,2.63,35.98,0.09,964.75,cyclone,2
161.31,15.16,93.11,11.94,10.93,83.06,0.26,1010.27,flood,2
101.82,22.11,94.1,3.25,7.39,87.8,0.0,1011.01,flood,2
108.43,23.96,81.21,6.7,2.87,64.89,0.83,996.76,flood,2
0.0,31.51,61.12,20.23,1.87,10.67,0.19,1025.67,drought,1
6.98,26.81,50.19,11.83,3.01,42.86,1.33,1024.86,none,0
90.66,25.18,100.0,4.22,5.67,72.86,0.76,1000.37,flood,2
89.07,29.96,77.39,88.72,2.47,23.34,1.14,976.81,cyclone,3
4.22,29.03,71.4,8.97,3.76,34.09,0.95,1010.15,none,0
10.93,25.91,64.74,10.0,2.68,41.49,0.36,1010.82,none,0
26.19,29.4,53.94,17.64,3.62,36.8,0.06,1013.83,none,0
48.33,24.46,95.3,104.91,2.71,29.77,0.35,979.41,cyclone,2
82.02,27.28,76.15,83.05,3.81,17.55,1.9,974.04,cyclone,3
168.9,29.46,83.86,75.52,3.5,24.07,0.08,976.55,cyclone,3
9.27,25.46,64.39,8.26,2.4,33.94,7.35,1019.85,earthquake,2
15.67,24.84,48.26,7.59,2.02,41.28,0.62,1009.09,none,0
17.2,25.88,37.17,8.26,2.26,49.31,1.43,1010.1,none,0
20.26,29.28,41.3,19.73,1.14,21.14,1.02,1018.38,none,0
9.23,23.46,80.66,9.81,0.46,54.15,5.12,1018.48,earthquake,1
8.47,25.48,32.67,3.24,2.07,53.73,7.34,1028.26,earthquake,2
99.14,27.39,76.29,10.39,12.02,45.1,0.35,1005.12,flood,2
12.39,28.81,68.43,23.74,3.59,1.13,1.81,1022.62,drought,2
15.73,16.89,75.96,8.59,2.19,34.0,0.22,1010.2,none,0
18.81,34.08,56.36,11.63,2.18,39.93,0.22,1017.72,none,0
11.78,26.4,69.04,15.27,3.33,35.22,0.41,1021.55,none,0
9.92,38.43,57.15,11.55,5.13,24.7,0.07,1020.83,drought,1
11.21,21.1,75.33,6.06,4.24,25.93,0.15,1002.92,none,0
8.11,31.07,67.85,13.02,3.86,34.85,0.09,1028.39,none,0
124.02,27.2,82.91,18.72,7.11,62.82,0.4,994.35,flood,2
183.09,16.76,60.33,21.86,7.79,33.49,0.38,1010.63,flood,3
4.35,30.56,29.35,9.89,3.68,25.72,0.47,996.07,drought,1
52.61,29.06,33.54,8.31,3.41,30.69,0.19,1008.67,none,0
9.4,27.44,57.75,10.51,4.96,28.63,0.63,1014.8,none,0
30.36,23.28,42.47,12.85,2.05,39.02,0.23,1007.09,none,0
20.69,23.51,65.52,5.48,4.45,49.03,0.06,1017.06,none,0
10.54,28.23,46.59,12.77,4.17,17.66,0.08,1022.03,drought,1
5.17,30.98,88.2,14.96,1.81,56.16,0.14,1030.78,none,0
4.38,38.16,47.16,12.05,3.03,59.38,0.06,1008.73,none,0
13.83,30.99,50.59,15.41,3.2,26.0,7.08,1017.13,earthquake,2
53.34,28.32,100.0,19.3,8.13,48.88,0.61,1008.62,flood,1
13.56,27.33,45.16,6.26,2.82,52.04,0.33,1002.87,none,0
7.59,33.47,34.57,13.66,3.29,24.66,0.09,1028.71,none,0
21.84,21.76,76.65,13.68,2.08,28.34,5.52,1011.88,earthquake,1
4.17,31.4,91.45,3.92,1.68,49.74,0.25,1009.47,none,0
15.76,26.51,42.84,14.48,3.05,24.43,0.62,1019.66,none,0
65.55,21.98,69.67,4.72,8.63,70.79,0.11,1018.6,flood,2
19.79,25.64,69.45,17.25,1.86,50.28,0.94,1023.27,none,0
2.88,26.33,85.93,4.89,1.96,52.95,7.64,1013.59,earthquake,1
145.79,27.74,73.28,99.47,2.11,36.11,0.39,996.34,cyclone,2
30.67,33.82,61.94,5.48,2.22,26.64,0.45,1006.86,none,0
11.66,29.58,51.19,9.11,3.97,35.65,0.14,1024.02,none,0
16.17,24.38,70.53,11.55,3.43,51.81,0.41,1013.19,none,0
10.2,20.43,60.34,23.07,2.95,14.41,2.04,1002.61,none,0
8.72,32.76,69.45,28.92,3.22,31.58,0.05,1007.22,none,0
18.15,16.9,53.9,29.97,3.56,24.63,0.41,1014.06,none,0
8.94,29.04,36.77,29.51,4.84,46.35,1.49,996.3,none,0
20.67,26.1,37.78,7.28,2.65,49.48,0.46,1009.11,none,0
18.42,32.45,41.43,6.99,2.64,23.96,0.71,1022.06,drought,0
19.27,31.52,89.27,4.23,4.44,27.13,8.21,1014.92,earthquake,2
234.85,25.16,97.53,31.01,12.94,69.35,0.67,1006.45,flood,3
25.95,20.88,77.83,10.56,1.87,41.63,0.52,1016.6,none,0
17.3,27.65,43.89,15.66,3.85,40.46,0.33,1017.69,none,0
26.89,26.34,81.05,11.84,2.53,21.73,0.16,1001.11,none,0
24.01,35.49,52.68,15.02,3.21,32.85,0.0,1007.85,drought,0
74.61,21.67,70.67,19.79,6.66,59.2,0.44,1006.21,flood,2
6.15,27.68,68.91,10.24,2.64,50.63,9.24,1013.39,earthquake,2
10.31,33.36,53.23,20.79,5.06,28.79,0.69,1015.5,none,0
70.58,23.31,100.0,7.3,7.55,61.81,0.26,1007.82,flood,2
43.06,20.81,60.6,4.76,1.72,30.48,0.12,1015.16,none,0
7.93,31.95,70.16,30.79,4.99,41.14,0.21,995.84,none,0
30.41,30.56,91.7,14.7,3.32,27.9,0.75,1018.61,none,0
98.17,20.38,92.58,44.62,3.18,9.02,0.42,977.33,cyclone,2
15.45,29.42,95.2,0.17,2.45,25.15,0.73,1015.07,none,0
6.38,24.1,70.6,19.76,2.75,31.19,0.01,1007.55,none,0
30.39,21.1,58.14,6.01,2.29,38.8,0.01,1019.89,none,0
82.87,24.48,100.0,5.86,10.87,75.24,0.3,1000.96,flood,2
29.17,30.15,74.04,54.53,0.55,24.89,0.25,979.83,cyclone,1
59.85,28.66,91.11,163.59,2.44,35.09,0.75,989.53,cyclone,2
18.67,27.61,80.09,4.46,3.19,25.37,0.91,1007.83,none,0
149.15,27.5,56.71,20.12,3.5,90.3,0.5,1020.59,flood,2
27.35,21.04,56.95,12.9,3.57,47.75,0.95,1016.21,none,0
0.0,35.23,2.09,14.08,0.78,33.99,0.83,1021.82,drought,0
103.03,27.17,81.28,7.33,7.38,67.85,0.04,1003.67,flood,2
48.42,25.08,54.96,3.92,1.66,46.24,7.61,1023.74,earthquake,2
134.55,18.33,57.31,6.8,7.45,94.91,0.02,1013.39,flood,2
43.93,21.86,76.46,117.94,1.99,47.2,0.12,1006.91,cyclone,1
55.28,29.23,97.75,82.13,4.06,27.2,0.15,991.73,cyclone,2
128.6,28.57,48.17,10.63,7.66,67.84,0.12,1007.92,flood,2
0.0,32.36,71.71,2.77,3.74,0.97,0.09,1014.18,drought,1
4.14,24.7,65.76,7.5,2.83,44.66,0.55,1016.76,none,0
106.2,22.3,95.5,14.01,8.73,69.29,0.87,1002.34,flood,2
0.0,35.9,36.1,20.84,3.15,0.0,0.88,1020.52,drought,1
157.45,27.55,88.64,4.79,8.17,93.52,0.23,1005.85,flood,2
94.16,27.02,95.99,115.31,1.88,37.02,0.08,963.92,cyclone,3
1.29,29.67,82.81,7.56,4.89,46.84,0.5,1001.68,none,0
4.8,26.28,49.85,16.61,2.17,22.32,4.85,1015.78,earthquake,1
16.07,23.09,62.61,8.08,3.21,33.86,0.44,1016.49,none,0
99.27,30.81,83.8,86.64,2.38,21.16,0.7,963.57,cyclone,3
6.62,23.81,68.82,13.92,2.05,6.3,1.5,1013.1,none,0
10.18,12.5,62.59,11.36,1.95,55.69,0.54,1016.33,none,0
58.35,28.31,69.16,25.51,3.52,42.09,6.72,1021.2,earthquake,2
16.97,31.93,68.9,19.34,3.08,35.37,0.03,1013.93,none,0
168.38,29.22,66.08,1.6,4.47,67.71,0.26,1011.11,flood,2
56.07,20.39,57.06,83.75,3.63,21.77,0.48,981.32,cyclone,2
31.4,29.96,68.6,12.99,3.15,34.65,0.13,1028.11,none,0
9.28,29.62,55.06,6.68,3.79,21.86,0.62,1024.24,none,0
11.49,17.73,74.41,34.57,4.91,31.26,0.35,1003.46,none,0
61.66,25.47,92.66,10.12,5.45,67.89,0.1,996.77,flood,1
7.08,24.02,74.46,46.96,2.16,32.32,0.48,994.68,none,0
17.12,29.42,62.33,17.6,2.24,45.24,0.02,1005.54,none,0
24.35,21.33,100.0,8.07,2.65,40.56,6.48,1001.7,earthquake,2
7.76,24.96,85.0,9.09,3.22,27.41,6.25,1017.37,earthquake,2
1.67,29.07,61.23,21.95,0.16,44.75,0.97,1014.01,none,0
81.51,31.34,74.68,11.39,6.94,82.94,0.0,1001.88,flood,2
98.05,20.89,87.75,4.7,14.6,73.7,0.26,1006.65,flood,2
114.67,26.54,86.82,123.29,1.78,29.64,0.3,952.97,cyclone,3
10.78,39.78,41.73,9.38,3.03,36.98,0.35,1015.25,none,0
78.25,15.12,53.6,59.61,3.31,34.86,0.46,971.36,cyclone,2
1.47,26.07,61.59,23.15,2.14,31.91,0.1,1016.78,none,0
66.01,24.56,100.0,103.67,2.87,49.92,0.03,965.24,cyclone,2
62.25,21.04,88.47,64.23,3.81,13.14,0.34,970.62,cyclone,2
169.38,24.71,95.16,15.91,5.68,48.73,0.49,1007.61,flood,2
69.91,23.68,87.2,8.41,10.35,73.83,0.25,1001.65,flood,2
182.52,34.92,57.33,5.27,8.08,64.36,0.62,998.05,flood,2
23.12,24.5,55.03,16.15,4.66,7.24,6.25,1015.03,earthquake,3
144.61,32.31,86.39,7.73,6.48,45.72,0.36,1009.81,flood,2
31.74,26.38,37.74,18.78,1.87,18.1,0.04,1014.66,none,0
138.45,19.41,77.07,32.45,7.52,73.78,1.28,1017.85,flood,3
87.48,22.26,91.87,78.27,4.17,31.72,0.89,964.13,cyclone,3
24.11,24.89,77.5,19.65,4.06,38.08,0.01,1017.59,none,0
155.12,16.95,60.16,22.85,6.32,73.04,0.07,1011.67,flood,2
26.45,28.67,43.59,4.17,3.39,32.47,0.1,1007.95,none,0
22.69,25.18,69.05,6.44,1.83,36.32,0.74,1005.56,none,0
29.86,23.05,65.22,12.24,4.88,34.98,0.02,1014.4,none,0
31.13,17.39,56.63,21.37,1.92,30.31,0.08,1000.29,none,0
9.7,30.15,70.42,12.7,2.86,51.62,0.54,1008.44,none,0
15.64,17.9,69.8,3.74,2.2,23.28,0.26,1013.65,none,0
81.35,28.35,81.14,3.17,5.8,72.51,0.04,1020.56,flood,1
15.95,20.95,68.81,8.37,2.99,41.53,0.75,1011.5,none,0
5.16,29.62,51.49,17.51,2.65,48.68,4.08,1013.01,earthquake,1
14.97,26.34,64.0,13.88,3.17,27.99,0.51,1009.46,none,0
11.05,26.54,32.89,29.17,2.69,31.2,0.24,1022.84,none,0
48.07,24.92,92.1,12.55,5.02,57.97,0.33,1002.21,flood,1
122.45,24.93,73.99,12.95,5.18,71.83,1.07,984.21,flood,3
9.22,31.02,24.21,3.37,2.89,41.22,0.5,1005.85,none,0
24.08,18.9,28.07,6.21,2.44,60.92,0.13,1004.87,none,0
200.86,27.13,73.66,78.94,3.72,38.44,0.03,970.01,cyclone,3
69.07,16.19,82.44,12.12,7.28,82.09,1.06,997.09,flood,2
133.06,26.81,68.15,2.45,6.82,70.47,0.73,1007.59,flood,2
39.87,22.24,55.61,1.17,1.94,38.93,0.13,1004.39,none,0
7.57,31.62,57.41,9.86,3.46,64.88,0.01,1016.74,none,0
28.17,30.21,67.6,17.0,3.6,55.19,0.01,1021.57,none,0
18.36,28.29,29.75,4.56,2.89,12.35,0.24,1008.43,drought,1
21.38,33.92,45.18,13.77,3.58,33.3,0.5,1006.28,none,0
7.37,24.96,68.69,10.65,2.8,42.42,0.91,1010.26,none,0
12.43,31.17,67.4,20.2,4.37,33.23,0.27,1014.04,none,0
16.37,17.27,44.66,9.46,4.27,21.42,7.09,996.58,earthquake,3
14.32,34.37,37.36,29.68,5.26,54.65,7.25,1018.32,earthquake,2
6.13,27.96,10.58,15.75,4.2,26.63,0.31,1015.55,drought,0
5.19,25.05,69.82,18.58,0.8,27.67,0.61,1015.88,none,0
4.21,22.55,70.97,3.47,1.4,32.28,0.06,1017.73,none,0
14.44,23.09,72.08,6.15,1.36,15.59,8.24,1014.19,earthquake,2
40.31,30.76,61.03,19.5,1.99,36.05,0.16,1023.35,none,0
119.11,22.55,71.54,20.37,5.01,50.95,0.1,1010.5,flood,2
95.12,29.27,100.0,28.4,6.69,70.53,0.23,997.23,flood,2
28.67,24.87,71.14,6.81,2.72,48.74,3.99,1009.73,earthquake,1
101.61,23.45,73.51,3.58,6.29,85.59,0.21,1000.32,flood,2
90.94,25.7,73.57,6.72,6.61,50.23,0.12,1021.26,flood,2
19.38,22.58,39.0,27.96,3.01,39.85,0.08,1021.04,none,0
13.4,19.27,61.48,3.41,2.26,21.46,0.88,1009.94,none,0
0.0,33.8,36.08,4.91,3.23,16.39,0.27,1013.86,drought,0
14.05,25.6,48.43,2.37,2.26,41.03,0.14,1019.73,none,0
0.0,31.34,32.52,18.34,2.78,27.14,0.05,1003.63,drought,0
86.43,29.0,62.65,4.65,11.49,57.41,0.08,1005.21,flood,2
3.42,21.26,61.04,15.7,4.43,20.03,0.34,1014.99,none,0
134.44,24.61,66.14,52.61,2.97,14.35,0.69,983.91,cyclone,3
169.49,26.58,95.12,86.81,3.24,27.62,0.12,996.52,cyclone,3
47.99,31.25,73.06,3.4,3.17,35.24,0.1,1014.75,none,0
29.21,32.78,69.84,11.42,3.81,33.36,0.06,1014.73,none,0
154.77,32.2,62.21,74.98,3.05,45.36,0.23,981.78,cyclone,3
0.0,42.03,22.78,27.63,2.13,27.0,0.17,1028.8,drought,0
50.87,37.13,71.81,4.15,4.68,24.52,0.16,992.84,none,0
107.16,24.94,74.31,87.38,4.72,42.77,0.01,978.08,cyclone,3
0.0,32.77,10.24,9.07,1.85,13.87,0.45,1005.25,drought,1
34.92,20.76,85.51,69.15,3.26,35.66,0.05,971.33,cyclone,2
13.06,25.46,48.37,23.52,4.13,29.86,0.06,1010.67,none,0
148.16,30.88,53.51,19.57,6.61,62.39,1.31,997.74,flood,3
33.08,19.32,68.12,10.14,3.27,45.52,1.21,1013.36,none,0
157.43,27.41,84.68,75.74,2.85,14.62,0.02,1002.21,cyclone,3
10.74,30.23,70.36,12.11,1.99,43.66,0.36,1006.2,none,0
21.73,31.11,30.9,10.46,1.43,19.17,0.05,1033.62,drought,0
203.42,27.07,90.38,10.04,5.21,58.27,0.51,1009.7,flood,2
39.17,30.07,30.31,8.33,4.14,14.59,0.41,1009.09,none,0
20.74,30.86,62.2,15.05,2.38,33.28,7.87,1014.96,earthquake,2
9.27,24.36,72.29,6.34,1.95,40.93,0.35,1015.4,none,0
20.4,26.8,67.73,23.02,3.29,43.67,0.04,1005.82,none,0
2.67,23.43,62.38,2.55,2.64,33.27,0.19,1011.24,none,0
91.5,19.31,66.46,5.57,7.57,63.52,0.42,1009.39,flood,2
46.54,32.57,89.88,99.35,3.77,32.21,1.12,992.96,cyclone,2
4.81,22.45,68.96,12.64,2.1,28.74,0.04,1000.2,none,0
31.38,24.49,61.91,23.56,2.36,37.21,0.25,1019.61,none,0
43.93,28.15,51.6,9.49,4.72,20.07,0.36,1004.77,none,0
0.28,33.05,28.52,5.59,3.71,0.0,0.9,1006.81,drought,1
18.68,34.76,34.15,4.76,2.39,53.9,0.7,1008.92,none,0
66.55,30.32,88.06,164.86,1.65,42.75,0.2,974.28,cyclone,2
10.3,25.36,48.42,15.35,2.29,39.22,0.18,1019.96,none,0
113.72,26.27,74.36,44.07,1.49,31.58,0.15,1003.7,cyclone,2
2.94,30.78,25.61,29.41,0.68,10.12,0.5,1021.56,drought,0
24.45,25.1,81.31,10.81,3.81,34.0,0.21,1015.75,none,0
47.12,18.98,85.33,164.77,3.76,27.83,0.32,984.19,cyclone,2
98.61,27.63,97.79,13.07,4.11,55.31,0.2,1011.19,flood,1
16.52,26.59,55.85,10.73,3.03,32.44,0.19,1004.3,none,0
6.67,26.51,19.37,21.35,3.54,9.07,0.34,1006.79,drought,1
36.38,28.17,59.55,117.58,3.62,37.49,1.22,1002.3,cyclone,2
10.68,29.71,30.55,18.68,1.16,26.68,0.0,1018.98,drought,0
15.43,23.62,87.27,8.54,3.14,33.9,0.38,1007.77,none,0
61.71,25.27,93.02,70.51,3.14,40.27,0.04,960.1,cyclone,2
10.45,21.46,60.04,13.6,3.83,44.94,0.37,1016.84,none,0
3.91,24.33,68.28,16.15,3.23,23.09,0.44,1019.02,none,0
127.31,27.06,70.66,19.43,11.92,65.01,1.0,1013.32,flood,2
10.67,27.14,35.17,3.0,2.04,35.58,0.49,1016.87,none,0
40.3,25.96,58.13,11.83,9.53,73.94,0.35,1008.6,flood,2
13.22,27.46,48.53,22.25,2.62,45.02,8.09,1009.96,earthquake,2
4.15,15.33,60.86,2.8,1.97,14.31,8.13,1012.78,earthquake,2
10.18,15.63,62.05,10.93,4.01,33.21,6.32,1015.13,earthquake,2
99.91,31.74,83.54,75.75,2.57,33.7,0.97,976.62,cyclone,2
129.05,34.0,89.69,67.23,3.34,28.05,0.11,991.65,cyclone,2
33.14,27.03,95.91,132.47,1.22,27.11,0.12,983.43,cyclone,2
97.84,26.39,78.39,130.01,4.06,49.09,0.62,989.37,cyclone,3
6.41,41.54,32.04,6.65,2.71,21.68,0.15,1024.88,drought,0
25.09,26.24,80.16,8.62,1.41,53.3,0.34,1006.65,none,0
22.07,22.79,55.62,2.13,3.08,48.59,0.16,1003.89,none,0
19.05,23.16,56.74,36.67,2.03,47.04,0.05,1017.23,none,0
114.85,28.47,46.3,103.41,3.09,53.71,1.62,964.33,cyclone,3
219.19,32.87,63.38,28.36,8.15,87.17,0.34,1022.3,flood,2
8.46,25.16,38.3,19.72,3.15,31.22,0.75,1030.35,none,0
11.17,30.51,59.52,5.3,0.94,42.44,0.18,1027.99,none,0
106.42,26.13,77.75,9.36,12.22,69.53,0.48,1000.53,flood,2
86.5,34.73,80.64,5.11,11.48,48.65,0.05,998.22,flood,2
22.19,26.76,64.59,6.98,2.11,32.11,0.53,1026.27,none,0
21.87,27.42,60.21,8.15,2.8,35.26,1.68,997.97,none,0
4.75,30.39,34.13,3.68,2.18,33.29,0.04,1020.35,none,0
4.54,38.16,84.58,17.84,2.59,50.56,0.24,988.96,none,0
7.43,23.52,62.83,0.48,2.67,10.31,0.05,1018.69,none,0
113.59,33.6,89.05,48.03,2.02,37.7,0.73,993.54,cyclone,2
12.0,22.72,74.26,10.45,2.19,30.64,3.89,1022.37,earthquake,1
12.07,35.45,49.38,3.34,3.6,31.08,0.09,1001.74,none,0
177.68,18.67,66.75,9.96,5.54,41.43,0.56,1018.25,flood,2
15.2,29.21,47.98,18.34,1.94,25.31,0.46,1019.59,none,0
182.58,24.23,79.58,1.4,4.8,62.09,0.16,1013.78,flood,2
10.46,29.75,54.37,19.4,3.42,30.65,0.09,1022.99,none,0
36.76,27.97,93.46,84.05,3.89,55.73,0.18,989.95,cyclone,2
9.94,28.83,54.5,14.28,1.68,39.11,6.76,1010.71,earthquake,2
8.56,25.0,48.03,21.61,2.11,26.91,0.38,1023.97,none,0
2.21,26.12,63.5,0.67,3.54,43.41,0.53,1008.49,none,0
21.84,33.38,58.46,8.24,2.93,42.62,7.39,1021.89,earthquake,2
26.24,30.3,44.65,9.53,2.24,29.21,0.05,1011.08,none,0
11.36,22.01,91.52,2.97,4.11,43.14,0.37,1012.69,none,0
19.92,29.46,57.01,29.94,3.16,39.15,0.83,1006.74,none,0
56.88,27.5,89.45,93.4,2.75,55.49,0.23,974.7,cyclone,2
132.19,23.17,92.02,6.3,6.08,57.94,0.1,1014.26,flood,2
24.07,31.96,88.0,21.75,2.7,51.31,0.19,1013.33,none,0
33.03,24.75,92.8,145.17,2.58,31.05,0.12,956.23,cyclone,2
6.59,29.93,58.57,17.18,2.7,56.8,0.19,1019.75,none,0
130.15,19.52,73.25,5.19,9.97,46.1,0.43,1010.52,flood,2
19.44,32.98,83.6,7.78,0.89,48.27,0.44,1010.39,none,0
51.62,24.2,50.48,19.09,3.7,56.59,6.25,1004.77,earthquake,2
0.94,25.49,52.54,11.5,3.93,71.93,6.32,1009.08,earthquake,1
0.0,31.17,66.21,14.02,2.58,0.0,1.23,1020.06,drought,1
135.31,18.46,65.11,52.31,6.55,49.61,0.18,1012.5,flood,2
2.17,23.24,70.94,13.34,2.76,44.0,0.22,1012.81,none,0
15.64,28.79,38.38,1.1,2.39,19.2,4.34,1023.38,earthquake,1
1.31,30.02,28.87,4.18,3.45,0.21,0.18,1024.26,drought,1
2.94,26.68,68.53,22.6,3.61,45.85,0.06,1008.06,none,0
75.11,24.93,83.6,69.54,2.24,40.47,0.03,967.62,cyclone,2
20.76,19.18,58.7,3.31,4.37,25.4,5.68,1018.08,earthquake,2
84.24,32.17,62.56,98.65,2.2,32.21,0.12,975.77,cyclone,3
53.85,26.87,67.83,114.33,4.65,20.88,0.51,970.92,cyclone,3
5.91,28.11,66.22,16.86,4.25,42.96,0.29,1001.02,none,0
30.21,33.22,70.13,10.47,2.24,40.54,4.14,1029.47,earthquake,1
28.77,18.1,84.58,93.51,2.97,32.48,1.27,983.38,cyclone,2
0.0,31.25,13.27,12.25,1.99,14.37,0.75,996.24,drought,1
5.62,24.41,25.37,7.77,2.28,38.81,0.85,1027.21,none,0
9.24,23.54,63.16,12.99,3.57,45.44,0.06,1012.17,none,0
9.57,27.78,82.08,14.47,3.09,46.01,0.46,1014.42,none,0
112.74,25.96,77.29,19.78,12.23,74.27,0.59,996.61,flood,3
10.52,38.6,70.34,1.63,1.92,41.09,0.45,1001.44,none,0
35.6,24.36,89.02,107.25,1.81,46.32,1.2,973.65,cyclone,2
69.27,25.06,78.61,82.51,2.53,24.96,0.11,979.66,cyclone,2
88.63,23.33,93.62,5.79,4.77,63.35,0.18,1006.02,flood,1
10.83,20.16,47.64,6.98,3.07,30.91,0.28,1023.58,none,0
124.19,19.72,75.03,10.27,6.22,49.34,0.09,993.22,flood,2
107.33,23.21,96.23,54.19,2.26,23.59,0.39,980.31,cyclone,2
6.79,35.9,40.39,4.22,3.38,39.1,0.68,1033.61,none,0
11.48,33.26,37.25,8.27,3.31,41.13,0.29,1000.21,none,0
3.26,30.31,67.23,7.11,0.52,25.79,0.01,1012.65,none,0
135.92,24.48,93.5,22.69,9.68,57.84,0.97,998.09,flood,3
15.65,27.6,62.4,6.07,2.47,31.12,0.1,1026.65,none,0
65.68,14.67,91.16,51.86,2.26,34.84,0.25,992.85,cyclone,2
24.24,29.84,63.44,9.49,3.85,22.45,0.74,1017.92,none,0
1.84,26.89,53.85,13.02,1.21,23.61,0.05,1021.69,none,0
22.14,21.73,76.4,5.18,12.72,56.32,0.58,995.33,flood,2
32.68,31.3,62.09,5.8,4.34,29.89,0.3,1016.38,none,0
1.54,27.62,61.96,14.67,3.96,49.22,0.68,1019.09,none,0
7.91,18.54,70.84,6.33,3.69,29.29,0.27,1021.73,none,0
33.8,20.07,59.13,7.17,1.86,26.21,0.56,1003.74,none,0
8.97,26.91,34.44,13.47,3.3,33.04,0.75,1014.61,none,0
25.67,32.02,42.29,38.37,3.22,0.0,0.12,1020.85,drought,1
11.46,37.57,33.83,17.46,1.76,3.52,0.22,1009.47,drought,1
0.0,32.42,39.96,31.03,4.11,26.48,0.12,1009.84,drought,1
66.33,17.19,98.26,56.14,2.5,43.07,0.15,975.98,cyclone,2
7.56,30.63,46.29,10.2,3.38,37.01,0.17,1012.72,none,0
102.48,34.71,93.84,6.51,5.97,100.0,0.45,1003.96,flood,2
20.94,16.12,37.93,8.52,3.56,45.82,7.31,1006.88,earthquake,2
5.46,25.28,57.09,12.37,4.09,31.43,0.05,1016.47,none,0
14.94,34.1,57.84,17.65,2.98,21.64,8.69,1003.64,earthquake,2
104.06,20.81,88.22,17.1,12.63,63.07,0.69,997.16,flood,3
104.97,21.13,84.85,18.71,3.46,67.39,0.43,1013.45,flood,1
7.97,27.27,69.68,10.99,6.13,29.87,0.08,1004.0,none,0
48.72,27.56,84.71,7.04,4.58,74.1,0.06,1004.17,flood,1
10.08,36.08,33.33,5.3,3.35,0.0,0.69,1025.71,drought,1
84.68,29.7,74.35,13.31,9.45,56.65,0.24,1004.82,flood,2
79.31,33.11,96.26,72.98,2.75,33.46,0.19,976.19,cyclone,2
2.06,21.94,59.61,21.59,2.67,38.4,1.08,1015.95,none,0
4.05,29.48,64.84,15.35,3.17,23.64,0.06,1013.91,none,0
7.25,28.11,61.67,4.95,3.06,39.43,0.92,1019.81,none,0
67.46,40.27,98.11,73.24,2.6,44.73,0.11,996.42,cyclone,2
59.64,32.78,71.41,11.56,2.82,36.63,0.2,1011.27,none,0
20.85,28.12,71.0,43.58,5.44,18.3,2.02,1022.78,none,0
13.87,29.02,56.29,23.87,3.28,32.78,0.34,1012.11,none,0
3.35,29.69,13.6,4.71,3.45,21.18,0.29,1021.22,drought,0
5.66,30.23,74.92,20.74,2.54,31.83,4.31,999.27,earthquake,2
4.87,30.24,61.23,3.7,3.58,28.51,0.02,1003.98,none,0
3.89,27.46,49.19,1.27,3.02,48.33,0.64,1006.98,none,0
68.85,28.08,97.55,99.34,3.39,60.26,2.2,973.35,cyclone,3
91.02,23.95,60.86,17.97,9.81,73.36,0.14,1009.08,flood,2
150.83,26.41,92.71,138.4,3.2,58.21,0.02,980.75,cyclone,3
142.52,36.45,58.53,32.37,7.68,68.68,0.61,1016.37,flood,2
6.74,25.7,73.41,9.05,2.22,46.43,0.16,1010.52,none,0
127.57,22.32,91.51,160.95,3.03,24.88,0.13,975.06,cyclone,3
16.08,21.44,63.28,4.48,3.09,33.28,0.02,1002.09,none,0
23.61,25.16,56.42,3.18,3.83,23.74,7.19,1014.74,earthquake,2
3.59,26.59,58.46,20.36,3.51,24.33,7.51,1025.66,earthquake,2
6.22,17.96,61.45,3.26,0.89,53.97,0.02,996.34,none,0
11.79,19.43,45.3,6.52,2.64,37.48,0.57,1007.11,none,0
54.57,29.92,69.32,71.84,2.74,30.37,0.09,983.34,cyclone,2
18.76,28.98,48.76,6.9,3.99,41.68,0.32,1016.2,none,0
19.9,21.66,92.44,7.61,3.42,45.76,0.13,1020.88,none,0
20.66,25.32,48.99,4.11,4.42,56.1,0.1,1012.45,none,0
76.25,28.19,77.3,12.07,5.22,65.02,0.63,1024.13,flood,1
73.54,18.72,79.4,78.35,2.74,43.18,0.02,974.01,cyclone,2
31.63,33.45,57.08,12.78,0.87,20.21,0.74,1015.21,none,0
194.6,30.4,79.92,2.5,4.8,84.49,2.1,1020.22,flood,2
79.49,29.03,63.67,10.28,4.35,73.06,0.13,1007.33,flood,1
13.41,27.23,85.28,3.88,1.71,45.12,0.22,998.48,none,0
23.34,17.4,85.69,6.42,3.86,22.22,0.25,1019.6,none,0
188.21,31.82,85.3,3.97,6.96,52.54,0.1,1006.04,flood,2
24.28,24.84,54.86,10.31,3.0,42.77,6.2,1017.47,earthquake,2
8.96,28.84,46.1,6.67,3.15,34.26,0.2,1018.85,none,0
19.89,32.19,89.78,18.7,4.39,28.34,0.15,1010.95,none,0
100.19,29.13,87.47,80.86,2.96,48.63,0.09,989.97,cyclone,2
50.25,26.1,73.08,6.94,8.1,74.92,0.15,1002.0,flood,1
18.09,35.91,33.54,6.16,2.4,5.62,0.34,1022.57,drought,1
19.55,30.9,62.7,7.12,2.77,37.99,1.04,1021.83,none,0
7.89,22.0,84.04,23.17,2.09,23.98,0.14,1014.62,none,0
4.61,30.81,94.7,3.18,3.64,24.38,0.19,1014.53,none,0
34.72,31.54,34.91,9.47,2.72,15.32,0.13,1001.15,drought,1
2.02,28.67,66.14,6.73,3.07,39.37,0.1,1002.55,drought,0
9.24,28.63,71.0,15.14,3.54,51.47,0.01,1008.2,none,0
17.25,27.87,54.08,7.03,3.19,26.1,0.51,1026.75,none,0
8.85,31.62,17.72,4.1,2.56,7.48,0.43,1016.04,drought,1
78.88,19.75,75.19,196.41,2.8,55.28,0.02,986.92,cyclone,2
17.81,33.27,84.62,8.12,3.48,19.59,0.47,1006.51,none,0
16.19,30.2,45.63,7.29,3.48,30.59,0.2,1022.95,none,0
3.49,23.63,74.38,6.3,1.63,31.77,0.58,1018.53,none,0
9.88,24.78,47.95,14.27,3.71,29.17,0.11,1012.91,none,0
55.04,27.77,83.46,22.02,7.03,48.83,0.91,1018.58,flood,2
2.6,21.14,66.37,8.7,3.92,15.98,0.09,1003.58,none,0
27.46,26.48,48.36,6.95,3.01,21.79,0.01,1026.84,none,0
12.49,21.17,67.48,16.03,3.76,46.52,0.09,1020.24,none,0
42.67,21.72,68.27,8.76,1.62,20.88,0.1,1005.84,none,0
0.0,23.65,48.54,2.21,2.79,8.6,0.32,1020.13,drought,1
4.73,23.75,43.46,8.01,3.66,40.85,0.19,1005.69,none,0
20.02,22.33,84.5,11.87,3.54,18.06,0.06,1005.24,none,0
7.08,27.82,37.76,2.12,3.31,3.43,0.02,1021.53,drought,1
79.39,34.23,80.87,4.44,10.29,61.44,0.17,1014.48,flood,1
19.87,26.57,57.68,1.36,1.94,4.51,0.04,1003.49,drought,1
13.14,25.33,25.94,1.99,3.23,22.16,0.95,1027.29,none,0
209.94,39.83,67.98,22.09,14.28,76.54,0.94,998.74,flood,3
59.01,29.09,84.28,4.14,3.03,77.25,0.15,1016.61,flood,0
8.92,28.97,54.22,17.55,3.27,32.59,0.01,997.53,none,0
2.87,32.72,57.5,24.85,4.18,21.57,0.8,1001.54,none,0
10.12,25.67,65.69,9.53,3.37,24.48,0.01,1024.08,none,0
26.13,24.0,67.97,3.82,2.39,33.3,0.64,1016.29,none,0
54.49,31.85,57.54,116.65,0.61,61.36,0.22,983.36,cyclone,2
7.93,35.26,59.41,4.57,3.2,31.86,6.82,1019.16,earthquake,2
4.95,25.62,68.66,16.8,3.44,40.27,0.02,1018.6,none,0
4.58,23.93,49.25,8.74,4.03,37.56,0.1,1009.99,none,0
15.47,22.11,74.52,10.52,3.49,35.63,0.05,1012.81,none,0
0.84,32.15,49.91,6.44,5.69,41.5,0.51,1018.2,none,0
11.55,32.09,39.63,5.77,4.07,39.47,8.3,1013.05,earthquake,2
6.41,33.11,63.72,8.34,3.74,15.58,0.61,1022.14,none,0
62.21,33.18,87.88,50.78,3.7,23.51,0.17,984.18,cyclone,2
5.47,22.53,71.17,2.48,4.34,36.85,0.36,1011.5,none,0
0.0,31.8,44.91,8.76,3.04,33.61,0.52,1010.12,drought,1
146.44,29.55,95.77,7.0,8.09,48.63,0.0,997.23,flood,2
12.04,31.71,48.27,5.35,3.93,39.99,0.04,1011.31,none,0
96.63,26.91,67.48,6.77,13.29,73.65,0.08,1007.01,flood,2
11.49,31.86,45.16,14.84,6.05,33.38,0.05,1026.93,none,0
19.23,24.99,55.72,17.54,2.81,23.54,0.14,1017.56,none,0
0.0,33.84,27.93,5.95,3.85,12.18,0.18,1012.36,drought,1
20.32,25.85,69.04,11.95,1.82,33.58,1.23,1017.76,none,0
121.04,24.13,70.3,162.68,2.99,47.62,0.56,987.68,cyclone,3
190.46,26.03,80.14,7.23,5.23,70.18,0.69,1001.66,flood,2
3.48,30.92,50.84,4.21,4.89,24.4,0.43,997.3,drought,1
55.42,26.33,100.0,70.08,4.49,29.16,0.29,990.77,cyclone,2
16.4,29.08,51.03,5.36,3.99,25.85,0.03,1002.32,none,0
24.59,24.72,44.27,13.88,2.39,25.97,0.37,1007.8,none,0
96.6,24.92,85.33,25.48,8.7,75.96,0.27,1013.36,flood,2
109.88,29.16,75.06,82.17,3.22,16.34,0.27,976.51,cyclone,3
15.61,26.96,47.3,9.53,3.07,52.32,6.76,1015.07,earthquake,1
2.48,39.76,11.83,8.39,3.25,16.79,0.31,989.43,drought,1
238.12,25.64,83.42,13.57,9.92,96.88,0.68,1010.1,flood,3
8.95,23.6,82.81,20.33,2.54,23.76,0.04,1015.29,none,0
122.92,26.67,58.26,48.69,2.24,37.93,0.47,959.23,cyclone,2
32.91,28.01,53.13,3.1,4.28,36.13,0.24,1009.08,none,0
7.14,27.01,67.26,22.73,1.73,47.18,0.09,1006.74,none,0
51.57,20.95,69.67,135.87,1.44,26.36,0.33,979.38,cyclone,2
86.05,22.14,90.38,3.65,11.22,54.5,0.06,1003.97,flood,2
5.79,29.08,40.53,6.12,2.8,56.94,0.1,1011.42,none,0
7.3,24.44,60.98,8.52,3.82,19.71,0.0,1022.15,none,0
20.9,23.05,54.09,6.01,2.14,29.5,0.08,1009.74,none,0
23.11,25.78,74.12,7.6,4.11,26.04,0.6,1015.41,none,0
8.89,19.44,49.7,9.08,1.85,42.43,0.91,1002.21,none,0
28.57,30.83,51.73,12.01,1.82,32.87,0.48,1004.04,none,0
63.06,24.27,100.0,111.76,4.82,36.48,0.31,983.35,cyclone,3
11.55,32.76,62.39,11.57,1.74,37.27,0.18,1014.19,none,0
95.32,28.17,82.29,14.98,12.76,76.22,0.6,1015.2,flood,2
112.18,23.82,84.45,4.2,7.91,77.2,0.56,1016.45,flood,2
2.41,36.63,41.86,6.28,3.77,25.0,0.11,1007.8,drought,0
3.62,21.07,53.75,13.7,4.33,45.81,0.15,1011.26,none,0
13.43,30.99,17.78,15.46,3.87,19.88,0.15,997.29,none,0
7.47,28.51,57.59,0.85,3.7,41.03,7.0,1014.81,earthquake,2
116.86,29.61,73.46,19.77,4.95,55.37,0.22,1003.01,flood,2
0.0,35.72,25.55,28.46,3.78,3.68,1.37,1010.93,drought,2
26.01,26.52,57.25,13.46,2.14,39.44,0.27,1018.33,none,0
102.75,28.27,81.77,9.53,5.96,60.95,0.3,1007.37,flood,2
12.22,24.82,39.85,19.04,3.35,42.86,0.08,1014.97,none,0
93.05,27.64,70.2,68.52,3.48,37.93,0.83,968.55,cyclone,3
36.61,29.52,57.15,4.97,3.99,32.45,0.18,1026.51,none,0
0.0,25.37,13.4,23.14,2.37,15.03,0.2,1008.65,drought,0
100.34,26.34,86.15,6.89,9.08,59.23,0.33,995.33,flood,2
57.09,25.02,97.31,97.61,4.02,28.65,0.66,988.72,cyclone,2
13.84,21.38,90.15,6.06,3.1,21.43,0.32,999.36,none,0
16.53,35.57,62.74,8.19,4.63,23.79,0.31,1018.87,none,0
15.99,26.57,53.53,9.96,5.19,45.54,1.64,1023.58,none,0
265.47,29.08,75.01,7.37,9.74,48.86,0.1,1015.37,flood,2
22.17,31.91,65.91,5.37,3.76,45.27,0.36,1008.17,none,0
93.53,27.68,74.73,70.81,3.52,6.18,0.15,992.43,cyclone,2
24.53,20.49,57.22,2.5,4.95,39.94,0.07,1005.51,none,0
6.27,21.33,73.18,6.8,3.2,43.6,1.25,1007.46,none,0
118.73,27.39,60.68,21.55,8.56,53.98,0.91,1001.38,flood,2
184.52,24.22,53.76,19.45,8.05,79.89,0.04,1020.47,flood,2
115.82,29.38,57.49,27.79,11.46,84.8,0.67,1002.55,flood,2
23.18,25.51,40.79,10.92,4.99,42.59,0.48,1025.35,none,0
28.09,29.5,61.08,7.03,3.9,30.14,0.12,1038.18,none,0
67.02,34.68,88.98,11.69,6.98,51.97,0.23,997.9,flood,2
11.23,29.99,38.43,7.79,4.72,12.11,0.31,1010.44,none,0
178.65,29.89,50.52,3.65,5.66,76.73,0.66,995.89,flood,2
24.82,30.2,60.96,26.81,3.09,39.19,0.64,1020.67,none,0
15.9,31.89,72.38,6.37,3.62,33.43,0.47,1014.21,none,0
7.94,21.07,44.0,5.05,2.72,7.55,0.32,1003.14,drought,1
0.0,27.38,21.61,3.86,2.9,14.17,0.6,1003.19,drought,1
50.21,14.39,80.31,14.4,8.65,45.06,0.52,1008.66,flood,1
86.69,29.45,85.19,97.07,2.98,57.52,0.49,965.52,cyclone,3
28.04,22.87,61.92,15.33,2.81,41.81,0.45,1027.85,none,0
27.6,31.88,76.03,10.17,3.7,44.04,0.09,1004.86,none,0
4.26,31.18,64.99,9.67,2.05,44.73,0.19,1008.47,none,0
13.71,23.37,52.27,14.77,4.26,18.98,0.12,1004.82,none,0
0.0,37.08,34.06,9.88,2.99,24.73,0.2,1016.71,drought,0
18.06,29.77,65.16,16.18,2.93,39.66,5.41,1018.86,earthquake,1
0.0,37.72,54.47,19.24,1.39,4.67,0.14,1005.06,drought,1
15.51,25.56,69.24,16.89,2.81,41.68,4.98,1017.22,earthquake,1
15.24,33.24,58.31,3.1,3.91,35.3,4.73,1017.86,earthquake,1
6.64,35.4,81.72,10.43,3.04,32.26,0.28,1020.88,none,0
11.48,28.72,70.6,15.29,4.77,39.97,0.04,1008.36,none,0
66.63,27.83,77.83,4.62,5.55,66.9,0.03,1035.58,flood,1
7.68,31.58,42.7,5.96,4.18,30.66,0.8,1010.96,none,0
18.45,24.42,73.27,25.56,1.6,29.9,0.22,1014.44,none,0
127.72,20.17,55.36,162.58,2.5,28.0,0.81,989.41,cyclone,3
77.4,20.5,60.82,20.33,6.13,81.0,0.03,993.56,flood,2
99.43,20.63,75.28,11.71,10.81,70.04,0.51,1010.92,flood,2
7.84,28.72,71.49,25.73,2.63,36.99,8.44,1014.39,earthquake,2
3.51,29.46,63.5,6.69,1.84,27.8,0.47,1002.16,none,0
20.98,28.0,79.28,9.7,2.6,44.31,1.12,1014.1,none,0
5.58,32.01,49.25,8.9,2.1,6.15,0.0,1009.79,drought,1
147.25,22.22,26.87,7.68,10.38,62.58,0.52,997.41,flood,3
172.1,30.71,85.14,51.19,3.04,44.95,0.37,984.41,cyclone,2
232.79,24.62,47.55,8.38,8.31,72.52,0.31,1001.84,flood,3
2.57,24.42,39.69,1.58,5.53,19.8,1.49,1020.13,none,0
29.23,26.1,59.91,12.94,1.35,27.55,0.19,1009.55,none,0
40.55,32.91,48.31,26.33,2.76,30.01,0.34,1000.51,none,0
17.3,27.9,61.27,19.76,4.27,35.31,0.27,1010.03,drought,0
11.66,20.11,53.31,8.4,2.86,24.78,0.22,1013.05,none,0
104.1,26.96,79.14,4.19,5.3,69.2,0.45,998.65,flood,2
6.63,32.77,54.9,8.03,4.26,45.77,0.01,998.52,none,0
23.87,22.0,65.44,55.59,2.62,46.65,0.46,972.42,cyclone,2
139.14,28.46,54.05,80.82,3.29,27.34,0.17,991.75,cyclone,3
34.47,24.25,56.29,19.71,2.35,53.53,0.0,1012.23,none,0
72.92,32.44,100.0,9.92,5.31,52.5,0.23,1008.69,flood,1
15.44,27.12,59.35,22.7,2.86,41.73,0.96,1008.4,none,0
11.47,31.3,80.4,6.04,1.25,28.26,0.75,1022.52,none,0
0.0,39.7,40.07,18.63,2.29,0.69,1.44,1018.25,drought,1
60.54,28.3,95.47,27.01,1.76,43.69,0.77,978.2,cyclone,1
4.0,26.48,49.04,12.08,2.46,31.83,8.06,1017.38,earthquake,2
0.0,32.37,15.75,21.07,1.97,34.16,0.03,1007.26,drought,0
74.11,21.49,79.8,28.31,3.21,37.05,1.0,995.4,cyclone,1
13.13,26.2,36.38,9.85,3.65,31.96,0.11,1019.96,none,0
38.08,21.12,66.2,4.02,2.53,30.09,0.32,1026.11,none,0
13.09,29.57,44.94,3.31,3.36,31.85,0.92,1015.42,none,0
27.0,23.44,58.6,8.2,2.86,30.98,4.0,1016.65,earthquake,1
12.61,35.72,33.81,8.89,2.02,19.38,0.22,1008.19,none,0
30.28,24.55,59.83,6.54,2.63,33.28,0.34,1006.56,none,0
16.18,33.17,57.14,10.34,3.4,32.89,1.86,1020.35,none,0
14.71,30.14,72.65,5.14,2.1,33.5,0.89,1011.4,none,0
41.62,30.12,51.6,11.45,3.57,30.69,0.54,1015.07,none,0
14.42,27.26,69.87,12.6,3.04,31.88,0.39,1019.89,none,0
15.26,20.93,50.75,8.34,5.85,39.96,1.63,1014.52,none,0
110.94,26.68,64.0,18.7,7.28,56.2,0.07,1011.19,flood,2
24.46,36.25,79.43,16.76,1.3,52.59,0.3,1011.86,none,0
44.36,26.12,79.34,89.24,3.69,53.13,1.3,989.21,cyclone,2
38.67,27.2,32.42,25.29,2.81,34.66,5.35,1009.3,earthquake,2
19.07,20.65,59.35,54.8,4.84,75.53,0.1,969.22,cyclone,2
17.67,23.63,91.57,31.43,2.89,33.53,1.02,1009.02,cyclone,1
6.23,25.18,71.04,7.91,2.48,39.29,6.5,1011.57,earthquake,2
13.37,30.45,65.34,25.15,2.3,42.18,0.03,1011.76,none,0
7.69,29.17,70.8,2.58,2.0,45.61,0.26,1010.46,none,0
1.08,23.02,22.46,21.91,2.61,11.24,0.19,1008.35,drought,1
5.44,20.48,82.84,4.82,2.08,44.57,4.16,1013.18,earthquake,1
51.59,21.56,100.0,85.67,2.16,34.36,0.03,1002.55,cyclone,1
26.23,24.38,70.66,13.24,2.72,28.83,0.32,1017.39,none,0
115.63,27.23,100.0,19.18,5.98,82.83,0.67,1030.68,flood,2
129.09,33.74,76.67,10.97,6.8,45.19,0.1,1005.26,flood,2
79.32,24.41,100.0,11.44,10.33,25.49,0.23,1007.73,flood,2
0.42,21.64,90.14,14.7,1.49,46.7,0.72,1010.3,none,0
16.81,23.12,70.06,9.89,3.3,21.47,0.7,1019.82,none,0
117.8,39.69,95.87,3.28,8.98,67.02,0.07,1011.21,flood,2
43.14,31.48,81.57,109.01,3.52,36.57,0.5,980.89,cyclone,2
75.72,27.47,99.05,73.8,2.57,32.02,0.71,1003.57,cyclone,2
23.74,15.4,57.92,13.21,4.17,31.81,0.3,1007.69,none,0
3.45,26.76,53.39,19.95,3.23,43.69,0.02,985.99,none,0
42.25,25.55,32.94,9.99,3.51,38.79,0.17,1015.89,none,0
4.63,22.83,65.88,2.94,2.98,42.77,0.13,1021.09,none,0
2.13,20.12,90.64,26.21,2.17,45.7,1.28,996.86,none,0
94.05,23.92,100.0,8.72,4.22,67.42,0.59,1009.26,flood,2
7.23,41.64,22.25,9.06,3.0,13.9,0.13,1006.57,drought,1
109.89,20.37,73.17,127.75,4.52,27.62,0.1,969.89,cyclone,3
8.03,32.49,57.76,9.21,2.52,59.66,4.32,1012.14,earthquake,1
13.15,15.84,49.15,0.67,2.89,42.31,0.36,1006.02,none,0
10.4,26.81,63.0,10.87,1.84,45.35,0.1,1019.59,none,0
5.46,32.98,71.57,15.66,2.7,29.01,0.24,1013.2,none,0
6.25,36.83,53.64,10.9,3.51,22.58,0.15,1024.8,none,0
1.46,20.2,70.84,2.98,2.39,37.14,7.63,1020.8,earthquake,2
1.67,23.32,62.22,4.43,4.62,29.17,1.02,1015.3,none,0
13.76,26.22,42.76,5.17,3.15,43.64,1.0,1016.07,none,0
7.36,27.69,33.73,8.26,3.25,8.72,0.08,1016.91,drought,1
16.46,30.32,84.65,15.1,3.51,24.38,0.38,1007.84,none,0
20.6,23.52,77.41,13.53,2.2,27.28,1.0,1032.37,none,0
72.3,25.21,61.92,91.93,3.49,53.83,0.63,983.91,cyclone,2
86.64,18.67,60.36,2.55,5.97,71.21,0.1,993.92,flood,2
79.36,25.4,76.05,20.09,5.16,66.69,0.19,1015.04,flood,1
56.45,25.99,49.2,13.29,3.08,43.77,0.03,1014.99,none,0
30.56,22.85,74.13,51.84,1.19,20.92,1.28,978.09,cyclone,2
11.61,30.16,61.37,5.16,1.72,39.65,0.17,1014.38,none,0
63.9,27.42,100.0,2.92,5.47,71.01,0.08,999.86,flood,1
6.65,24.29,67.43,14.32,4.98,42.46,0.26,1020.29,none,0
12.37,22.96,41.78,1.61,4.47,39.9,4.67,1029.24,earthquake,2
1.34,36.22,76.62,19.76,3.73,10.45,0.01,1005.0,drought,1
3.2,25.05,62.37,5.67,2.49,35.46,1.35,1013.6,none,0
19.57,17.07,61.75,8.19,4.69,14.44,0.09,1005.01,none,0
4.9,32.36,53.82,11.67,1.8,51.36,7.05,1011.72,earthquake,1
17.06,21.03,57.46,3.84,4.63,31.34,0.26,1015.82,none,0
5.06,30.99,72.43,22.5,2.32,34.41,0.69,1010.27,none,0
97.09,26.81,93.06,44.54,8.25,67.73,0.52,1011.84,flood,2
118.37,17.86,100.0,100.12,2.16,23.77,0.49,983.05,cyclone,3
27.48,28.5,59.5,8.15,2.57,29.58,0.15,1019.67,none,0
30.34,36.59,27.75,39.2,1.9,0.0,0.23,1016.72,drought,1
52.34,29.17,81.32,108.86,3.56,28.34,0.04,996.11,cyclone,2
16.02,21.59,49.95,5.14,1.56,21.55,0.81,1004.62,none,0
107.74,19.12,100.0,6.33,3.38,72.23,0.02,991.77,flood,1
50.46,31.29,57.23,27.61,1.71,26.34,0.7,1012.69,none,0
50.38,26.83,69.96,2.91,0.81,51.2,4.77,1019.39,earthquake,1
139.93,33.46,87.3,5.85,4.86,68.47,0.17,1007.54,flood,2
4.41,31.31,56.08,3.45,4.68,34.16,0.06,1006.04,none,0
41.72,26.37,68.06,66.07,1.28,55.45,0.06,1006.51,cyclone,1
109.71,25.31,81.11,26.8,6.9,43.43,0.48,1016.61,flood,2
83.9,21.99,83.12,14.07,12.17,53.67,0.47,1009.52,flood,2
66.72,20.77,92.32,14.96,4.14,82.66,0.26,1003.32,flood,1
57.57,20.77,81.64,8.3,7.05,54.26,0.49,1016.06,flood,1
8.77,33.16,51.27,1.51,2.58,10.92,1.38,1016.4,drought,1
145.44,33.28,73.85,11.92,4.58,65.85,0.57,1017.79,flood,2
31.08,28.62,60.03,3.41,1.86,35.46,0.09,997.99,none,0
17.33,25.11,52.52,18.92,1.5,28.66,6.67,1011.11,earthquake,1
20.46,32.22,74.11,16.0,3.87,27.04,1.04,1002.07,none,0
36.87,30.49,69.1,5.11,4.89,52.71,0.64,1007.03,none,0
18.23,27.05,61.25,28.48,3.13,44.36,0.37,1008.75,none,0
72.92,26.48,100.0,69.91,3.66,38.43,0.03,1000.93,cyclone,2
122.31,30.57,56.13,58.23,3.59,33.53,0.08,971.13,cyclone,2
100.23,22.22,82.57,4.46,6.27,61.57,0.51,1000.14,flood,2
19.18,23.02,68.27,10.18,2.57,36.4,0.47,1008.12,none,0
73.64,28.39,85.46,7.84,7.43,39.99,1.24,999.34,flood,2
28.95,17.15,56.07,24.4,2.66,34.57,0.25,1022.84,none,0
23.31,31.27,54.32,6.74,2.89,35.89,7.4,1015.65,earthquake,2
22.13,38.25,78.24,31.39,2.25,24.43,0.92,1004.7,none,0
150.01,30.46,43.79,17.26,8.89,77.96,0.0,1007.88,flood,2
56.1,37.15,72.24,21.8,4.1,36.3,0.32,1008.81,none,0
4.79,39.93,17.72,6.07,2.43,29.3,0.29,1005.39,drought,0
120.72,28.44,65.45,21.4,5.2,77.55,0.56,1011.71,flood,2
16.6,32.06,53.45,18.58,2.97,51.13,0.22,1016.85,none,0
17.93,19.7,54.19,12.81,3.26,25.58,8.62,1008.26,earthquake,2
8.6,30.86,58.5,4.34,2.7,34.26,0.26,1026.74,none,0
296.28,32.18,78.6,12.07,6.0,54.11,0.0,1002.3,flood,2
4.54,31.14,71.4,17.92,4.04,30.32,0.37,1005.48,none,0
0.0,39.01,56.13,17.96,2.48,26.4,0.16,996.46,drought,1
52.88,39.77,72.55,41.54,2.82,22.38,0.04,964.74,cyclone,2
69.69,21.37,99.82,98.13,3.03,38.94,0.17,990.97,cyclone,2
24.58,34.51,50.84,11.79,2.48,34.53,1.03,1018.94,none,0
141.6,25.12,54.93,7.9,9.11,84.94,0.53,1015.79,flood,2
6.82,19.77,63.32,14.25,3.43,48.0,0.21,1013.94,none,0
6.66,21.38,65.13,3.63,3.39,40.74,0.24,996.36,none,0
9.3,25.41,68.76,5.36,4.23,27.18,0.4,1015.11,none,0
18.72,23.54,64.08,3.06,4.04,59.1,0.06,1011.85,none,0
9.0,29.02,71.33,15.74,4.22,41.78,0.42,1004.38,none,0
11.77,35.68,68.64,6.7,4.43,25.9,5.29,1012.85,earthquake,2
2.29,32.05,81.62,23.58,3.27,15.91,0.12,1011.45,none,0
12.14,23.0,47.63,11.49,2.74,23.33,0.43,1007.28,none,0
2.22,19.79,50.95,35.09,2.07,24.82,0.59,998.76,none,0
96.77,15.34,62.59,14.15,7.94,66.75,0.08,1002.53,flood,2
2.41,36.07,53.87,4.98,3.93,46.06,5.72,1000.33,earthquake,2
116.69,20.88,85.41,21.44,9.17,62.78,0.28,1002.5,flood,3
58.75,25.53,75.35,29.86,3.26,59.27,0.47,1005.38,flood,1
17.37,27.42,53.38,8.93,5.68,34.77,1.55,1010.6,none,0
130.04,29.43,80.22,18.35,4.88,80.96,0.05,1009.86,flood,2
31.88,26.39,33.91,4.35,2.59,25.34,0.18,1007.58,none,0
13.47,25.02,64.27,17.54,3.46,41.33,0.07,1023.73,none,0
7.0,30.0,71.79,6.74,3.52,49.54,0.2,1017.4,none,0
38.6,25.5,51.96,26.94,4.23,44.37,0.17,1027.03,none,0
34.23,24.91,72.88,21.45,2.48,38.93,7.73,1010.16,earthquake,2
0.0,34.52,39.87,27.62,2.74,20.8,0.06,1000.94,drought,0
16.23,24.91,75.45,2.94,3.26,22.21,0.4,1011.45,none,0
73.19,23.19,81.76,87.87,3.4,43.77,0.31,975.08,cyclone,2
5.84,22.28,40.85,3.38,2.03,24.78,0.15,1005.1,none,0
8.39,20.56,35.64,3.54,3.11,42.67,0.04,1026.18,none,0
89.9,23.21,61.71,31.74,14.23,76.88,0.46,999.02,flood,2
112.61,33.83,69.77,54.9,2.6,25.83,0.89,972.72,cyclone,3
1.88,27.1,33.32,26.77,2.85,0.0,0.43,1011.85,drought,1
8.66,22.59,59.75,5.25,1.91,35.84,0.5,1013.66,none,0
11.06,26.27,71.44,5.82,2.97,9.23,0.63,1006.51,none,0
7.11,33.48,30.12,9.5,3.91,0.0,0.02,1012.18,drought,1
31.36,21.13,45.81,4.53,3.39,42.34,0.03,987.4,none,0
77.54,19.26,75.53,17.05,9.89,68.67,0.36,1000.09,flood,2
33.58,21.04,72.58,3.5,4.13,44.34,0.28,998.75,none,0
0.0,20.42,20.6,10.15,2.97,12.37,0.67,1011.47,drought,1
62.09,38.91,81.25,14.65,9.45,59.89,0.13,1008.18,flood,2
22.4,26.76,55.87,16.96,3.51,37.86,7.6,1010.19,earthquake,2
29.69,33.12,69.98,2.19,1.98,52.18,0.39,996.5,none,0
147.39,20.67,92.04,4.66,5.04,58.79,0.71,1003.32,flood,2
74.71,24.41,96.32,112.45,3.0,51.16,0.19,991.26,cyclone,2
98.17,20.64,69.87,7.11,5.8,83.31,0.09,1014.61,flood,1
38.12,22.62,48.95,11.73,2.23,26.08,7.97,1001.78,earthquake,2
12.46,32.13,40.51,4.74,3.97,42.67,0.11,1007.91,none,0
7.4,29.07,34.18,22.62,3.4,18.59,0.28,1008.13,none,0
13.19,30.31,71.95,30.74,2.8,36.3,0.06,1007.34,none,0
2.44,28.5,46.5,4.25,2.19,24.11,4.71,1017.06,earthquake,1
19.19,28.11,62.17,10.0,2.84,40.58,1.1,1014.69,none,0
22.59,25.75,52.16,2.78,2.86,21.4,0.41,1016.68,none,0
12.98,27.61,63.36,5.12,3.7,30.76,0.42,1003.06,none,0
9.75,31.83,62.21,8.14,3.8,50.83,8.21,1013.1,earthquake,2
8.51,25.94,65.77,8.55,2.48,44.44,0.56,1021.74,none,0
55.0,27.43,69.11,17.81,9.8,67.53,0.06,1012.38,flood,2
19.46,39.14,62.84,22.28,3.86,21.2,0.29,1017.24,none,0
4.72,34.59,21.86,29.89,2.5,5.34,0.16,1016.84,drought,1
9.13,26.79,83.19,2.28,2.96,24.61,0.16,1020.35,none,0
136.06,29.37,62.73,8.51,4.38,65.67,0.08,1012.3,flood,1
6.1,25.08,42.16,9.24,1.36,46.47,0.1,1012.74,none,0
96.33,29.13,52.03,10.88,9.68,34.78,0.17,1005.61,flood,2
96.37,33.05,55.44,4.01,8.38,86.76,0.81,1011.44,flood,2
21.82,23.52,58.07,13.71,3.2,17.66,0.36,1029.91,none,0
119.61,20.02,64.49,141.13,2.7,37.48,0.71,982.45,cyclone,3
157.51,26.35,74.07,24.99,7.5,78.88,0.28,1020.98,flood,2
8.47,29.67,45.99,23.86,2.45,61.39,0.96,1004.27,none,0
22.27,27.72,55.04,9.58,2.03,27.02,0.05,1006.51,none,0
64.29,19.26,100.0,87.28,3.87,54.66,0.08,968.03,cyclone,2
9.97,34.82,53.49,3.51,2.89,33.25,0.8,1010.06,none,0
154.94,23.8,82.78,14.47,6.05,66.53,0.61,994.61,flood,2
16.81,30.49,65.15,4.1,4.09,46.48,8.63,1033.24,earthquake,2
59.79,23.98,93.88,91.44,1.5,31.56,0.64,1008.74,cyclone,1
62.17,27.85,99.01,102.39,2.7,46.04,0.36,999.48,cyclone,1
21.7,24.43,65.48,23.39,1.54,35.24,0.61,1023.21,none,0
116.55,29.74,52.64,48.26,2.03,37.92,0.1,979.86,cyclone,2
11.98,30.51,64.41,7.15,3.13,42.01,0.0,1007.71,none,0
30.52,24.99,20.41,3.28,3.18,22.67,0.41,1010.0,none,0
9.81,27.64,48.95,13.84,1.04,10.06,0.54,1011.77,none,0
3.1,29.2,88.18,2.78,2.81,42.57,0.45,1009.27,none,0
40.58,22.83,37.16,15.83,3.41,43.86,0.01,1004.2,none,0
57.65,26.91,82.05,63.5,3.3,43.11,0.04,993.16,cyclone,1
8.52,35.72,51.19,5.18,2.05,9.47,0.72,1012.03,none,0
127.35,28.55,70.18,6.27,6.32,90.87,0.1,1024.36,flood,2
1.08,26.13,57.54,19.69,5.21,27.03,0.16,1007.77,none,0
8.82,30.04,54.96,0.21,4.5,39.51,5.04,1011.9,earthquake,1
9.56,26.56,68.01,9.33,5.14,30.21,0.48,1018.3,none,0
100.98,15.48,82.82,9.6,9.37,73.5,0.96,1014.03,flood,2
10.53,23.17,66.51,2.79,2.97,30.31,5.66,1015.33,earthquake,2
16.6,25.77,36.78,28.25,2.87,39.5,1.12,985.62,cyclone,1
51.04,16.96,58.76,38.79,4.56,34.74,8.21,1011.68,earthquake,3
84.54,35.56,44.54,10.59,6.3,77.18,0.58,1000.83,flood,2
69.94,30.74,90.61,17.32,4.42,69.56,0.49,1010.64,flood,1
6.16,26.38,24.6,4.17,3.89,33.44,0.01,1002.97,drought,1
67.02,34.41,74.69,128.45,4.7,51.82,0.44,957.18,cyclone,3
129.08,25.34,58.43,21.12,5.76,81.02,0.25,998.11,flood,2
26.5,29.2,59.76,15.05,0.65,58.89,0.3,1027.41,none,0
76.64,26.48,67.35,10.35,13.2,55.98,0.01,1011.94,flood,2
8.96,31.65,76.81,5.35,2.72,60.63,0.8,1014.29,none,0
4.07,20.13,38.81,7.66,3.89,27.34,0.68,1003.81,none,0
11.3,24.87,52.77,14.49,3.09,14.3,0.13,1019.14,none,0
65.44,24.29,68.61,6.05,7.09,83.52,0.3,1001.51,flood,2
17.59,20.12,32.39,13.47,2.71,24.97,4.36,1002.16,earthquake,1
11.77,28.43,57.37,16.28,1.79,29.32,0.29,1014.84,none,0
100.92,29.82,100.0,94.74,2.67,27.21,0.87,987.24,cyclone,3
105.87,32.29,84.17,3.36,6.29,77.34,0.53,999.8,flood,2
48.48,26.92,85.06,44.15,3.62,33.71,0.89,1008.43,cyclone,1
119.55,34.09,90.09,85.57,3.46,29.06,0.04,983.25,cyclone,3
101.96,28.34,88.97,29.08,7.51,65.84,0.09,997.9,flood,2
72.65,28.58,96.77,12.42,7.73,59.45,0.2,1013.57,flood,1
8.34,28.3,73.04,10.59,4.61,28.89,0.5,1012.24,none,0
16.94,29.26,44.85,5.55,2.35,39.06,0.65,1010.19,none,0
26.54,34.83,71.65,6.67,2.73,30.34,4.88,1003.83,earthquake,1
103.68,16.35,87.88,8.11,8.44,87.05,0.02,1003.71,flood,2
76.26,27.55,100.0,17.83,6.6,43.43,1.55,1019.63,flood,2
13.77,26.27,71.51,3.33,3.12,39.52,0.07,1013.1,none,0
67.4,33.19,74.19,13.31,4.55,76.71,1.06,1011.32,flood,1
8.48,32.14,67.02,12.42,2.25,41.5,0.07,1021.88,none,0
7.39,29.01,56.13,13.33,4.27,43.63,0.47,1023.23,drought,1
83.9,20.99,39.03,100.29,2.41,40.69,0.54,1002.21,cyclone,2
0.0,20.99,62.16,36.48,2.55,18.17,0.58,1000.46,drought,1
26.85,23.85,100.0,27.01,2.29,44.05,4.31,1011.93,earthquake,1
52.14,29.3,51.13,78.81,4.04,39.09,0.06,978.9,cyclone,2
20.15,26.38,57.52,4.2,3.86,26.98,0.17,1015.66,none,0
0.0,30.64,43.12,9.11,1.58,14.79,0.2,1017.28,drought,0
30.29,26.23,72.82,29.81,1.6,22.39,0.09,1011.06,none,0
50.69,26.27,95.28,4.41,4.81,62.77,0.54,998.98,flood,2
26.38,28.46,68.93,1.51,4.19,29.88,0.49,1021.56,none,0
2.61,29.54,33.35,7.01,2.47,0.0,0.49,998.71,drought,1
65.48,31.58,88.78,14.51,9.48,59.87,1.6,1010.55,flood,2
6.15,33.78,79.01,1.2,3.09,51.46,0.03,1020.45,none,0
18.38,17.96,100.0,5.41,3.87,40.27,6.28,1024.96,earthquake,2
0.0,26.5,31.64,22.74,3.54,4.37,0.33,1012.67,drought,1
102.99,21.86,82.78,88.28,4.01,41.78,0.11,985.48,cyclone,3
34.69,20.0,85.27,90.8,2.34,51.75,0.0,991.32,cyclone,2
35.66,24.71,72.64,46.39,3.65,33.61,1.0,971.98,cyclone,2
59.23,24.23,22.09,6.49,3.06,18.63,0.0,1009.77,none,0
66.08,32.15,74.89,11.36,10.98,62.68,0.14,1006.92,flood,2
3.05,25.78,45.04,22.33,2.42,17.53,0.11,1009.94,drought,1
14.6,23.16,51.99,2.16,4.66,28.68,0.34,1021.04,none,0
54.05,23.98,90.08,88.5,3.84,20.32,0.08,978.38,cyclone,2
7.16,26.88,63.1,5.08,4.32,29.16,0.11,1017.02,none,0
6.83,31.91,62.9,3.93,2.26,37.66,2.11,1015.22,none,0
2.39,25.09,25.88,12.05,4.24,24.43,0.35,1011.02,none,0
121.79,18.55,73.86,54.72,2.03,33.16,0.25,999.46,cyclone,2
11.53,32.88,65.83,8.47,3.49,26.48,0.39,1009.41,none,0
6.65,28.07,56.78,16.41,3.38,48.62,0.61,1009.21,none,0
97.24,34.55,66.65,16.05,10.77,69.28,0.02,1010.21,flood,2
22.04,29.02,57.84,8.28,3.19,26.45,0.01,1007.83,none,0
19.44,25.7,45.59,10.2,3.31,54.93,0.6,1001.27,none,0
148.64,30.86,47.82,8.62,4.73,87.15,0.13,1007.6,flood,2
63.58,30.77,74.02,23.99,7.89,67.8,0.49,992.23,flood,2
22.11,34.12,48.53,2.95,3.41,26.65,0.62,1015.98,none,0
23.75,34.02,81.62,12.49,3.27,35.98,0.32,1007.86,none,0
3.42,29.08,54.76,1.28,3.68,37.81,0.1,1012.83,none,0
0.0,38.47,33.66,12.68,1.66,23.05,0.07,1030.33,drought,0
117.04,23.85,75.57,14.36,8.78,43.12,0.1,999.25,flood,2
1.31,27.01,61.01,4.34,1.66,48.54,0.08,1007.37,none,0
136.36,18.68,53.45,4.85,6.58,59.3,0.11,1010.59,flood,2
0.34,30.35,33.22,3.37,2.17,6.77,0.43,1004.82,drought,1
32.73,25.78,55.38,8.52,2.96,43.81,0.01,1017.85,none,0
0.0,26.67,53.89,9.79,3.56,31.19,0.13,1004.01,drought,0
9.78,23.26,53.93,15.34,3.49,50.96,4.56,992.94,earthquake,2
149.63,24.8,77.98,10.2,5.04,81.78,0.56,999.08,flood,2
102.85,27.32,88.28,40.68,0.75,19.35,0.59,974.97,cyclone,2
117.61,28.84,62.44,10.22,8.77,96.96,0.01,1006.43,flood,2
23.11,26.87,73.63,10.25,2.02,0.0,0.02,1025.27,none,0
28.02,27.61,56.08,14.9,4.79,52.37,0.84,1029.97,none,0
20.68,20.3,73.79,7.45,0.81,32.06,0.02,1014.62,none,0
0.0,38.26,46.85,8.83,2.28,4.97,0.16,1015.6,drought,0
15.01,33.04,48.89,3.58,2.85,27.54,0.1,1017.19,none,0
10.81,31.78,78.48,2.74,3.37,21.81,0.1,999.4,none,0
7.0,30.83,63.1,8.8,0.85,39.01,0.78,1011.12,none,0
14.17,44.56,51.47,0.91,1.26,51.32,7.1,1010.81,earthquake,1
3.91,27.8,96.73,9.43,3.19,28.85,0.05,1011.41,none,0
8.2,27.02,65.37,11.26,4.29,35.69,0.05,1013.81,none,0
11.36,29.53,59.05,11.97,3.26,39.59,0.77,1015.77,none,0
122.19,25.46,55.33,10.79,8.44,22.94,0.3,991.8,flood,3
109.46,30.04,87.15,60.17,5.3,22.41,0.66,1006.14,cyclone,2
15.05,25.45,73.25,1.88,1.18,13.18,0.05,1015.87,none,0
0.29,33.34,40.53,12.67,2.38,29.1,0.27,1020.04,none,0
69.91,35.15,82.42,11.91,7.96,56.03,0.42,1018.57,flood,2
41.94,32.12,87.98,69.72,2.61,38.29,0.0,972.78,cyclone,2
58.71,29.21,75.09,61.82,2.06,21.92,0.46,971.53,cyclone,2
5.83,35.3,51.69,6.27,3.7,21.85,0.79,993.03,none,0
21.1,29.29,61.34,11.43,5.09,56.48,0.25,1003.75,none,0
47.3,18.37,79.65,11.12,6.23,58.44,0.56,1022.78,flood,1
5.45,24.18,62.19,6.31,3.97,34.02,0.07,1020.82,none,0
70.06,18.83,73.88,53.98,1.25,27.0,0.06,963.81,cyclone,2
74.44,25.69,93.8,112.3,0.33,34.67,0.33,987.26,cyclone,2
86.24,9.91,56.41,34.79,13.59,61.41,0.24,1008.99,flood,2
73.13,26.81,57.53,9.92,5.15,66.76,0.2,995.16,flood,2
178.85,30.85,78.09,1.24,12.19,50.92,0.9,1010.13,flood,2
112.49,26.17,54.55,19.37,4.74,70.25,0.19,1011.35,flood,1
10.47,16.34,60.24,17.32,2.31,7.38,0.05,1007.54,none,0
18.74,38.07,61.84,4.16,3.37,41.34,0.19,1007.34,none,0
5.97,36.23,84.24,2.99,2.48,26.67,0.13,1010.47,none,0
14.67,30.72,57.31,4.69,3.42,36.36,0.04,1013.61,none,0
11.44,28.34,76.3,2.87,2.21,20.49,1.35,1009.19,none,0
82.62,31.57,44.87,6.84,11.58,83.62,0.1,999.5,flood,2
88.42,25.97,97.5,87.17,4.95,13.0,0.11,970.25,cyclone,3
18.49,25.62,29.38,8.73,4.14,28.36,0.9,1030.15,none,0
4.56,26.13,49.78,5.82,2.2,15.19,0.18,1011.91,none,0
21.37,25.38,24.8,4.04,4.46,25.75,0.81,1012.72,none,0
2.59,28.83,58.33,11.98,3.06,40.86,0.02,1020.7,none,0
58.71,27.84,82.41,124.16,2.79,21.08,0.01,988.75,cyclone,2
0.0,28.11,9.78,11.14,3.0,16.1,0.15,1033.67,drought,1
1.79,23.02,53.35,4.98,4.26,31.23,0.42,1020.09,none,0
130.72,32.04,60.21,3.63,6.54,58.5,0.37,995.1,flood,2
20.54,18.1,58.73,8.93,3.21,46.55,0.29,1015.6,none,0
29.7,30.51,70.86,36.81,3.85,32.65,0.01,1004.76,none,0
16.25,29.65,66.19,4.29,3.75,38.2,0.43,1012.13,none,0
12.93,30.51,89.95,9.64,0.9,39.67,0.09,1008.55,none,0
11.95,28.32,42.79,15.11,2.79,49.0,1.25,1027.48,none,0
8.4,24.67,78.21,24.86,3.49,17.28,0.13,1016.19,none,0
20.7,21.55,64.15,25.75,2.76,20.85,0.07,1001.93,none,0
17.32,32.11,48.45,22.04,0.92,10.32,0.24,1007.76,drought,1
1.86,36.34,25.99,12.0,2.63,12.91,0.04,1020.5,drought,1
26.85,25.31,64.17,9.07,1.88,45.95,0.49,1020.21,none,0
19.05,20.86,85.8,6.94,3.19,44.14,6.01,1005.4,earthquake,2
22.95,28.41,74.51,2.62,3.16,28.66,0.3,994.46,none,0
68.7,32.96,87.85,7.02,7.4,76.19,0.09,1022.61,flood,1
6.14,31.39,49.0,15.13,3.91,21.89,4.94,1020.2,earthquake,2
6.34,27.89,38.58,5.34,2.99,34.65,0.24,1013.95,none,0
17.84,30.12,68.05,5.68,3.35,30.28,4.07,1014.64,earthquake,1
0.4,35.26,57.52,9.77,4.9,33.38,0.07,1007.8,none,0
167.95,28.77,52.17,7.88,17.41,62.19,0.23,1016.21,flood,2
2.03,29.84,55.94,4.79,1.82,35.3,0.05,1019.57,none,0
9.46,27.19,75.39,3.91,2.15,55.1,7.16,1022.51,earthquake,1
12.74,23.39,63.53,3.57,2.44,32.13,0.48,1002.42,none,0
23.84,26.58,26.23,15.12,2.21,0.0,0.15,1027.32,drought,1
95.62,26.62,72.19,19.05,3.23,43.18,1.21,1027.87,flood,1
27.96,33.49,79.33,9.73,2.55,40.92,0.62,1017.95,none,0
21.06,25.5,71.28,9.68,4.16,11.76,0.13,1009.74,none,0
15.19,29.46,61.32,10.53,2.03,10.95,1.09,1011.46,none,0
54.31,27.71,94.43,5.83,3.34,67.42,0.19,1007.44,flood,1
22.33,25.15,56.94,3.15,2.46,46.54,0.38,1008.8,none,0
19.16,32.28,62.76,7.24,1.69,44.83,0.34,1005.3,none,0
8.93,20.99,59.73,9.11,4.54,34.4,0.66,1002.63,none,0
8.16,25.84,63.55,14.81,2.95,44.28,0.59,1025.25,none,0
179.69,22.51,76.63,2.29,6.23,73.48,0.34,1006.62,flood,2
18.83,31.7,63.07,5.61,2.81,21.67,6.59,1016.3,earthquake,2
127.32,32.85,81.22,22.31,9.52,73.56,0.21,991.25,flood,2
77.98,24.21,89.02,4.05,6.02,59.28,0.56,1017.69,flood,1
7.82,31.9,82.19,4.59,3.92,16.57,0.52,1005.24,none,0
13.33,29.41,50.17,18.84,3.97,45.34,0.29,1019.53,none,0
13.2,17.86,67.2,10.89,1.55,24.99,1.05,1015.84,none,0
23.25,24.59,57.64,6.5,2.3,40.75,0.01,1002.76,none,0
77.2,19.4,88.36,94.23,3.6,22.52,0.68,988.39,cyclone,3
41.56,30.1,95.9,32.19,1.51,41.79,0.62,984.18,cyclone,1
238.68,30.12,90.85,9.53,3.66,72.76,0.79,1009.14,flood,2
3.68,33.77,67.47,7.29,0.69,28.08,1.01,1014.78,none,0
136.31,35.07,93.07,96.13,2.72,38.51,0.24,989.05,cyclone,2
78.04,20.77,83.78,13.46,7.47,83.29,0.01,1000.57,flood,2
77.44,33.36,84.71,10.81,7.4,78.15,0.58,1001.26,flood,2
4.68,30.63,32.65,12.6,3.56,25.98,0.32,1020.38,drought,0
40.82,26.69,91.41,75.15,2.51,29.43,1.36,983.43,cyclone,2
36.84,31.88,49.12,8.96,4.48,30.84,0.24,1009.35,none,0
79.0,25.55,100.0,49.92,3.39,30.72,0.24,980.55,cyclone,2
20.95,28.02,41.14,6.8,4.25,59.55,0.21,1005.94,none,0
15.18,27.84,33.33,14.12,3.24,20.22,0.74,1018.08,none,0
35.75,25.65,62.11,16.99,1.01,38.76,0.37,1021.93,none,0
56.2,20.57,76.33,56.15,1.46,43.09,0.15,976.7,cyclone,1
8.73,26.59,71.32,26.35,3.97,22.02,8.11,1025.17,earthquake,3
70.23,24.4,100.0,8.28,6.86,84.48,0.12,1002.47,flood,1
14.34,15.9,78.89,4.36,2.49,43.12,0.79,1018.88,none,0
24.49,30.86,76.62,6.61,3.41,44.78,5.52,1000.91,earthquake,2
0.0,33.0,35.39,7.99,1.84,0.0,0.17,1013.05,drought,1
0.0,29.05,37.01,10.52,2.61,15.27,1.07,1006.58,drought,1
47.52,26.81,94.75,74.08,3.72,41.74,0.13,995.03,cyclone,1
5.66,27.49,64.31,9.71,3.78,15.28,0.19,1013.97,none,0
37.34,34.35,80.16,88.05,4.3,41.62,0.07,996.65,cyclone,2
15.48,28.8,38.84,25.91,3.33,57.49,0.02,1010.73,none,0
36.06,34.82,51.22,37.53,3.87,24.8,6.28,1015.73,earthquake,2
147.43,27.0,80.57,10.14,4.92,59.83,0.3,996.92,flood,2
17.3,33.91,72.89,8.08,3.28,37.18,0.07,1011.19,none,0
16.77,23.41,56.77,3.59,1.99,31.14,1.43,1008.12,none,0
3.03,26.58,42.81,5.19,3.06,39.11,6.77,998.46,earthquake,2
22.1,33.82,67.14,31.95,1.17,28.2,0.08,1023.32,none,0
2.19,24.69,58.05,4.73,3.14,39.8,0.71,1019.67,none,0
25.26,32.82,24.3,7.85,2.74,2.79,0.37,1009.67,drought,1
7.33,19.25,63.98,30.61,3.86,20.39,0.15,1009.94,none,0
105.76,29.78,85.42,6.16,11.62,87.84,0.21,1009.05,flood,2
36.94,22.52,68.0,7.09,2.23,36.38,1.11,1017.0,none,0
50.95,20.78,82.1,73.39,1.01,33.99,0.26,996.9,cyclone,1
5.41,29.67,69.74,10.25,3.21,46.7,0.06,1014.65,none,0
12.76,28.08,69.68,14.13,2.23,48.18,3.84,1013.48,earthquake,1
18.28,27.63,76.57,13.31,2.5,33.43,0.65,1011.26,none,0
23.64,34.86,69.59,13.21,3.66,45.42,0.05,1005.59,none,0
0.0,35.36,11.52,6.2,3.85,28.11,0.12,1023.99,drought,0
11.48,30.16,61.76,9.88,3.21,25.64,0.2,1007.57,none,0
20.03,29.0,95.2,10.06,2.69,53.1,1.38,1030.53,none,0
12.1,30.3,56.58,20.09,2.21,19.37,0.98,1020.7,none,0
145.57,28.69,63.96,3.78,7.43,79.97,0.04,1021.88,flood,2
8.53,28.53,81.05,18.2,1.06,43.72,0.79,1006.56,none,0
30.39,31.57,56.3,4.5,3.05,42.33,4.08,1010.63,earthquake,1
65.18,35.14,91.56,17.94,8.17,72.29,1.7,998.33,flood,2
42.92,33.14,60.89,136.63,3.03,15.07,0.52,970.83,cyclone,3
118.85,25.65,67.57,3.64,8.22,53.61,0.33,999.95,flood,2
47.89,23.8,83.11,142.83,1.94,0.0,0.17,987.04,cyclone,3
18.22,31.37,37.97,5.21,1.93,22.86,0.09,1014.39,drought,0
15.94,31.73,55.09,5.39,2.81,16.82,0.14,1007.19,none,0
1.09,30.89,66.25,5.06,1.94,37.25,0.05,1009.24,none,0
75.48,28.48,73.11,13.77,8.05,84.19,0.31,1012.41,flood,1
60.71,35.23,91.5,161.54,2.1,29.66,0.09,963.06,cyclone,3
4.79,44.55,33.25,18.35,3.32,0.0,0.5,996.91,drought,1
70.56,24.9,68.88,53.13,1.45,29.55,0.35,984.15,cyclone,2
25.05,19.12,63.92,21.09,2.58,42.26,0.44,1021.11,none,0
17.66,34.07,86.61,2.11,4.17,42.99,1.2,1026.09,none,0
0.0,29.14,28.6,7.57,2.3,7.46,0.01,1002.85,drought,1
16.07,28.23,70.48,13.89,5.39,41.67,0.06,1019.05,none,0
17.4,29.32,41.56,5.41,2.53,52.95,0.4,1015.55,none,0
146.01,31.46,86.73,7.41,5.59,68.38,0.21,1005.88,flood,2
54.57,23.74,85.36,4.4,5.01,53.41,0.31,996.67,flood,1
50.83,31.86,100.0,39.9,3.29,29.73,0.4,990.38,cyclone,2
189.27,31.07,65.76,15.19,11.26,56.98,0.17,994.62,flood,3
4.57,28.87,54.78,16.58,2.23,23.64,4.27,1013.95,earthquake,1
22.15,38.49,59.76,14.71,1.28,32.09,1.28,993.57,none,0
66.75,22.58,94.49,21.97,3.43,31.56,0.82,1017.83,none,0
40.68,24.51,87.19,35.06,2.96,49.24,0.1,1011.88,none,0
11.38,30.93,19.6,38.79,4.03,49.23,0.38,997.98,none,0
86.59,22.84,75.51,9.66,6.46,65.66,0.87,1005.06,flood,2
29.44,22.73,83.43,12.05,2.66,39.16,0.52,1018.54,none,0
74.86,21.69,75.38,127.29,2.72,42.48,0.09,989.54,cyclone,2
14.38,24.73,51.45,34.21,3.75,54.09,7.29,1015.58,earthquake,2
15.68,27.42,62.45,1.53,4.74,19.0,0.34,1020.89,none,0
10.72,19.54,64.31,5.91,5.05,57.01,0.13,1008.44,none,0
4.07,27.92,55.52,4.79,1.75,32.83,8.33,1018.91,earthquake,1
2.79,24.33,65.84,7.12,2.77,63.59,0.15,1000.18,none,0
11.11,28.63,70.93,5.87,3.84,15.88,0.11,1009.94,none,0
9.88,27.77,45.26,22.62,3.26,46.71,7.18,1005.3,earthquake,2
12.29,26.31,60.41,17.77,2.75,60.04,4.94,1016.64,earthquake,2
1.66,22.42,69.5,9.44,3.91,35.95,0.19,1010.3,none,0
3.54,26.2,62.61,8.59,4.35,43.29,0.0,1007.66,none,0
20.96,23.29,66.12,8.12,2.41,37.95,0.54,1013.73,none,0
58.96,25.87,98.2,109.14,3.86,49.61,0.25,969.24,cyclone,3
0.0,31.65,66.74,0.59,3.96,0.67,0.04,1007.15,drought,1
42.04,23.96,69.58,12.72,2.33,24.1,0.36,1016.3,none,0
34.71,30.75,63.32,9.42,2.68,36.74,0.7,1003.21,none,0
31.74,25.73,72.24,26.13,2.82,19.42,0.63,1020.91,none,0
198.27,22.52,90.28,12.78,6.31,49.1,0.3,1020.29,flood,2
10.54,34.72,36.56,9.92,4.38,18.99,0.08,1014.94,drought,0
4.75,26.01,68.13,12.12,3.05,53.5,0.73,998.02,none,0
16.29,16.81,48.94,20.28,3.77,34.74,0.12,1012.82,none,0
113.38,33.2,82.5,1.97,9.31,47.69,0.27,1010.37,flood,2
12.36,32.47,94.82,2.52,3.55,24.14,0.41,1004.86,none,0
4.57,28.33,42.26,6.78,3.8,42.89,0.03,1024.86,none,0
229.84,20.78,100.0,1.35,12.04,75.7,0.13,1025.58,flood,2
12.3,27.27,3.57,5.26,1.78,11.94,0.99,1012.2,drought,1
34.8,22.57,68.28,7.34,4.5,15.5,0.68,1026.25,none,0
262.03,21.98,57.43,16.04,5.97,72.18,0.66,1022.05,flood,2
22.6,24.57,53.04,13.02,3.04,37.9,5.08,1006.25,earthquake,1
25.27,32.88,72.81,12.87,3.36,40.61,0.35,1010.94,none,0
82.25,24.29,66.33,19.79,6.0,54.07,0.41,1006.08,flood,2
79.75,28.27,71.06,8.64,6.25,60.82,0.02,1002.92,flood,1
58.78,21.57,96.16,91.65,2.21,22.28,0.91,986.67,cyclone,2
24.81,22.31,74.17,12.41,2.8,45.44,0.08,1011.8,none,0
70.28,34.76,92.58,162.34,3.87,47.81,0.15,955.09,cyclone,3
20.91,24.0,65.15,5.85,2.79,41.97,0.5,1020.36,none,0
30.44,28.72,37.11,21.47,3.24,30.69,0.2,1001.15,none,0
129.82,25.24,68.74,9.7,8.54,72.69,0.02,1002.21,flood,2
62.04,27.72,67.69,20.86,3.61,41.67,0.44,983.71,cyclone,2
19.98,32.37,41.31,9.16,3.37,21.49,5.27,995.97,earthquake,2
100.12,30.11,73.52,14.89,3.05,69.72,0.33,996.13,flood,1
15.45,25.84,75.32,36.52,3.28,24.27,4.74,1022.2,earthquake,2
6.46,27.92,46.36,0.41,2.34,35.12,0.04,1013.27,none,0
21.4,25.65,87.12,15.99,3.2,27.12,0.11,1009.54,none,0
114.38,25.23,81.4,91.21,1.16,37.93,0.57,991.37,cyclone,2
21.12,39.68,76.01,5.05,2.54,35.41,7.31,1009.89,earthquake,2
23.72,26.61,60.12,5.5,3.19,38.93,4.01,1012.95,earthquake,1
234.49,22.61,61.14,10.99,9.64,65.6,0.05,1020.96,flood,3
86.78,21.93,75.78,9.44,7.65,62.66,0.09,999.79,flood,2
13.5,33.67,0.0,16.52,3.72,14.14,1.47,1027.83,drought,1
14.0,16.36,52.67,19.43,1.44,32.76,0.08,1026.28,none,0
76.57,26.83,99.03,13.12,5.75,70.05,0.12,1002.68,flood,1
24.96,29.05,74.47,12.4,2.63,33.63,0.01,1010.86,none,0
0.0,29.27,36.88,19.17,3.42,12.64,0.23,1004.03,drought,1
10.5,32.8,36.43,22.84,3.02,40.32,0.42,1001.84,none,0
1.83,32.46,57.03,18.82,1.65,44.33,7.29,1008.97,earthquake,2
12.17,32.32,72.3,14.84,4.22,24.35,9.14,1016.96,earthquake,2
91.26,30.23,100.0,224.57,1.89,33.18,0.17,972.87,cyclone,3
14.9,22.74,44.43,10.11,2.45,65.09,0.07,1003.44,none,0
90.1,28.74,83.84,9.69,8.8,88.38,1.1,1012.33,flood,2
4.7,27.61,53.62,3.65,3.66,30.46,0.41,1011.93,none,0
8.07,25.24,35.44,11.98,1.47,33.78,0.32,1009.32,none,0
63.61,28.5,36.1,8.68,1.3,55.84,5.36,1017.38,earthquake,1
33.78,30.46,64.45,35.1,4.55,14.98,0.13,1021.48,none,0
12.08,20.74,86.69,1.41,1.79,35.33,0.52,1023.5,none,0
12.12,28.01,40.38,4.29,3.31,36.76,0.74,1013.31,none,0
11.96,23.31,67.41,21.97,4.45,33.78,0.22,1006.59,none,0
26.53,34.86,71.45,10.74,2.39,32.08,5.9,1014.95,earthquake,1
1.21,33.42,48.15,20.06,3.54,30.21,0.9,1018.36,none,0
24.17,20.69,81.63,132.7,2.87,38.96,2.19,974.75,cyclone,2
6.87,20.13,67.77,28.3,3.72,32.17,0.58,1007.64,none,0
6.11,25.47,90.01,12.06,3.14,50.65,8.58,1018.04,earthquake,2
14.35,31.47,67.47,11.15,2.95,41.67,0.73,1027.52,none,0
6.3,28.18,47.81,5.86,3.98,21.67,0.01,1002.61,none,0
133.98,23.03,63.15,142.54,1.76,41.62,0.26,986.94,cyclone,3
4.77,28.43,33.59,5.05,4.15,30.95,0.02,1015.29,drought,1
33.52,28.36,80.52,24.02,4.6,45.87,0.14,979.31,cyclone,1
0.55,36.19,28.98,9.09,2.35,25.53,0.35,1001.58,drought,1
47.7,20.94,60.51,6.69,4.06,44.0,0.27,1010.36,none,0
40.2,19.98,74.14,6.52,3.98,36.16,0.45,1011.07,none,0
2.05,24.78,55.09,8.02,3.47,0.0,0.6,1021.26,none,0
132.21,27.2,86.09,3.78,7.53,61.04,0.09,1003.08,flood,2
16.87,20.51,45.74,8.09,2.69,22.85,1.16,1011.46,none,0
115.53,22.75,78.91,4.74,5.68,58.43,0.01,1007.29,flood,1
45.05,25.39,98.86,102.96,3.47,27.22,0.03,997.44,cyclone,2
11.87,38.61,64.0,4.04,4.53,38.1,0.04,1011.67,none,0
0.0,35.0,55.74,3.03,3.85,13.83,0.13,1017.86,drought,1
1.56,21.0,74.84,34.51,4.58,32.3,0.54,1011.26,none,0
0.75,19.36,88.31,17.96,4.78,37.85,1.2,1015.23,none,0
1.75,29.38,62.16,0.37,3.51,53.84,0.7,1006.54,none,0
20.45,24.83,50.63,15.26,3.26,40.16,5.14,1004.12,earthquake,2
23.97,24.19,71.13,19.78,2.74,33.15,0.77,1019.55,none,0
37.84,23.27,62.56,8.75,5.6,53.34,0.26,1002.33,none,0
83.18,23.53,81.57,2.08,10.3,77.39,0.35,1004.98,flood,2
11.81,28.35,85.58,5.14,1.83,35.59,0.61,1006.04,none,0
78.93,23.54,76.78,14.78,8.67,62.19,0.17,1010.54,flood,2
9.89,26.76,53.12,24.4,2.97,45.88,7.69,999.53,earthquake,2
64.85,23.12,84.16,121.71,2.56,55.5,0.82,966.79,cyclone,3
20.0,38.53,36.63,7.21,2.76,0.0,0.18,1025.13,drought,1
142.85,29.99,73.1,11.7,6.55,70.32,0.21,1006.72,flood,2
63.93,30.8,83.46,5.73,6.61,72.24,0.06,1016.54,flood,1
8.24,26.66,90.1,24.76,3.08,36.34,7.33,1012.18,earthquake,2
56.53,24.85,84.2,82.81,3.85,28.19,0.79,995.8,cyclone,2
46.67,25.74,78.1,94.81,1.65,38.44,0.08,992.3,cyclone,2
22.61,23.63,60.4,11.35,1.57,39.05,0.55,1021.23,none,0
7.19,29.49,50.66,6.15,1.79,29.91,0.14,999.22,none,0
41.05,27.37,84.87,4.53,3.51,46.09,0.05,1007.55,none,0
201.46,32.53,41.87,13.47,6.81,62.95,0.04,1010.04,flood,2
19.68,26.07,71.45,5.57,2.67,35.75,0.4,1012.69,none,0
0.0,30.66,46.82,12.32,3.15,16.19,0.61,1010.96,drought,1
18.27,34.27,31.93,2.44,3.51,31.43,0.9,1025.12,drought,0
172.38,28.43,71.62,3.84,8.84,78.24,0.16,1021.52,flood,2
6.5,24.59,75.77,6.76,3.45,36.71,1.09,1014.99,none,0
11.08,31.56,56.59,5.19,2.8,16.98,0.32,1003.37,none,0
59.53,36.19,83.83,18.14,10.29,31.85,0.2,1019.33,flood,2
29.53,43.74,8.41,32.61,1.81,45.41,1.53,1005.23,drought,1
4.65,33.43,70.09,17.64,2.05,55.23,0.12,1003.27,none,0
7.51,21.32,65.69,4.66,3.94,37.48,0.27,1025.23,none,0
28.36,37.17,61.92,10.58,2.34,36.86,0.52,1009.05,none,0
20.26,39.14,49.5,9.15,3.36,36.56,7.42,1006.69,earthquake,2
59.81,31.3,71.56,12.94,2.73,28.38,0.58,1013.33,none,0
25.7,29.8,63.93,11.84,3.09,39.09,1.63,1010.75,none,0
77.55,30.36,67.2,121.23,1.83,30.47,0.1,979.04,cyclone,2
124.36,27.49,47.87,7.78,10.47,65.32,1.25,999.74,flood,3
7.32,30.85,62.18,10.09,1.97,39.81,0.16,1004.43,none,0
8.19,31.11,52.36,36.9,2.54,36.31,6.89,1030.07,earthquake,2
84.66,29.06,51.32,94.72,2.21,27.07,0.18,1000.11,cyclone,2
12.74,20.29,79.97,27.05,1.85,37.23,0.28,1021.71,none,0
6.48,22.06,81.21,13.61,3.34,34.88,8.8,1009.46,earthquake,2
11.82,25.84,66.27,7.44,1.97,36.28,0.11,1020.78,none,0
109.77,23.83,67.04,10.4,12.97,78.04,1.19,1017.47,flood,2
0.0,25.22,37.16,16.13,3.77,5.92,0.51,1012.48,drought,1
68.77,34.14,72.86,13.98,6.02,72.04,0.25,1015.09,flood,1
7.9,31.27,63.26,14.36,2.67,35.16,0.6,1013.06,none,0
8.54,23.07,80.29,20.53,3.36,31.1,0.07,1018.84,none,0
56.99,28.62,87.4,16.76,5.8,62.42,0.04,995.2,flood,1
0.0,30.05,32.45,14.29,3.46,25.19,0.01,1013.31,drought,0
13.57,25.93,20.66,23.33,5.49,34.8,0.1,1004.4,none,0
48.98,27.19,100.0,17.82,9.35,83.95,0.64,1004.46,flood,2
34.53,31.75,78.11,76.53,2.74,69.86,0.8,1007.74,cyclone,1
7.1,26.64,14.51,22.22,2.9,3.71,0.1,1022.65,drought,1
30.66,26.14,71.18,22.51,4.11,37.49,0.31,1002.32,none,0
51.56,32.99,80.46,7.41,1.63,59.1,3.71,1006.92,earthquake,1
101.22,27.71,62.21,98.97,3.54,34.4,0.84,980.06,cyclone,2
21.73,25.57,100.0,85.9,1.96,63.07,0.01,994.54,cyclone,1
18.84,30.56,38.96,11.85,3.65,23.86,0.31,1013.45,drought,0
1.18,27.29,21.78,10.28,2.99,26.33,0.01,995.27,none,0
155.03,27.11,84.84,31.5,7.27,51.19,0.04,1022.24,flood,2
12.1,29.37,55.9,7.93,4.49,31.75,4.57,1010.7,earthquake,2
3.19,24.84,78.58,12.04,2.5,55.36,0.02,1015.31,none,0
145.7,33.96,100.0,7.09,7.27,76.42,0.01,1004.5,flood,2
7.66,31.71,35.22,2.03,2.09,19.1,0.66,1001.69,drought,1
15.33,33.06,28.99,23.26,3.8,18.61,4.72,1020.45,earthquake,2
28.36,22.79,60.71,17.47,2.81,30.79,0.15,1020.2,none,0
0.0,38.79,30.9,8.04,3.0,21.17,0.1,1003.12,drought,1
86.96,23.03,100.0,84.04,2.44,34.23,0.32,990.56,cyclone,2
10.21,33.77,49.83,14.01,4.58,10.07,0.18,1024.69,none,0
36.23,41.47,47.63,13.2,4.36,36.6,0.2,998.64,none,0
18.25,35.99,42.29,2.16,5.26,30.68,0.99,1016.95,drought,1
14.5,16.75,66.9,11.82,1.6,29.65,0.59,1032.37,none,0
166.47,26.43,70.36,6.46,9.48,60.46,0.01,1006.68,flood,2
28.34,23.59,58.72,19.15,2.38,30.14,0.3,1002.74,none,0
187.63,26.13,87.93,33.16,4.52,96.86,0.36,1010.63,flood,2
40.58,31.36,72.15,91.29,3.17,35.32,1.2,973.09,cyclone,2
27.93,22.98,44.57,24.03,2.02,34.59,0.08,997.12,none,0
5.56,30.81,66.26,17.51,1.27,26.87,0.33,1017.96,drought,0
3.11,22.11,48.76,2.22,2.51,52.26,1.89,1011.23,none,0
111.67,31.02,81.12,197.13,5.22,32.82,0.37,973.65,cyclone,3
67.78,21.18,91.25,9.8,7.64,35.25,0.91,1020.18,flood,2
4.69,28.18,33.65,7.71,1.74,0.0,0.24,1012.26,drought,0
4.79,37.75,20.98,26.45,3.27,15.47,0.41,1003.24,drought,1
18.56,34.21,61.17,3.83,1.89,41.41,0.86,1015.71,none,0
65.52,30.1,100.0,51.65,2.27,29.51,1.19,976.72,cyclone,2
22.64,23.13,45.76,11.65,3.47,19.13,0.55,1020.54,none,0
3.92,31.17,64.75,3.41,2.75,45.55,2.39,1010.73,none,0
51.96,31.27,65.58,6.47,4.49,34.07,0.77,1022.28,none,0
4.56,26.18,94.25,7.86,3.42,43.59,0.2,1028.89,none,0
23.84,35.12,42.97,12.39,4.46,16.18,0.15,1015.5,none,0
142.84,19.24,87.6,17.34,7.82,84.49,0.05,1017.36,flood,2
6.12,34.25,71.65,1.28,2.48,39.34,0.48,1011.25,none,0
48.35,35.86,78.65,205.63,3.38,38.81,0.33,984.99,cyclone,2
17.26,27.56,68.78,13.42,2.73,9.48,1.47,998.91,none,0
164.58,24.75,66.52,9.92,5.09,50.37,0.42,1009.9,flood,2
0.0,32.87,21.43,16.31,1.85,30.98,0.84,1011.46,drought,0
5.6,24.88,50.77,4.74,2.36,37.04,0.23,1011.49,none,0
103.59,25.61,68.46,4.52,12.65,72.84,0.2,1006.72,flood,2
13.32,29.86,66.7,14.05,3.73,36.18,8.74,1013.92,earthquake,2
52.78,31.26,68.8,10.89,8.31,74.51,0.71,1010.1,flood,2
33.42,22.23,78.2,107.89,3.32,40.54,0.41,999.85,cyclone,2
13.37,28.2,58.31,13.07,2.94,39.5,0.03,1013.09,none,0
88.08,22.43,100.0,96.69,1.18,40.43,0.12,984.1,cyclone,2
28.96,17.62,48.59,7.81,2.71,18.57,4.93,1007.25,earthquake,2
89.55,26.96,88.74,5.07,8.98,61.48,0.04,1010.72,flood,2
6.63,20.32,43.7,8.24,2.38,32.04,0.55,1015.3,none,0
199.32,27.59,72.42,19.31,7.6,67.64,0.32,1007.47,flood,2
15.09,18.18,46.77,0.49,5.07,35.9,0.01,1002.15,none,0
0.0,31.28,17.07,0.83,4.77,26.94,0.33,996.01,drought,1
27.8,27.73,89.83,11.27,4.87,35.01,0.53,1024.25,none,0
12.34,21.51,69.61,15.61,2.87,22.45,0.49,1006.18,none,0
113.06,26.96,82.74,16.92,3.7,62.02,0.07,996.87,flood,1
122.42,30.66,100.0,106.31,2.86,43.01,0.25,992.87,cyclone,3
14.58,21.41,51.91,5.99,3.38,37.93,0.9,1008.05,none,0
14.67,20.36,77.86,16.06,3.74,43.93,7.74,1015.6,earthquake,2
19.2,32.64,45.46,5.25,2.69,38.77,0.15,999.57,none,0
84.99,32.43,67.57,132.74,3.48,44.04,0.02,970.76,cyclone,3
77.98,23.31,99.09,111.25,0.94,34.15,0.07,1002.81,cyclone,2
60.15,24.82,79.71,52.97,2.8,34.25,0.12,982.23,cyclone,1
4.17,34.34,45.11,4.68,0.32,52.12,0.34,1015.65,none,0
14.5,24.57,46.71,12.39,3.59,38.08,0.54,1016.78,none,0
17.5,21.99,41.72,4.72,0.98,41.84,2.59,1027.69,none,0
0.0,30.04,15.11,37.49,2.02,13.97,0.12,1010.54,drought,1
58.83,27.48,91.29,99.93,3.7,43.23,0.46,989.55,cyclone,2
43.98,30.41,63.76,19.69,3.03,56.07,0.11,1013.59,none,0
16.52,24.98,62.62,3.5,2.45,18.61,1.02,1019.0,none,0
110.49,35.48,67.78,9.5,11.19,71.78,0.15,1006.26,flood,2
170.52,35.24,88.88,7.13,6.84,54.3,0.37,1016.29,flood,2
72.93,32.84,100.0,118.0,3.2,21.63,0.66,1002.35,cyclone,2
6.61,26.47,31.69,5.68,2.3,36.69,0.04,1013.51,none,0
121.94,20.42,43.68,20.74,3.42,65.9,0.29,1021.04,flood,1
71.91,18.47,72.42,9.64,5.4,55.4,1.05,1010.15,flood,1
65.51,30.36,71.58,3.89,5.91,66.59,0.32,997.01,flood,1
27.61,32.29,51.56,4.96,2.05,26.5,0.36,1024.5,none,0
3.48,26.05,47.89,8.31,4.37,15.43,0.01,1011.22,none,0
101.53,24.71,81.03,81.89,3.27,35.77,0.11,992.27,cyclone,2
70.38,21.72,86.5,124.9,2.81,30.1,1.36,999.13,cyclone,2
1.48,26.86,75.1,8.73,2.06,33.07,0.39,992.06,none,0
4.92,32.19,26.29,4.49,3.6,32.6,0.48,1008.4,drought,0
3.69,24.97,70.19,6.48,4.1,33.97,0.18,1009.62,none,0
23.4,30.78,71.77,11.97,1.5,29.27,0.27,1021.86,none,0
52.48,25.1,87.95,52.46,2.86,15.96,0.06,986.32,cyclone,2
8.58,28.3,56.32,6.97,5.4,43.24,5.53,1004.86,earthquake,2
7.49,31.68,83.02,5.75,5.01,16.02,0.3,1015.38,none,0
15.13,37.88,31.53,8.65,4.64,22.44,0.24,1013.02,drought,1
64.23,30.26,71.02,41.27,2.56,65.15,0.17,974.54,cyclone,2
105.93,33.31,35.91,5.9,3.89,51.62,0.19,1022.06,flood,1
21.23,23.6,46.59,4.0,4.61,48.25,0.09,1012.86,none,0
64.07,21.62,79.6,7.04,12.43,79.36,0.38,1008.44,flood,2
130.3,27.24,64.8,14.85,5.8,72.89,0.34,1011.9,flood,2
77.52,19.42,73.41,30.34,16.23,66.92,0.83,1007.99,flood,2
11.79,35.16,71.07,11.38,3.15,48.3,4.95,1011.33,earthquake,1
14.3,35.2,69.87,5.25,3.3,52.41,0.29,1008.91,none,0
13.36,24.74,62.41,13.2,4.05,35.94,0.35,1013.03,none,0
32.37,27.67,76.49,8.33,3.39,32.09,0.48,1008.48,none,0
15.62,23.63,51.71,10.54,2.5,22.95,9.37,1018.39,earthquake,2
78.5,29.16,65.74,4.79,11.94,63.87,0.04,1002.87,flood,2
9.32,24.96,43.08,32.16,2.76,39.19,0.22,1018.07,none,0
18.07,34.62,77.47,8.74,1.84,41.68,0.15,1015.17,none,0
18.74,18.8,60.36,2.89,0.37,32.21,7.54,1000.49,earthquake,1
49.01,33.15,86.42,40.27,2.48,51.23,0.36,987.25,cyclone,1
18.7,28.09,50.86,6.45,1.24,41.65,0.12,1003.48,none,0
21.77,23.48,50.28,17.52,2.15,35.24,0.65,1008.51,none,0
34.79,34.05,64.46,34.59,5.0,43.19,0.11,1003.07,none,0
6.34,23.29,29.03,4.72,4.45,31.73,0.02,1008.79,none,0
8.31,19.13,45.77,2.33,2.54,14.19,0.06,1006.94,none,0
0.0,34.82,36.8,11.0,5.09,0.0,0.58,1010.11,drought,1
4.63,26.44,55.83,2.03,2.88,33.29,4.62,997.45,earthquake,1
13.9,32.0,100.0,8.52,4.79,27.65,0.0,997.38,none,0
10.09,29.49,64.28,12.08,3.37,37.14,0.12,1003.72,none,0
34.13,24.5,70.75,2.69,2.64,56.33,0.12,1007.07,none,0
64.12,33.59,62.71,10.48,7.38,74.06,1.85,999.36,flood,2
111.19,31.62,97.18,129.6,3.55,23.07,0.36,991.25,cyclone,3
117.68,30.0,96.28,163.38,3.7,35.33,0.2,981.31,cyclone,3
19.94,22.66,67.01,5.58,4.75,45.85,0.26,1012.6,none,0
118.57,26.87,93.83,65.5,1.32,27.36,1.06,969.38,cyclone,2
7.79,40.86,55.03,26.64,1.3,16.69,0.76,1004.54,drought,1
0.96,33.28,31.73,1.35,2.11,12.26,0.16,999.63,drought,1
13.12,26.6,35.51,6.58,3.33,28.78,1.64,1016.8,none,0
16.08,38.2,65.82,8.4,4.4,26.39,0.14,1017.88,none,0
10.56,50.06,22.22,7.42,2.62,0.0,0.09,1032.32,drought,1
29.05,29.95,28.45,16.75,3.89,19.53,0.7,1005.09,none,0
57.12,32.69,94.92,25.09,7.0,84.79,0.01,1004.38,flood,2
17.87,36.24,65.91,2.66,2.81,43.51,6.82,1006.07,earthquake,1
12.57,26.93,67.57,4.62,5.07,44.42,0.02,1005.54,none,0
5.75,27.4,62.84,8.09,2.28,40.82,0.02,1008.72,none,0
1.52,37.64,29.09,14.61,3.84,19.99,0.95,1008.42,none,0
7.08,20.43,80.88,8.28,2.04,41.69,0.01,1023.74,none,0
10.71,29.38,67.04,3.31,1.89,32.37,0.1,1011.61,none,0
14.5,34.3,56.22,27.47,2.65,53.02,3.71,1009.61,earthquake,1
10.08,34.57,81.13,7.01,2.42,53.57,0.01,1015.89,none,0
13.77,35.01,34.15,1.03,2.38,19.55,0.37,1016.11,none,0
59.27,27.63,76.87,155.96,5.15,17.34,0.28,978.59,cyclone,3
20.46,20.67,65.76,4.78,3.32,41.95,0.03,1004.52,none,0
66.46,21.31,68.27,108.12,4.62,42.96,0.31,983.22,cyclone,2
9.09,30.74,100.0,7.09,4.06,40.08,7.28,1016.37,earthquake,2
3.45,32.09,51.91,9.02,2.2,12.61,0.08,1012.12,drought,0
11.52,26.1,55.49,9.34,2.75,71.31,0.26,1020.23,none,0
144.94,28.97,73.01,2.05,11.26,75.29,0.17,1013.63,flood,2
16.91,23.71,39.15,6.11,3.46,33.1,5.93,1022.14,earthquake,2
10.99,29.23,31.58,11.17,2.65,39.51,0.16,1000.9,none,0
3.61,28.67,59.28,8.99,3.05,25.47,0.29,1022.7,none,0
13.7,15.8,57.52,16.19,0.05,65.9,1.22,1013.67,none,0
5.63,38.35,62.95,5.19,4.9,50.26,0.05,1004.67,none,0
53.37,24.22,89.61,128.26,4.1,68.14,0.33,958.02,cyclone,3
20.44,18.46,71.34,2.78,2.83,29.28,0.96,1010.32,none,0
34.78,22.52,69.7,17.32,2.4,17.81,1.71,1013.72,none,0
25.38,22.72,62.14,17.24,1.69,49.57,0.01,1022.25,none,0
0.0,19.51,61.85,11.46,1.62,35.45,0.31,1011.26,drought,0
58.05,28.18,78.66,17.64,6.83,85.27,0.45,1016.46,flood,2
112.78,42.14,80.67,218.84,4.44,30.42,1.5,977.59,cyclone,3
5.91,29.79,50.09,6.44,1.07,13.65,0.73,1008.39,none,0
4.63,32.69,15.8,6.25,3.65,26.17,0.17,1019.08,drought,1
15.16,24.14,71.35,0.57,2.34,3.51,5.06,1008.32,earthquake,2
71.72,29.88,100.0,38.61,2.47,56.83,0.18,990.15,cyclone,2
102.95,21.35,89.56,9.87,5.98,68.04,0.56,1002.43,flood,2
19.12,22.47,53.01,5.17,2.96,27.11,0.0,1005.08,none,0
112.17,27.53,74.24,8.74,3.63,68.05,0.32,1020.59,flood,1
6.32,29.77,75.1,33.21,1.97,19.95,0.88,1016.71,none,0
12.99,34.57,66.23,0.86,2.15,57.98,0.29,1012.18,none,0
58.92,14.4,67.73,6.12,5.95,67.11,1.1,1003.12,flood,2
0.0,40.56,65.01,13.83,3.11,21.9,0.53,1008.04,drought,0
10.65,20.85,54.07,7.38,3.69,25.3,0.69,1009.17,none,0
10.32,32.83,20.33,14.21,1.59,10.96,1.17,1016.51,drought,1
63.41,23.15,74.83,35.25,3.16,26.35,0.15,1016.77,none,0
157.48,25.74,55.37,37.09,12.09,58.43,0.59,1008.71,flood,3
7.43,24.68,62.51,39.25,5.69,47.29,0.12,1003.37,none,0
135.8,25.89,97.86,21.7,7.99,60.13,0.59,1019.99,flood,2
45.25,25.35,58.82,1.85,2.38,40.19,0.74,1000.79,none,0
48.3,14.79,60.93,17.74,1.97,31.13,0.46,1008.92,none,0
21.05,36.18,11.88,14.81,1.43,16.46,0.02,1011.37,drought,1
57.08,35.18,51.62,4.07,2.59,5.67,0.44,1017.68,none,0
12.13,32.44,68.11,7.27,1.6,45.61,0.94,1011.25,none,0
16.54,26.81,40.41,17.21,2.08,60.9,1.36,1003.44,none,0
15.75,26.27,76.09,18.0,2.76,38.8,0.41,1023.49,none,0
12.66,26.99,63.14,27.49,1.71,27.06,0.41,1007.24,none,0
47.29,22.44,98.51,109.45,0.99,25.73,0.01,971.31,cyclone,2
8.13,23.95,33.0,4.17,3.14,33.44,0.3,1017.12,none,0
16.85,18.92,77.56,8.97,1.78,39.21,0.58,1012.46,none,0
19.87,29.49,75.81,5.01,3.84,27.84,8.43,1031.79,earthquake,2
66.49,27.57,72.86,13.46,4.79,69.61,0.02,1012.89,flood,1
142.7,25.86,71.56,5.52,5.34,51.47,0.08,1001.62,flood,2
16.8,27.16,45.45,17.01,3.72,0.0,0.77,1009.75,drought,1
22.72,27.43,84.7,15.2,3.57,60.94,8.33,1014.53,earthquake,2
12.02,37.73,41.59,20.02,3.31,1.12,0.13,1006.39,drought,1
17.51,33.89,54.64,27.66,2.35,67.04,0.1,1015.69,none,0
13.05,29.91,36.41,3.43,2.06,51.85,0.79,1009.34,none,0
98.59,27.55,82.49,45.87,2.86,6.03,0.15,999.78,cyclone,2
12.54,35.55,37.88,7.46,3.69,49.57,4.4,1010.83,earthquake,1
26.34,25.76,70.3,3.85,3.49,26.72,1.25,1026.08,none,0
11.36,28.34,82.95,12.51,3.89,52.82,0.26,1023.08,none,0
113.35,30.96,96.52,26.43,8.16,86.73,1.38,997.93,flood,3
27.13,29.91,82.49,9.83,4.5,34.59,0.25,1004.97,none,0
26.36,27.49,72.83,9.58,3.77,29.41,0.04,1014.47,none,0
5.94,28.87,58.65,17.98,3.22,46.35,0.58,1007.86,none,0
39.11,18.69,56.1,9.28,2.63,51.74,3.25,1017.04,none,0
2.71,20.25,64.98,11.47,4.24,56.86,0.73,1005.53,none,0
28.97,32.81,66.55,5.43,3.35,42.53,5.45,1005.42,earthquake,2
123.41,23.7,86.0,34.13,4.89,65.8,0.18,1008.66,flood,2
75.74,28.99,51.99,2.71,10.97,62.04,1.74,1000.61,flood,2
50.88,28.67,83.79,111.51,1.51,16.88,0.54,996.58,cyclone,2
28.24,27.8,88.99,70.54,4.78,17.83,0.24,976.13,cyclone,2
0.0,29.84,27.08,17.47,1.99,8.94,0.01,1030.37,drought,1
9.87,24.51,77.9,23.83,3.61,38.81,0.41,1019.73,none,0
9.12,25.99,45.03,10.36,4.17,48.39,8.63,1005.24,earthquake,2
3.49,30.23,53.15,10.3,1.69,39.69,0.62,1003.15,none,0
15.53,25.54,66.07,16.54,2.81,44.82,0.35,999.88,none,0
50.48,22.19,86.37,15.9,9.76,78.53,0.05,1016.68,flood,2
7.87,37.88,42.2,37.61,2.47,13.87,0.1,1006.55,drought,1
18.41,23.2,70.01,8.34,4.32,32.5,5.93,1019.95,earthquake,2
243.66,37.71,72.79,14.55,7.5,37.98,0.15,1009.93,flood,2
17.69,24.68,53.2,35.26,2.11,37.68,0.68,1018.57,none,0
31.16,33.35,34.47,10.56,3.43,52.3,0.2,998.16,none,0
172.79,28.5,62.0,12.07,4.77,62.93,1.26,1006.46,flood,2
28.6,26.64,44.33,48.33,3.9,27.73,0.24,1021.66,none,0
11.93,26.18,68.46,11.5,2.19,38.82,0.21,1011.17,none,0
51.35,24.13,83.26,12.63,1.84,10.62,7.93,1001.5,earthquake,3
73.04,31.44,89.3,83.71,2.19,56.02,0.0,986.66,cyclone,2
20.67,22.3,68.12,7.34,3.44,23.59,0.02,1018.7,none,0
84.02,30.41,67.59,4.28,7.67,65.29,1.48,1023.3,flood,2
15.88,27.53,27.18,2.73,2.61,42.79,0.13,1020.64,none,0
3.09,29.92,97.21,8.74,4.12,45.13,0.26,1012.35,none,0
1.93,36.25,20.63,4.97,3.3,0.0,0.33,1021.84,drought,1
14.44,22.57,43.35,6.17,0.53,60.9,0.1,1023.34,none,0
15.85,42.84,30.07,5.17,2.94,34.07,0.81,1029.71,drought,1
28.7,21.38,30.52,10.99,2.01,0.0,0.14,1025.29,drought,1
28.99,24.02,70.34,28.11,0.81,35.79,1.27,996.63,none,0
48.94,29.93,77.34,0.23,2.24,21.48,0.09,1011.15,none,0
36.11,26.88,19.64,4.56,3.77,67.62,0.28,1006.54,none,0
5.17,20.21,67.02,11.2,3.69,52.99,0.71,1013.41,none,0
29.31,29.2,55.73,15.28,5.19,42.83,0.93,1014.85,none,0
132.08,13.25,74.96,10.54,6.53,87.98,0.18,1017.82,flood,2
49.87,28.26,100.0,134.65,2.33,30.84,0.0,971.33,cyclone,3
4.78,23.69,84.74,3.31,4.16,33.02,0.11,1023.34,none,0
5.36,22.47,26.75,2.62,3.18,27.11,0.04,1017.59,none,0
0.0,31.2,48.73,2.47,4.39,17.46,0.98,1028.63,drought,1
6.8,25.79,68.57,6.63,2.3,32.04,0.04,1008.46,none,0
16.2,27.72,57.84,20.61,1.94,36.83,0.44,1008.95,none,0
21.99,32.53,86.43,8.21,1.1,35.73,0.52,1024.75,none,0
94.71,26.7,84.93,65.18,4.44,24.24,0.62,999.75,cyclone,2
122.84,25.12,66.56,7.15,4.99,81.02,0.1,1006.54,flood,2
20.6,27.56,54.83,25.83,4.55,27.71,0.08,1015.17,none,0
0.0,38.09,44.45,20.73,1.95,5.75,0.0,1009.89,drought,1
18.24,37.69,51.65,19.64,3.25,38.33,0.1,1029.27,none,0
10.03,17.28,24.09,5.38,3.86,43.19,5.28,1003.51,earthquake,1
4.7,27.92,49.11,7.9,4.51,28.78,0.39,1006.13,none,0
146.45,28.35,56.35,13.21,14.51,61.15,0.48,1019.35,flood,2
3.52,22.38,73.05,1.89,4.28,22.05,4.08,999.88,earthquake,1
0.0,32.84,22.74,20.53,2.81,6.91,0.14,1022.63,drought,1
3.9,34.73,42.9,12.24,5.75,4.82,0.16,1013.24,drought,1
29.26,30.02,73.57,93.43,3.3,51.2,0.45,978.39,cyclone,2
15.23,29.21,60.68,6.16,3.05,27.4,1.14,1010.77,none,0
0.16,28.84,74.01,22.3,2.07,15.35,0.1,1005.19,drought,1
84.47,22.85,87.39,88.86,2.44,50.76,0.19,979.07,cyclone,2
97.49,27.5,80.07,18.12,7.65,66.15,0.1,1016.19,flood,2
88.23,26.59,100.0,57.58,4.38,16.92,0.44,986.77,cyclone,2
10.82,25.34,40.72,6.87,3.38,40.78,0.28,1024.14,none,0
81.45,19.75,58.79,5.98,9.24,63.74,0.28,1006.71,flood,2
26.42,26.83,43.65,2.04,2.78,33.01,1.15,1002.86,none,0
2.77,40.37,55.55,6.31,3.46,38.44,0.41,1006.35,drought,1
79.59,33.46,75.7,3.63,8.97,96.15,0.18,992.15,flood,2
54.45,32.28,93.16,87.12,1.73,27.97,0.26,1010.36,cyclone,1
6.5,36.4,46.77,8.98,2.22,5.17,0.04,1028.31,drought,0
29.3,33.87,68.83,3.81,2.32,8.4,0.13,1008.82,none,0
44.7,36.32,62.05,11.55,3.0,40.18,0.68,1010.0,none,0
19.37,16.73,54.9,18.99,2.02,33.95,0.2,1017.3,none,0
4.62,21.51,46.55,8.9,4.09,19.9,3.7,1000.74,earthquake,2
26.66,29.62,57.09,14.89,3.84,34.42,1.4,1004.45,none,0
47.12,33.27,59.6,84.64,1.56,36.62,0.1,989.75,cyclone,2
54.18,29.57,67.71,99.61,4.11,31.9,0.24,961.04,cyclone,2
2.05,30.94,43.48,16.71,3.2,8.33,0.15,1020.95,drought,1
4.38,33.14,72.97,7.02,2.43,37.25,4.21,1011.72,earthquake,1
96.39,28.55,100.0,24.59,10.9,63.98,0.08,1015.74,flood,2
156.83,28.93,97.87,77.93,4.48,20.61,0.83,968.49,cyclone,3
14.72,31.63,40.63,6.91,4.7,61.12,0.65,1011.12,none,0
91.42,27.66,100.0,49.01,4.4,39.01,0.53,958.1,cyclone,2
32.04,26.11,72.34,4.86,3.89,57.79,8.18,1007.88,earthquake,2
75.99,36.96,39.37,11.93,4.03,30.1,0.52,1025.44,none,0
8.06,22.12,58.69,19.33,1.74,17.03,0.06,1005.38,none,0
18.87,28.84,52.04,10.21,4.13,41.36,0.61,1020.06,none,0
110.55,28.22,95.93,15.14,10.24,54.57,0.53,1006.02,flood,2
9.86,23.89,83.22,2.79,4.02,16.34,0.31,996.92,none,0
25.14,30.99,54.54,11.49,3.4,26.31,0.34,1014.13,none,0
16.29,29.12,54.21,15.01,2.19,32.28,1.26,1009.69,none,0
124.81,24.5,100.0,14.35,7.43,81.8,0.48,1012.11,flood,2
19.2,29.52,69.08,12.77,3.1,17.99,0.21,1004.04,none,0
36.31,33.17,73.22,3.35,0.35,34.89,0.05,1013.48,none,0
87.58,31.78,84.53,8.21,6.95,68.42,0.14,1009.49,flood,2
11.46,29.31,64.1,5.21,3.6,25.91,0.42,1021.56,none,0
0.0,24.47,30.94,7.12,3.88,17.26,0.13,1010.14,drought,1
121.25,16.53,86.44,5.26,8.57,91.94,0.5,1011.12,flood,2
18.01,20.68,47.58,6.15,3.77,32.1,0.33,1007.58,none,0
19.28,31.41,59.13,5.32,4.12,43.94,0.01,1013.45,none,0
13.76,22.94,76.5,19.74,3.78,34.65,7.79,1024.2,earthquake,2
2.8,41.21,28.96,1.25,2.48,15.29,0.24,999.95,drought,1
136.72,20.97,75.45,7.16,10.15,92.3,0.57,990.31,flood,2
5.68,24.14,77.83,16.53,2.23,15.99,4.44,1016.35,earthquake,1
13.72,34.54,64.92,9.53,1.54,17.01,0.18,1019.9,none,0
46.2,31.42,42.37,19.18,2.85,24.09,0.34,1004.06,none,0
4.37,17.31,62.05,6.39,4.39,27.63,0.51,1017.3,none,0
6.54,27.68,64.77,6.78,2.0,41.34,0.0,1013.23,none,0
4.44,18.9,88.27,50.83,2.94,25.38,0.27,1010.96,none,0
147.49,25.23,73.79,69.52,3.85,14.96,0.11,989.43,cyclone,3
0.0,48.78,27.66,8.17,4.34,8.29,0.74,1024.97,drought,1
56.71,25.21,93.41,6.08,3.73,75.85,0.02,1009.56,flood,1
10.21,22.64,56.73,2.69,3.82,36.1,0.18,1004.33,none,0
21.34,32.06,67.41,7.64,2.37,35.4,0.18,1014.29,none,0
12.61,27.53,54.18,4.89,3.93,37.64,0.36,1017.67,none,0
105.0,30.22,100.0,32.61,7.94,48.46,0.99,1009.59,flood,2
0.0,32.39,23.61,23.9,3.04,13.74,2.62,1022.35,drought,1
17.41,32.17,58.55,8.89,1.42,18.64,0.18,1025.68,none,0
4.9,27.13,69.05,20.7,4.51,26.66,0.36,1009.18,none,0
20.92,23.44,77.43,13.9,4.34,29.14,0.29,1018.29,none,0
10.28,26.85,49.93,4.27,3.72,20.56,0.79,1012.43,none,0
117.26,21.67,61.95,4.12,5.25,68.82,0.0,1005.27,flood,2
6.25,19.7,83.42,13.48,3.32,31.79,1.27,1009.09,none,0
166.01,31.19,72.66,58.61,2.13,43.5,0.21,974.44,cyclone,3
121.79,31.4,91.85,52.47,2.42,27.83,0.57,991.04,cyclone,2
105.96,32.32,100.0,15.44,8.16,43.91,0.18,1010.2,flood,2
0.0,37.55,16.87,13.94,3.02,21.82,0.49,1011.02,drought,0
30.77,24.68,64.43,11.37,4.06,7.93,0.17,1004.73,none,0
88.0,25.28,95.7,3.3,9.02,82.02,0.37,1005.56,flood,2
83.45,31.43,100.0,62.56,3.82,29.64,1.79,967.51,cyclone,3
126.39,22.45,58.48,6.44,4.23,56.56,0.25,1006.66,flood,2
11.04,34.19,23.21,9.25,2.31,25.3,0.02,1021.54,none,0
10.29,22.97,51.76,6.53,3.62,42.18,0.52,1003.88,none,0
3.81,25.44,36.71,16.07,4.32,19.88,0.07,1019.09,none,0
146.79,33.94,79.4,18.36,17.0,79.43,0.2,1005.3,flood,3
55.51,26.18,92.75,22.54,3.9,56.38,0.32,998.42,flood,1
62.53,27.49,71.17,52.96,2.61,41.67,0.74,1014.98,none,0
76.93,24.65,83.67,1.31,10.84,45.15,0.24,1011.22,flood,2
6.62,28.75,71.29,7.73,5.61,25.17,0.23,1001.14,none,0
8.4,30.66,34.23,9.13,2.51,54.29,8.25,1031.93,earthquake,2
2.35,34.12,66.67,5.05,1.1,45.54,0.07,1026.22,none,0
43.33,26.32,83.72,70.09,1.77,45.27,0.35,969.22,cyclone,2
20.18,23.08,54.6,10.49,4.6,32.0,0.57,1004.93,none,0
4.33,31.17,64.51,4.48,1.4,18.26,5.02,1024.45,earthquake,1
12.38,29.55,53.4,17.75,4.48,24.49,0.31,1000.8,none,0
3.81,25.3,69.11,15.07,4.19,32.23,0.02,1001.23,none,0
5.26,22.95,40.79,27.34,4.12,14.01,0.06,1022.26,none,0
5.75,20.7,57.92,14.52,3.1,31.6,0.48,1009.82,none,0
16.42,24.29,64.25,10.17,3.47,41.39,0.43,1011.7,none,0
53.92,27.55,61.99,87.42,4.49,41.08,0.19,969.93,cyclone,2
47.81,27.26,78.27,63.39,2.91,27.32,0.93,984.37,cyclone,2
27.53,16.77,67.52,4.18,2.51,29.34,0.54,1017.78,none,0
60.77,27.37,68.33,61.98,3.16,37.26,0.42,971.17,cyclone,2
17.41,18.97,66.2,4.21,1.87,8.83,0.19,1013.63,none,0
43.72,31.11,48.11,49.96,2.91,23.87,0.81,1011.43,none,0
3.15,31.22,47.97,3.67,0.82,65.46,1.04,1010.81,none,0
2.16,33.3,63.82,11.91,4.36,40.16,0.82,1016.51,none,0
56.53,28.59,73.83,135.69,1.93,45.61,0.45,996.17,cyclone,2
27.9,33.37,48.49,2.03,2.86,29.98,0.44,1011.26,none,0
6.59,25.8,67.32,3.72,2.17,34.49,0.26,1002.09,none,0
12.15,36.85,64.9,11.11,2.8,17.86,0.05,1007.52,none,0
9.72,31.33,67.58,6.87,2.56,36.4,0.55,1015.19,none,0
74.3,25.06,76.75,12.57,10.2,72.56,0.86,1021.82,flood,2
157.09,25.58,68.51,57.09,2.49,29.95,0.96,985.94,cyclone,2
24.49,30.32,15.86,2.47,2.37,0.0,0.76,1014.39,drought,1
15.04,22.97,58.49,15.93,2.79,24.12,0.01,1002.19,none,0
225.45,20.88,67.21,2.58,4.47,37.7,0.26,1012.27,flood,2
14.7,29.3,50.1,1.95,2.4,60.91,0.21,1018.8,none,0
161.51,30.92,90.78,66.45,3.43,38.93,0.2,994.08,cyclone,2
7.62,21.26,86.88,11.26,4.23,37.32,0.36,1009.51,none,0
175.06,24.41,60.28,14.08,5.23,74.72,0.3,1017.07,flood,2
24.6,26.6,37.15,12.74,2.51,36.79,0.53,1004.32,none,0
28.26,25.43,91.83,11.21,3.09,34.13,0.67,1002.94,none,0
85.83,24.1,70.83,100.53,4.06,29.7,0.01,1000.87,cyclone,2
9.64,22.79,66.34,24.21,3.78,32.02,0.15,1021.06,none,0
90.73,31.04,88.09,15.89,8.51,58.36,0.09,1011.87,flood,2
13.83,21.83,54.55,5.7,4.49,24.08,0.42,1014.09,none,0
24.51,24.64,92.84,71.79,3.63,30.43,0.02,967.33,cyclone,2
8.8,12.83,53.13,20.97,3.3,41.31,0.77,1010.38,none,0
19.57,29.93,47.16,7.92,3.48,14.88,0.18,1002.07,none,0
23.23,27.54,66.71,4.64,3.28,52.6,0.63,1012.51,none,0
9.22,30.81,26.5,7.36,3.39,12.26,0.25,1024.6,drought,1
31.78,26.15,58.68,41.03,3.52,61.49,0.98,1020.18,none,0
142.47,35.2,76.21,11.5,4.73,60.11,1.47,1016.6,flood,2
49.01,31.73,89.03,2.3,9.02,73.57,0.45,1004.79,flood,2
58.35,33.69,78.27,16.85,8.03,93.02,0.39,1008.83,flood,2
5.21,25.56,56.67,12.92,2.97,5.66,0.66,1009.25,none,0
25.43,25.64,68.9,36.39,4.11,20.22,0.11,1026.02,none,0
9.73,24.52,77.88,4.08,2.13,30.82,0.52,1004.47,none,0
86.45,30.13,95.72,76.17,3.54,32.64,0.1,980.58,cyclone,2
4.86,27.87,79.41,10.22,2.39,37.32,0.44,1004.16,none,0
11.24,21.85,63.06,11.16,3.41,19.13,0.11,1017.34,none,0
52.76,29.97,80.53,88.92,1.83,30.23,0.33,961.84,cyclone,2
171.82,32.09,68.76,1.54,4.47,87.43,0.15,994.8,flood,2
31.79,23.86,65.93,6.91,6.54,62.61,1.39,1009.5,flood,1
85.72,33.72,78.5,6.41,11.13,59.7,0.06,1016.65,flood,2
58.4,26.14,57.06,39.52,9.61,62.06,0.2,990.13,flood,2
10.72,24.5,51.87,3.4,5.73,33.7,9.04,1036.36,earthquake,2
102.51,37.26,88.23,14.11,5.41,69.28,0.2,992.25,flood,2
68.91,16.39,84.94,90.48,3.16,32.67,0.0,972.29,cyclone,2
86.44,30.41,39.45,88.87,3.63,41.46,0.16,963.15,cyclone,3
8.02,26.03,50.86,21.46,3.66,30.17,0.44,1017.06,none,0
1.79,30.77,39.71,10.08,4.33,39.31,0.17,1015.89,none,0
0.0,38.49,38.6,19.15,3.07,0.0,0.42,1016.25,drought,1
7.85,29.25,19.73,6.07,4.55,15.97,0.13,1010.04,drought,1
103.89,32.59,80.7,12.09,10.41,46.84,0.14,999.34,flood,2
26.81,29.48,65.65,1.86,2.01,27.83,0.52,1011.34,none,0
33.15,25.09,77.12,45.97,2.05,29.51,0.15,1007.19,none,0
151.52,33.82,55.38,6.85,8.81,58.32,0.47,1000.68,flood,3
8.86,27.86,51.49,6.45,1.46,30.11,0.07,1007.24,none,0
11.9,19.45,51.96,7.7,2.14,1.97,0.11,1016.71,none,0
3.56,25.59,48.6,37.82,3.74,59.49,0.02,1012.02,none,0
27.82,30.92,54.46,15.27,2.71,56.91,0.26,1011.72,none,0
142.52,25.98,46.11,69.87,3.37,31.4,0.02,973.8,cyclone,2
56.37,23.44,63.07,7.4,6.26,74.78,0.22,1004.4,flood,1
14.33,30.19,50.57,23.36,3.07,46.6,0.49,1016.61,none,0
129.67,36.56,69.72,13.07,9.2,77.41,0.01,994.27,flood,3
54.06,28.62,65.78,4.8,1.17,47.62,0.04,1007.7,none,0
88.32,28.06,85.74,10.91,4.43,54.69,0.09,1005.94,flood,1
25.08,30.53,41.85,4.87,2.59,26.71,0.47,1009.94,none,0
99.34,27.06,82.03,4.17,10.81,78.74,0.58,1020.72,flood,2
17.21,20.53,68.8,5.59,3.91,17.69,0.09,1001.99,none,0
1.72,24.71,64.7,7.73,1.89,18.0,0.53,1012.43,none,0
6.3,33.95,45.3,18.5,4.62,16.77,0.62,1011.46,none,0
5.79,26.0,46.83,12.54,2.91,27.35,9.45,1002.89,earthquake,2
14.7,30.53,56.35,19.86,1.85,58.35,7.03,1015.13,earthquake,1
24.66,25.26,95.47,116.51,3.38,47.94,0.13,978.27,cyclone,2
26.82,32.55,35.75,11.56,3.93,35.21,0.14,1007.27,none,0
64.1,27.84,74.41,90.52,3.4,33.12,0.2,977.29,cyclone,2
10.51,27.8,54.07,5.44,3.52,27.46,0.78,1012.12,none,0
31.8,26.21,66.43,7.89,1.87,8.9,6.33,1014.8,earthquake,2
16.19,34.62,32.59,14.24,3.75,54.34,0.82,1007.86,none,0
51.33,25.81,63.27,3.88,3.88,39.59,7.86,1011.99,earthquake,2
43.47,19.52,64.95,7.05,3.06,60.96,0.16,1016.81,none,0
7.35,25.7,52.08,18.75,5.11,27.68,0.31,1012.76,none,0
21.29,30.97,45.35,2.29,4.46,42.35,0.37,1010.35,none,0
6.43,29.11,48.1,20.38,3.03,42.74,0.75,1011.39,none,0
17.28,24.73,73.71,28.69,2.72,14.64,0.18,1015.11,none,0
93.79,30.2,100.0,11.24,6.11,43.6,2.36,1007.65,flood,2
141.51,26.27,74.75,16.73,9.62,76.12,0.26,1009.41,flood,2
114.19,28.57,87.9,19.39,8.85,75.89,0.4,1003.82,flood,2
88.67,27.81,88.35,4.25,7.36,55.43,0.31,1010.74,flood,2
10.31,22.1,42.57,13.13,2.76,54.57,0.33,1015.89,none,0
6.46,30.81,33.23,9.79,2.48,22.93,0.03,1002.64,none,0
106.55,34.46,93.91,8.14,4.63,61.76,0.11,1011.56,flood,1
51.95,20.18,81.55,95.53,4.87,48.92,0.01,982.01,cyclone,2
154.57,19.1,75.75,124.09,2.09,36.19,0.02,971.63,cyclone,3
6.62,22.19,38.82,7.83,4.36,20.29,0.25,1008.96,none,0
19.23,30.5,81.08,9.29,5.33,40.25,0.07,1007.97,none,0
56.7,25.68,65.38,23.11,8.39,65.53,1.12,997.88,flood,2
37.74,26.25,48.78,3.52,3.02,23.36,0.1,998.38,none,0
177.76,24.02,86.44,13.79,5.25,56.42,0.01,1021.46,flood,2
85.87,39.73,90.32,119.6,0.87,30.6,0.44,990.01,cyclone,2
14.45,26.41,58.19,11.7,2.91,67.98,0.24,1019.75,none,0
3.21,38.29,27.36,3.91,3.82,28.76,0.24,1015.77,drought,0
61.96,26.98,78.84,48.25,2.45,14.48,0.17,983.57,cyclone,2
0.0,28.68,11.01,18.66,2.69,28.83,0.76,1012.29,drought,0
65.68,16.16,82.67,4.73,15.93,64.79,0.11,1006.68,flood,2
52.96,21.61,52.22,3.99,2.72,26.99,8.45,1013.28,earthquake,2
31.8,34.94,76.83,3.58,2.97,36.3,5.82,1003.32,earthquake,1
16.54,25.26,73.97,2.76,2.8,38.85,9.08,1016.04,earthquake,2
62.08,30.26,90.81,64.13,2.49,45.87,0.3,984.59,cyclone,2
91.34,25.32,89.26,159.11,0.97,33.71,0.25,958.39,cyclone,3
13.24,31.01,73.97,12.15,2.92,40.51,0.5,1004.02,none,0
13.1,24.95,56.08,17.93,2.85,28.25,0.02,1019.5,none,0
86.83,22.45,99.05,11.35,7.16,54.98,0.04,1013.04,flood,2
36.37,27.92,45.39,21.88,3.88,36.42,0.03,1004.85,none,0
62.64,29.45,95.88,6.14,10.79,85.7,0.36,1008.76,flood,2
25.64,23.47,41.56,12.83,3.45,27.47,0.2,1010.04,none,0
2.11,37.11,17.47,8.75,2.52,41.39,0.77,1019.53,drought,0
51.77,25.29,61.26,52.14,3.15,36.65,0.07,978.82,cyclone,2
4.38,23.5,52.55,7.53,3.73,43.59,7.43,1011.24,earthquake,2
17.39,36.44,92.57,11.73,2.7,39.04,1.29,998.79,none,0
66.94,31.71,89.8,99.08,3.25,50.0,0.24,993.47,cyclone,2
5.97,35.35,63.86,10.38,3.79,25.4,0.43,1010.19,none,0
25.47,36.23,80.61,115.7,1.89,16.94,0.1,966.66,cyclone,2
115.26,30.26,79.11,72.81,3.02,25.01,0.14,978.12,cyclone,2
13.92,30.81,88.72,5.87,3.47,42.41,0.9,1000.18,none,0
3.56,31.1,61.1,12.38,3.09,31.54,0.25,1020.75,none,0
139.0,20.04,79.97,10.7,5.57,64.92,0.07,1001.72,flood,2
16.29,33.34,59.25,38.48,1.81,18.78,1.06,1003.3,none,0
15.66,27.38,53.77,21.63,2.05,7.05,0.07,1020.19,none,0
225.47,25.49,74.43,23.92,6.3,71.26,1.02,1012.14,flood,2
24.49,32.83,86.17,2.26,3.16,43.04,0.02,1012.28,none,0
10.48,30.03,41.09,17.79,3.89,30.14,0.06,1015.37,none,0
32.5,17.6,72.86,17.91,7.56,74.25,0.23,1002.19,flood,1
1.76,31.23,8.37,2.21,3.36,0.0,0.52,1010.35,drought,1
128.02,30.64,96.84,135.88,2.84,37.99,2.16,975.24,cyclone,3
0.0,42.5,27.72,13.84,3.69,13.77,0.41,1013.42,drought,1
28.25,35.03,46.23,5.65,3.66,46.44,0.43,1006.48,none,0
179.04,22.75,86.57,24.21,6.82,81.05,0.91,1023.85,flood,2
11.97,33.02,44.25,13.73,1.68,30.12,0.83,1009.16,none,0
3.99,26.86,73.59,1.54,5.65,43.14,0.55,1020.98,none,0
51.31,40.02,91.41,2.13,12.61,65.96,0.39,1004.9,flood,2
4.14,18.73,42.53,10.25,2.92,49.49,0.08,1014.89,none,0
7.57,16.74,82.86,11.92,2.63,38.47,4.08,1016.9,earthquake,1
164.79,24.41,73.59,3.31,8.79,79.09,0.3,1007.46,flood,2
180.58,24.4,56.43,1.77,6.53,72.77,0.75,1006.51,flood,2
12.37,32.56,60.64,15.09,4.14,40.2,0.93,1022.03,none,0
4.97,31.86,56.15,12.49,2.32,40.0,0.24,1017.19,none,0
7.57,35.16,57.2,10.61,3.56,43.06,0.3,1016.22,none,0
5.45,23.51,49.52,35.25,4.2,7.92,0.05,1004.26,none,0
157.9,20.2,76.15,60.14,2.07,42.88,0.21,986.14,cyclone,2
91.85,23.0,84.39,57.81,1.68,27.53,0.58,974.42,cyclone,2
89.79,12.6,100.0,19.81,10.58,62.4,0.33,995.12,flood,2
238.85,25.87,63.78,12.79,8.42,60.44,0.1,1014.49,flood,2
13.29,26.86,59.99,3.74,3.36,16.67,6.39,995.61,earthquake,2
10.06,32.3,29.4,4.03,1.82,32.72,0.79,1003.75,none,0
4.12,25.64,46.65,2.11,2.46,10.74,0.75,1004.92,none,0
86.95,22.43,67.06,41.02,3.55,28.67,0.22,1004.97,cyclone,1
2.26,28.14,50.13,3.06,3.82,33.8,0.23,1015.81,none,0
57.56,34.92,67.39,10.87,3.67,36.22,6.06,1017.39,earthquake,2
79.06,25.5,79.55,101.37,3.62,41.1,0.09,977.86,cyclone,2
22.07,23.66,81.57,2.61,3.58,31.16,0.48,1028.49,none,0
11.36,27.47,42.28,7.98,3.05,17.71,6.81,1018.46,earthquake,2
33.53,31.7,68.49,30.47,3.3,32.44,7.08,1002.99,earthquake,2
88.01,31.18,53.72,1.67,9.64,33.52,1.19,1013.6,flood,2
8.4,25.96,50.54,13.0,2.12,35.4,0.3,1004.57,none,0
55.33,25.87,55.62,16.97,2.96,15.3,0.7,1014.58,none,0
23.12,29.6,78.75,14.12,2.33,30.49,0.05,1015.08,none,0
33.36,29.8,76.18,105.85,2.67,31.76,0.18,970.56,cyclone,2
8.09,29.8,44.79,11.62,1.32,36.74,1.02,1021.79,none,0
10.09,20.66,73.23,28.3,4.38,28.31,0.3,1029.59,none,0
18.52,16.51,74.68,7.05,2.73,31.72,9.57,1032.57,earthquake,2
33.4,26.13,53.54,8.4,3.26,46.95,0.32,1007.39,none,0
130.47,28.23,95.79,21.29,7.06,58.66,0.28,1008.34,flood,2
11.91,25.91,69.2,4.37,5.21,59.49,0.51,1012.01,none,0
148.97,22.42,58.92,63.21,4.02,41.42,0.09,998.51,cyclone,2
22.87,23.63,46.34,8.53,2.32,33.34,0.54,999.33,none,0
100.06,20.14,59.73,192.19,2.46,46.32,0.52,967.81,cyclone,3
66.31,17.74,98.39,21.27,6.92,94.76,0.83,1006.79,flood,2
0.0,42.19,36.35,2.58,2.53,10.86,0.11,1024.35,drought,0
126.57,26.62,48.5,56.95,3.86,19.78,0.26,997.65,cyclone,2
45.88,23.31,63.02,37.87,0.0,44.19,0.09,988.41,cyclone,1
70.25,30.76,84.91,12.15,7.48,79.42,0.36,989.72,flood,2
25.13,20.48,26.66,10.15,2.25,36.26,0.1,1004.49,none,0
8.9,24.67,57.95,3.24,3.86,22.51,0.18,1016.79,none,0
29.11,27.12,64.42,7.13,2.71,40.16,0.16,1005.39,none,0
29.06,24.08,64.44,12.7,3.59,36.55,0.0,1019.08,none,0
32.8,27.39,32.35,7.2,3.56,44.26,0.38,993.32,none,0
4.92,29.33,47.62,18.61,2.14,45.52,0.2,1019.78,none,0
7.11,36.07,88.51,7.82,5.69,19.08,0.13,1005.2,none,0
84.48,26.73,58.08,5.12,6.83,68.9,0.56,1014.63,flood,1
21.79,27.44,57.32,20.04,2.46,31.41,1.02,1025.03,none,0
95.39,21.81,97.34,14.5,5.02,50.7,0.1,1004.42,flood,1
6.8,31.22,80.98,15.56,3.1,17.39,0.16,1012.91,none,0
77.31,23.72,100.0,87.99,2.85,37.75,0.19,991.17,cyclone,2
15.89,37.72,59.79,1.0,2.32,53.64,5.8,1000.96,earthquake,1
14.19,21.15,36.91,9.96,2.66,42.09,0.59,1014.52,none,0
76.26,21.96,68.62,88.26,3.66,23.71,0.18,990.98,cyclone,2
22.84,35.0,51.85,10.67,2.79,13.94,0.36,1003.26,drought,1
70.28,33.78,90.91,52.78,2.51,29.4,0.17,988.34,cyclone,2
27.64,33.08,54.76,14.39,4.64,44.58,0.12,1023.83,none,0
0.43,28.7,50.6,3.9,3.0,30.9,0.17,1008.27,none,0
7.63,37.27,47.92,14.19,3.15,41.32,0.1,1011.92,none,0
102.52,27.64,73.85,74.3,3.37,21.51,0.07,963.92,cyclone,3
150.34,16.12,85.0,6.75,8.47,59.32,1.2,1011.09,flood,2
12.18,24.12,63.47,17.33,2.38,32.79,0.55,1016.27,none,0
0.0,36.25,18.15,20.53,4.48,20.18,0.1,1019.73,drought,1
139.43,27.41,96.27,159.36,4.54,14.83,0.04,946.5,cyclone,3
33.23,30.39,74.73,9.6,2.91,29.84,0.38,1017.53,none,0
97.88,27.56,69.53,47.99,2.48,20.15,0.06,982.72,cyclone,2
7.37,27.34,75.85,15.61,4.08,31.03,0.25,1025.56,none,0
14.08,40.71,25.3,3.93,2.39,0.0,0.02,1002.73,drought,1
57.15,25.83,56.29,8.31,10.72,87.56,0.12,1013.15,flood,1
118.64,29.56,81.52,5.64,6.88,100.0,0.77,998.13,flood,2
14.66,15.57,57.94,9.48,4.77,31.64,1.15,1001.76,none,0
58.98,20.7,68.16,126.77,1.48,37.01,0.47,980.52,cyclone,2
15.02,22.83,46.47,8.47,0.81,17.34,0.17,1025.95,none,0
11.57,25.82,46.54,3.43,1.91,28.93,0.44,1002.3,none,0
14.08,33.44,77.98,20.36,2.36,20.83,7.48,1007.67,earthquake,2
18.31,29.56,41.31,10.08,2.81,29.38,0.46,1021.5,drought,0
94.66,20.69,88.6,10.65,6.17,90.21,0.04,1015.1,flood,1
102.45,28.42,98.32,45.4,2.81,36.34,0.84,996.57,cyclone,2
16.12,24.68,80.46,6.35,1.2,46.9,0.38,1006.45,none,0
33.08,25.96,50.73,25.12,3.16,33.32,0.63,1011.84,none,0
3.99,34.5,63.32,18.37,3.67,16.38,0.1,1012.99,none,0
30.8,37.59,55.83,16.48,4.22,44.62,0.33,1021.16,none,0
19.45,26.37,47.89,34.21,2.14,41.19,0.11,1017.83,none,0
14.11,28.14,55.41,4.55,1.52,24.81,0.13,1012.66,none,0
99.1,27.78,89.09,2.54,5.52,73.46,0.26,1008.14,flood,1
34.23,24.93,33.48,3.29,1.44,34.08,5.41,1011.58,earthquake,1
17.0,22.75,51.14,54.56,4.03,16.05,0.73,997.8,none,0
79.33,21.04,70.37,85.83,0.66,25.72,0.22,975.67,cyclone,2
88.27,32.4,62.14,14.51,10.2,79.99,0.06,1002.05,flood,2
82.72,33.8,48.46,30.18,2.0,36.47,0.48,971.43,cyclone,2
23.92,25.3,42.06,20.38,0.92,44.92,0.22,1016.43,none,0
34.99,11.73,66.88,19.31,2.37,46.92,0.61,996.9,none,0
68.25,34.98,44.93,38.23,11.41,65.71,0.67,1017.19,flood,2
113.24,21.96,73.19,9.6,5.99,80.42,1.29,1000.1,flood,2
5.82,37.86,56.84,7.85,1.16,25.02,0.54,1001.81,none,0
40.32,25.79,58.15,59.92,2.74,48.58,0.21,980.81,cyclone,2
14.55,24.61,73.06,2.85,3.67,37.3,0.14,1017.72,none,0
0.0,34.57,72.31,8.46,2.74,8.65,0.45,1007.02,drought,1
4.86,13.27,75.46,13.81,4.04,32.35,0.03,1013.18,none,0
17.93,30.12,23.66,12.68,3.9,21.82,1.12,1016.15,drought,1
153.19,24.65,53.87,4.38,5.29,55.39,0.69,1015.87,flood,2
18.02,24.88,96.47,0.61,3.15,28.9,0.19,1007.16,none,0
12.03,28.51,33.4,6.66,2.63,19.99,6.01,1005.31,earthquake,2
16.16,26.89,67.37,5.45,3.46,54.02,0.51,1010.4,none,0
8.83,22.41,61.25,3.38,3.45,28.6,0.78,1013.92,none,0
77.42,29.18,69.92,117.85,3.97,37.57,0.09,978.24,cyclone,3
25.48,29.75,99.28,59.56,0.65,41.81,0.13,986.94,cyclone,1
69.9,32.24,66.66,21.9,2.17,47.44,0.3,991.1,cyclone,1
0.0,32.89,44.88,25.19,1.34,12.92,0.77,1011.67,drought,1
22.73,26.12,67.17,9.69,3.19,55.44,0.11,1005.3,none,0
132.57,22.54,93.81,12.21,6.44,74.97,0.46,1003.1,flood,2
179.08,23.29,91.91,4.7,5.69,79.71,0.4,1000.91,flood,2
51.21,27.56,56.41,166.48,4.68,33.67,0.51,965.77,cyclone,3
1.16,22.72,76.6,4.77,3.77,46.21,0.6,1011.97,none,0
9.83,32.78,51.39,13.63,3.52,35.09,1.43,1021.7,none,0
8.45,22.24,69.55,24.79,1.99,42.85,6.69,1003.99,earthquake,2
96.38,31.43,81.82,9.55,8.25,92.89,0.66,1010.29,flood,2
9.08,31.6,38.31,38.55,2.1,22.33,0.03,1010.55,none,0
27.02,22.96,71.5,25.99,1.52,31.55,0.17,1005.38,none,0
8.67,26.36,84.75,12.12,4.01,39.7,0.11,1016.86,none,0
51.17,32.8,0.0,13.35,1.28,12.19,0.07,1021.02,drought,1
70.93,34.81,53.7,110.17,3.17,49.27,1.59,1003.71,cyclone,2
70.79,14.21,58.87,107.29,3.74,32.4,0.56,989.28,cyclone,2
11.14,17.25,71.87,17.29,2.56,22.94,0.17,1008.16,none,0
78.41,26.53,98.48,58.81,4.5,36.12,1.02,1002.13,cyclone,2
9.76,27.35,69.2,9.23,2.92,41.43,6.44,1009.78,earthquake,2
9.04,25.55,78.99,13.71,2.24,20.26,0.22,1017.47,none,0
77.93,24.9,65.87,5.4,4.69,77.93,0.08,996.7,flood,1
13.6,20.32,74.25,13.96,3.02,35.99,4.83,1010.49,earthquake,1
18.68,25.7,60.22,8.03,3.2,42.48,0.5,1012.11,none,0
47.21,23.66,95.28,169.0,2.64,20.91,0.19,973.55,cyclone,3
7.34,28.08,58.71,7.9,4.55,33.89,0.56,1020.31,none,0
14.48,30.58,64.49,3.68,2.32,9.93,0.46,1008.08,none,0
124.95,26.3,58.27,11.37,6.18,58.18,0.24,1012.66,flood,2
15.72,23.59,63.21,16.97,2.77,33.14,6.72,1003.64,earthquake,2
6.81,29.28,39.04,9.49,2.81,54.23,0.29,1010.24,none,0
0.0,31.16,50.83,13.46,3.51,31.43,0.23,1016.04,drought,0
77.08,19.47,76.75,12.62,4.99,55.26,0.16,993.43,flood,1
10.78,23.43,69.44,35.65,3.64,57.35,0.63,1009.17,none,0
20.56,31.23,62.79,1.14,4.21,38.41,0.86,1018.32,none,0
60.55,28.55,100.0,10.8,8.15,76.25,0.12,997.41,flood,2
32.78,33.49,78.81,11.61,4.1,24.03,0.13,996.6,none,0
21.69,23.69,70.81,23.04,2.76,35.47,0.4,1021.99,none,0
9.74,26.07,54.79,4.62,2.17,33.88,6.25,1000.96,earthquake,2
15.55,16.13,84.81,4.89,1.66,17.38,0.23,1013.82,none,0
1.52,18.77,60.08,38.26,1.91,36.57,0.86,1026.0,none,0
89.89,25.44,86.18,11.11,5.46,68.8,1.36,1006.9,flood,2
117.76,25.38,61.32,85.33,1.51,36.43,0.02,983.52,cyclone,2
15.4,23.44,56.8,7.36,1.95,12.95,0.15,1020.34,none,0
89.8,28.96,65.27,3.12,7.69,93.42,0.11,999.12,flood,2
84.78,31.33,65.52,54.81,3.33,39.39,0.36,981.2,cyclone,2
0.0,34.02,35.14,27.9,3.84,12.94,0.04,1005.17,drought,1
6.71,24.13,46.0,2.69,3.9,16.98,0.31,1015.97,none,0
14.11,26.72,89.24,39.3,1.75,46.29,8.46,1018.64,earthquake,2
2.75,26.09,45.58,7.09,3.22,44.53,7.4,1014.22,earthquake,2
21.18,34.62,49.02,11.42,3.15,40.13,0.14,1007.94,none,0
55.57,32.17,80.53,2.76,6.82,54.61,0.1,1002.6,flood,1
122.36,27.73,70.53,15.01,7.56,59.83,0.51,995.57,flood,2
14.89,27.39,79.82,6.61,3.11,47.39,9.0,1014.8,earthquake,2
5.82,26.26,37.51,23.06,2.57,36.35,4.03,1006.97,earthquake,1
0.0,25.56,3.61,4.23,4.3,11.04,0.18,1019.5,drought,1
94.94,34.31,65.57,97.12,2.86,21.58,0.61,1001.01,cyclone,2
72.28,28.24,80.83,4.98,7.77,58.31,0.17,1015.38,flood,2
15.34,28.99,32.33,13.48,3.57,10.48,0.41,1012.22,drought,1
9.5,24.53,55.72,4.69,4.2,36.5,6.08,1005.4,earthquake,2
90.0,22.0,68.73,19.56,5.03,64.09,0.23,1006.77,flood,1
23.76,13.26,78.47,4.06,1.43,41.51,0.35,1009.84,none,0
88.98,27.48,100.0,16.53,7.51,87.68,0.07,1014.59,flood,2
126.47,34.33,93.56,97.68,3.24,39.8,0.13,990.19,cyclone,3
59.86,22.92,70.41,106.09,3.66,24.97,0.35,978.03,cyclone,2
9.32,25.34,72.45,2.6,3.04,24.1,0.53,1020.24,none,0
14.7,23.57,57.37,7.36,3.36,24.75,0.37,1010.76,none,0
40.9,24.05,100.0,70.35,2.34,33.03,0.2,996.35,cyclone,1
25.83,24.49,55.47,6.05,4.3,48.33,0.37,1004.76,none,0
11.3,35.26,63.38,8.45,2.42,25.24,0.97,1005.4,drought,1
30.85,24.25,65.62,6.95,5.06,21.44,0.24,1022.14,none,0
30.54,23.47,56.58,9.89,4.99,37.66,0.29,1018.16,none,0
95.22,26.0,60.03,13.96,10.74,54.66,0.91,1008.31,flood,2
25.67,26.9,66.47,13.66,3.59,47.02,6.38,1018.93,earthquake,2
5.78,23.04,54.45,23.97,4.9,25.97,0.25,999.34,none,0
5.39,28.53,72.72,3.53,4.26,26.79,0.0,1015.59,none,0
8.06,40.5,13.81,9.76,2.63,2.97,0.28,998.54,drought,1
19.16,23.18,59.41,9.73,3.45,40.09,0.32,1013.16,none,0
16.6,21.2,41.69,17.58,3.8,32.98,0.26,1004.64,none,0
48.96,33.18,79.68,103.52,3.79,44.47,0.93,996.35,cyclone,2
8.4,24.39,53.55,23.66,3.49,23.99,0.51,997.9,drought,1
2.33,32.22,65.87,7.93,2.88,52.52,0.06,1019.19,none,0
147.81,21.42,97.61,18.21,3.08,83.75,0.11,993.53,flood,2
12.93,23.98,66.09,25.43,3.51,20.83,0.26,999.99,none,0
124.51,32.22,78.56,1.53,3.14,56.5,0.39,1015.53,flood,1
14.08,20.78,59.03,32.28,2.95,44.36,0.46,1017.37,none,0
23.07,31.09,75.65,20.98,2.32,45.24,0.26,1015.88,none,0
171.03,27.7,80.87,5.09,7.34,50.02,0.04,1003.29,flood,2
26.93,31.68,54.4,3.71,2.68,46.11,0.79,1020.57,none,0
7.23,29.42,55.76,18.2,3.05,25.73,0.25,1016.33,none,0
20.0,33.51,71.32,17.59,3.72,51.36,4.8,1017.26,earthquake,2
72.27,23.27,91.22,47.32,2.09,43.92,0.44,992.46,cyclone,1
5.8,31.16,28.36,7.34,6.47,35.26,0.39,1022.41,none,0
22.28,22.76,68.6,8.05,4.34,27.71,0.53,1025.19,none,0
34.44,22.72,60.58,4.97,2.21,66.15,0.85,999.95,none,0
206.79,16.57,74.06,1.42,5.55,71.15,0.04,1012.73,flood,2
20.48,23.45,57.3,2.8,2.38,39.9,0.17,1010.5,none,0
14.63,37.57,41.15,6.41,3.42,31.71,0.05,1024.44,drought,0
24.94,23.7,44.59,11.6,0.77,45.72,0.33,1008.82,none,0
28.92,21.81,76.12,21.08,4.75,38.73,0.29,1013.02,none,0
14.57,29.59,67.09,11.54,3.12,30.8,0.01,1009.43,none,0
15.85,33.13,16.08,12.51,3.54,3.69,0.07,1008.78,drought,1
3.13,29.3,56.29,6.85,3.87,40.36,0.04,1016.36,none,0
42.48,19.72,66.37,8.16,3.59,22.55,0.18,1019.59,none,0
24.91,20.85,89.26,1.12,1.93,35.48,0.13,1006.58,none,0
13.96,29.36,52.87,5.29,1.53,43.9,0.1,1015.09,none,0
55.66,28.29,86.87,137.29,2.59,26.48,0.1,998.25,cyclone,2
167.01,24.94,72.89,23.84,12.23,58.44,0.34,1007.37,flood,3
102.22,21.76,97.75,22.69,10.42,39.38,0.07,1019.53,flood,2
24.48,27.27,74.47,8.54,3.77,50.52,4.83,1010.06,earthquake,1
82.75,31.3,88.04,18.47,5.77,66.05,0.06,982.69,flood,2
105.38,30.5,72.14,162.16,2.2,31.81,0.01,972.71,cyclone,3
102.25,27.17,70.49,1.49,11.86,66.0,0.31,1006.96,flood,2
6.1,30.11,44.41,10.9,2.71,31.93,0.25,1005.94,none,0
198.75,31.98,56.35,13.65,9.27,72.09,0.38,1008.17,flood,2
23.65,21.36,56.15,12.24,2.88,7.76,0.53,1003.53,none,0
129.11,31.42,78.42,15.58,4.41,76.82,0.62,1015.6,flood,2
11.88,26.12,100.0,18.11,2.73,17.02,0.1,1008.57,none,0
17.82,32.58,41.4,5.48,3.5,39.91,0.91,1018.97,none,0
51.2,18.35,89.61,100.15,5.62,46.39,0.04,974.13,cyclone,3
45.55,27.25,100.0,6.31,10.93,42.71,0.0,1008.51,flood,1
77.95,25.75,87.49,123.89,1.65,54.02,0.51,975.75,cyclone,2
16.62,32.01,35.09,13.77,3.85,10.15,0.06,1001.86,drought,1
106.91,24.07,63.02,10.82,6.75,65.25,1.29,1000.79,flood,2
125.18,21.61,61.44,19.77,7.46,52.04,0.33,1005.23,flood,2
100.64,27.65,85.42,6.43,8.97,51.43,0.72,1004.55,flood,2
106.19,20.8,68.75,33.86,9.77,81.34,0.68,998.55,flood,3
61.68,23.84,100.0,110.07,3.49,43.51,0.16,1011.51,cyclone,2
59.41,20.57,83.96,61.74,2.53,27.18,0.76,993.62,cyclone,2
1.81,21.16,40.14,11.15,4.08,44.18,0.79,1014.62,none,0
3.12,37.7,13.2,5.72,0.91,0.0,0.65,1007.09,drought,1
17.47,33.61,54.19,7.0,2.6,20.94,0.09,1023.33,none,0
67.73,23.67,88.6,7.45,9.04,66.92,0.44,1012.59,flood,2
91.38,34.3,54.36,32.38,3.22,30.77,0.12,1000.71,cyclone,1
101.54,25.4,79.05,120.62,4.06,8.38,1.12,993.58,cyclone,3
142.52,14.02,73.79,15.14,9.88,79.06,0.13,1008.62,flood,2
19.37,39.39,78.96,4.27,5.65,6.82,6.92,1004.26,earthquake,2
26.06,26.9,51.16,20.79,4.59,19.87,0.68,1012.41,none,0
21.86,30.28,50.06,3.33,3.6,20.39,0.08,1007.28,none,0
6.08,26.74,77.85,6.01,2.45,41.93,0.04,1035.63,none,0
33.22,22.49,92.7,84.68,2.8,29.48,0.33,991.3,cyclone,2
1.54,26.98,56.04,7.38,2.65,26.29,0.17,1016.95,none,0
0.0,29.5,47.67,9.77,2.2,20.49,0.06,1015.49,drought,1
35.23,28.48,64.6,2.08,2.57,15.72,0.37,1013.25,none,0
0.0,34.64,43.7,3.6,3.9,0.0,0.4,1012.87,drought,1
0.0,28.26,49.36,7.43,2.42,0.0,0.8,1016.66,drought,1
19.92,29.15,27.16,11.53,2.91,31.68,5.96,996.05,earthquake,2
108.61,29.94,84.91,12.75,5.28,68.89,0.07,1003.82,flood,2
24.98,23.97,62.77,9.42,4.18,27.88,0.31,1009.82,none,0
26.75,31.16,67.81,0.38,2.46,22.49,0.6,1009.83,none,0
41.63,35.0,38.6,13.24,3.48,0.0,0.05,1011.23,drought,1
98.22,23.76,83.07,5.24,4.7,39.46,0.06,995.12,flood,1
0.0,34.87,28.65,19.65,2.32,17.68,0.41,1010.86,drought,0
12.18,35.3,56.35,1.49,2.9,46.79,5.31,1008.84,earthquake,1
18.34,21.14,59.47,10.74,2.7,41.29,0.87,1021.51,none,0
87.39,23.48,56.45,31.4,1.92,39.2,0.45,1002.26,none,0
100.37,28.04,76.15,59.65,3.21,30.86,0.12,972.66,cyclone,2
29.08,41.8,36.91,7.56,3.08,13.31,0.14,1017.63,drought,1
36.34,18.73,54.46,6.55,2.05,31.48,5.49,1015.16,earthquake,2
60.82,23.13,76.58,2.16,8.59,91.93,0.01,1006.74,flood,1
39.54,30.55,45.13,14.9,2.25,41.87,0.05,1012.88,none,0
18.42,33.18,100.0,94.78,3.02,40.54,0.46,993.69,cyclone,2
1.53,27.75,61.22,5.48,2.08,10.92,0.04,1018.71,none,0
11.36,31.06,62.33,5.17,4.27,36.17,0.5,1021.17,none,0
13.83,26.14,62.15,59.37,4.12,25.38,0.66,988.26,none,0
9.16,23.77,27.31,7.79,3.23,0.0,0.09,1016.6,drought,1
6.84,37.84,10.54,11.73,3.67,10.4,0.39,1008.0,drought,1
78.48,25.62,73.41,17.87,10.01,57.58,0.53,1002.89,flood,2
19.04,28.52,64.83,3.74,3.72,29.57,0.46,1019.38,none,0
37.82,23.55,76.85,4.17,3.93,36.13,1.79,1008.35,none,0
4.32,39.57,25.28,2.07,1.61,0.0,0.52,1009.48,drought,1
110.48,26.21,78.91,64.77,1.24,18.77,0.01,958.28,cyclone,3
43.11,24.91,69.56,50.27,3.51,22.86,0.04,975.36,cyclone,2
22.96,16.62,74.77,102.13,1.7,41.94,0.37,996.6,cyclone,1
13.14,27.12,50.89,10.63,3.51,39.36,0.05,1014.86,none,0
22.0,21.07,62.76,8.86,1.94,39.94,0.23,1022.59,none,0
6.67,26.17,63.75,17.99,5.29,46.15,0.19,1016.08,none,0
5.09,31.74,51.51,4.28,2.29,11.66,7.98,1015.74,earthquake,2
90.84,21.1,62.28,22.05,5.92,64.35,0.74,993.72,flood,2
0.0,30.91,26.58,9.65,2.77,42.08,0.09,1004.62,drought,0
5.4,31.1,58.71,5.95,2.55,34.9,0.07,1003.91,none,0
28.81,19.84,65.49,13.67,3.64,57.45,0.06,1015.0,none,0
10.8,22.87,49.32,0.37,2.61,36.42,0.43,1017.9,none,0
21.49,24.61,57.32,16.63,1.59,34.47,8.9,1020.42,earthquake,2
0.0,36.44,1.55,10.19,0.94,7.38,0.07,994.75,drought,1
75.57,19.91,64.22,76.14,2.53,23.74,1.64,987.71,cyclone,2
9.77,25.73,42.04,7.49,4.03,45.4,0.28,1032.13,none,0
34.33,22.52,33.47,11.51,3.55,27.67,0.03,1001.36,none,0
143.68,19.86,83.22,9.63,5.14,47.56,0.7,1002.72,flood,2
31.41,27.03,38.25,21.34,2.8,25.38,0.25,1024.11,none,0
96.94,29.85,100.0,11.34,11.7,31.57,0.27,1012.14,flood,2
94.59,33.42,64.93,47.09,3.83,52.27,0.2,984.74,cyclone,2
14.33,23.56,51.18,11.87,1.76,44.78,0.19,1008.47,none,0
16.52,29.48,54.09,12.24,2.55,38.47,1.24,1006.82,none,0
18.39,26.2,61.19,7.45,3.14,25.38,0.56,1018.52,none,0
1.99,23.74,67.55,8.0,4.29,3.38,0.07,1012.29,drought,1
12.74,30.57,57.45,8.58,2.95,44.03,0.39,1005.42,none,0
15.2,33.98,79.95,52.18,2.77,67.6,0.52,974.93,cyclone,2
33.71,25.18,68.69,17.31,2.21,58.71,8.53,1008.06,earthquake,2
46.5,29.77,73.98,78.02,4.42,21.97,0.67,985.95,cyclone,2
1.53,31.61,9.79,7.45,2.99,9.61,0.05,1020.78,drought,1
3.34,17.11,59.23,45.53,1.45,27.28,0.15,1012.64,none,0
13.15,24.72,62.83,4.12,1.95,32.26,1.41,1018.7,none,0
42.5,30.49,72.27,7.48,2.81,16.16,0.56,1014.48,none,0
3.09,18.28,85.58,8.89,4.03,28.57,0.05,1012.72,none,0
17.09,22.89,68.38,12.95,2.62,38.05,0.03,1005.33,none,0
0.0,32.31,26.94,4.18,3.51,10.03,0.72,1017.96,drought,1
16.6,17.16,35.41,3.29,3.64,38.47,3.74,1025.72,earthquake,1
15.36,22.5,40.75,27.67,2.11,10.25,0.75,1002.82,drought,1
33.14,23.21,96.87,3.2,5.3,57.99,0.13,999.86,flood,1
3.31,32.11,75.67,12.4,2.85,26.43,4.62,1017.06,earthquake,1
0.0,39.18,42.12,16.08,0.63,11.92,0.52,1015.64,drought,0
11.9,22.29,58.04,16.9,3.76,22.66,0.7,1014.66,none,0
25.72,29.93,83.33,7.0,2.65,17.33,0.26,1009.23,none,0
174.29,35.35,88.03,72.43,2.31,40.06,0.71,985.27,cyclone,3
45.64,25.6,69.74,75.74,2.51,45.06,0.68,981.73,cyclone,2
9.59,17.08,66.48,0.79,3.87,30.99,0.14,1021.99,none,0
7.06,26.28,73.9,2.34,4.61,27.92,0.13,1005.27,none,0
0.0,25.8,4.06,5.24,3.08,0.0,0.12,1009.56,drought,1
18.06,24.68,47.07,6.49,4.36,34.68,0.55,1017.15,none,0
50.74,31.82,84.28,114.18,2.9,40.6,0.12,966.69,cyclone,2
39.31,34.76,97.32,99.45,4.15,32.99,0.37,985.87,cyclone,2
121.7,28.65,59.08,18.21,10.06,41.73,0.5,1007.06,flood,2
19.03,34.5,52.75,6.5,2.98,24.84,0.56,1016.46,drought,1
24.57,19.28,72.54,8.12,3.88,39.09,0.32,1001.61,none,0
0.0,31.15,32.85,19.38,6.13,19.2,0.11,1014.29,drought,1
18.31,36.48,41.69,3.1,3.09,0.0,0.66,1012.73,drought,1
0.0,31.49,34.69,5.71,3.69,25.59,0.3,1026.97,drought,0
14.1,27.23,37.97,30.26,1.63,23.9,0.22,1016.63,none,0
234.57,33.74,64.36,15.24,6.19,79.83,0.26,1012.53,flood,2
141.98,27.42,67.07,133.52,2.68,55.09,0.4,963.97,cyclone,3
147.96,28.67,79.52,19.41,7.73,87.33,0.72,1000.35,flood,3
92.74,25.58,100.0,6.71,5.73,52.43,0.33,1020.01,flood,1
23.94,19.06,41.2,7.16,4.51,34.7,1.1,1006.82,none,0
48.52,29.51,83.61,97.08,3.63,29.07,0.14,965.11,cyclone,3
12.42,21.93,62.77,4.44,5.17,46.8,6.95,1017.39,earthquake,2
16.24,34.91,22.34,25.6,2.77,0.0,0.69,1025.24,drought,1
30.39,29.44,76.64,17.29,4.47,26.71,0.1,1015.97,none,0
80.48,18.65,86.79,72.72,2.61,51.64,0.05,986.86,cyclone,2
2.53,32.16,36.92,3.83,4.92,11.9,1.29,1021.97,drought,1
106.65,37.43,95.26,59.45,3.15,46.97,0.47,1005.1,cyclone,2
11.19,27.08,47.25,4.67,0.33,29.98,0.41,1007.57,none,0
0.0,25.3,24.96,15.29,2.63,0.0,0.56,1005.73,drought,1
15.42,29.49,72.75,6.82,1.58,43.69,0.01,1023.24,none,0
29.27,12.9,78.58,10.94,2.74,42.3,0.1,1007.44,none,0
17.72,33.78,64.39,23.05,3.14,36.29,0.01,1003.04,none,0
0.0,39.47,34.48,2.5,1.7,0.0,0.25,1013.12,drought,0
13.5,19.16,63.25,2.63,4.78,42.1,4.74,1006.41,earthquake,2
3.19,32.73,60.96,6.17,4.26,35.83,0.36,1014.95,none,0
17.9,32.39,27.79,10.73,3.79,52.87,4.84,1009.92,earthquake,1
105.37,29.19,73.35,12.23,6.32,72.34,0.1,1011.58,flood,1
131.39,23.05,85.25,12.12,6.91,54.41,1.01,1001.35,flood,2
6.51,26.49,68.73,17.48,4.8,34.42,0.29,1014.52,none,0
46.28,22.87,71.78,99.34,2.78,48.92,0.04,967.31,cyclone,2
6.51,19.59,61.37,12.24,2.58,26.79,0.48,1001.11,none,0
0.76,28.63,64.2,7.33,2.56,25.97,0.32,1009.13,none,0
0.77,26.22,70.46,11.49,3.2,29.18,0.04,1007.87,none,0
32.89,30.35,45.18,15.75,1.24,33.06,0.17,1021.99,none,0
17.31,23.98,63.09,20.5,5.83,20.63,0.06,1017.05,none,0
3.28,23.05,47.89,48.85,3.64,22.9,0.3,1002.0,none,0
60.45,28.18,100.0,50.4,1.76,50.2,0.01,977.93,cyclone,1
13.91,22.75,66.23,27.96,3.88,44.78,4.32,1027.1,earthquake,1
26.59,19.46,65.8,11.06,3.75,27.04,0.01,1012.11,none,0
15.67,33.67,63.69,7.7,2.9,21.08,5.31,1009.23,earthquake,2
165.61,29.47,100.0,81.94,1.99,44.78,0.51,971.21,cyclone,2
8.64,27.71,56.15,10.82,2.98,35.16,6.93,999.8,earthquake,2
12.56,28.34,51.46,26.2,1.99,27.57,0.01,1012.03,none,0
44.01,23.03,44.42,4.06,2.55,17.68,0.21,1015.43,none,0
52.3,36.77,45.91,3.51,7.53,73.97,0.04,1016.08,flood,1
9.12,27.55,65.04,9.38,3.1,35.51,0.04,1018.9,none,0
17.76,21.05,60.88,13.48,2.58,49.31,1.67,1014.13,none,0
9.52,26.31,37.18,15.93,3.7,45.89,0.09,1017.36,none,0
112.54,31.98,100.0,88.72,3.73,2.42,0.22,992.86,cyclone,3
31.76,32.83,63.7,2.69,7.79,49.48,0.09,1017.16,flood,1
4.96,23.8,59.02,7.08,1.93,27.65,0.66,1021.08,none,0
132.37,26.71,82.59,3.48,5.86,49.66,0.67,1023.93,flood,2
16.53,35.48,83.2,5.15,2.35,32.58,0.28,1005.33,none,0
5.19,27.58,51.91,6.8,3.29,23.27,1.68,1011.7,none,0
16.53,26.09,54.19,6.82,1.8,25.53,0.18,1013.07,drought,0
4.11,35.48,45.06,4.3,4.79,15.22,0.18,1015.72,drought,1
12.34,21.34,55.68,8.45,2.41,47.36,1.59,1008.24,none,0
14.51,30.88,51.57,14.3,2.71,29.46,0.39,1008.7,none,0
1.64,34.1,56.46,6.85,3.04,26.24,7.39,1009.9,earthquake,2
86.9,16.42,100.0,70.64,3.32,43.08,0.03,962.2,cyclone,2
25.15,23.04,41.18,10.72,2.11,38.17,0.19,1009.19,none,0
51.93,23.85,97.69,3.95,4.97,62.23,0.55,1003.39,flood,1
29.59,28.16,53.0,9.06,2.47,33.85,0.2,1002.71,none,0
90.84,30.28,100.0,185.63,3.35,44.29,0.14,972.32,cyclone,3
17.0,24.38,41.41,24.35,3.2,51.18,0.61,1003.1,none,0
145.59,29.64,72.3,112.23,2.23,56.43,0.74,984.32,cyclone,3
93.28,28.25,44.18,32.33,2.49,32.04,0.14,986.21,cyclone,1
2.69,30.66,53.23,4.57,4.32,45.05,0.14,999.82,none,0
10.0,23.17,54.81,8.17,4.83,31.09,0.74,1017.48,none,0
1.74,35.59,37.7,6.05,3.47,0.0,0.36,1019.53,drought,1
76.66,34.67,95.22,111.63,0.54,20.93,0.35,981.13,cyclone,2
58.04,25.06,62.13,21.5,11.52,70.47,0.04,1006.12,flood,2
192.17,31.55,82.35,3.25,9.56,55.15,0.19,997.64,flood,3
110.29,32.26,62.61,51.3,3.56,48.75,0.56,988.65,cyclone,2
5.34,26.4,23.48,7.61,1.84,28.73,6.82,1012.3,earthquake,1
5.58,25.37,27.0,24.61,3.44,26.91,0.42,1006.45,drought,0
5.8,35.12,21.64,2.33,1.23,0.0,0.42,1010.0,drought,1
82.28,22.92,84.09,7.86,5.89,70.26,0.26,1001.73,flood,1
6.61,24.38,78.16,2.86,3.34,55.66,1.01,1010.43,none,0
21.22,29.51,43.29,13.03,1.87,46.01,0.64,1023.82,none,0
24.18,27.0,65.66,12.38,2.28,23.11,0.06,1011.22,none,0
6.38,34.87,58.22,18.21,3.88,14.06,0.06,1013.46,none,0
8.36,24.8,90.2,7.77,1.67,25.33,0.21,1018.25,none,0
165.12,31.41,100.0,14.62,6.87,53.56,0.27,994.67,flood,3
5.99,22.52,16.07,1.59,4.63,36.58,0.98,1019.68,none,0
14.04,22.52,67.86,10.91,2.37,34.93,0.21,1010.42,none,0
284.33,24.32,89.42,27.3,10.44,69.84,0.23,1019.34,flood,3
48.69,20.75,94.92,111.33,4.42,45.41,0.13,991.48,cyclone,2
12.65,25.86,80.39,10.62,2.87,32.05,0.05,1016.48,none,0
128.83,35.55,70.43,98.5,3.09,42.01,0.14,966.5,cyclone,3
33.98,22.68,68.24,9.65,2.9,47.18,0.11,1018.58,none,0
85.83,27.38,97.43,7.58,9.99,70.19,0.23,995.14,flood,2
57.81,31.83,97.89,9.21,7.88,72.22,0.43,1000.82,flood,1
67.82,28.03,67.86,113.38,2.52,51.27,0.14,990.39,cyclone,2
16.22,26.68,63.23,26.97,4.01,50.31,0.13,1017.9,none,0
25.4,37.52,5.73,10.97,4.72,11.47,0.14,1001.44,drought,2
24.96,21.3,65.74,3.78,2.27,31.51,7.29,1026.95,earthquake,2
13.37,26.58,62.57,11.6,3.64,57.86,0.0,1012.45,none,0
93.28,34.13,76.96,4.18,7.01,70.03,0.47,1018.98,flood,2
10.03,23.59,61.33,45.78,0.89,21.41,0.21,1014.61,none,0
114.46,25.19,77.04,8.58,6.39,71.0,0.23,1006.74,flood,2
103.19,22.68,80.86,12.09,10.62,68.99,0.35,995.62,flood,2
0.0,23.44,49.58,2.77,2.4,17.83,0.2,1014.64,drought,0
1.09,19.15,83.37,1.33,2.85,55.67,1.0,1022.18,none,0
28.84,29.19,49.8,9.31,2.7,27.66,0.28,1010.73,none,0
90.19,27.1,43.08,8.98,8.28,35.3,0.26,1016.02,flood,2
42.76,25.24,72.55,12.36,7.07,61.81,0.83,994.73,flood,2
43.74,42.19,26.04,21.44,4.33,0.08,0.07,1024.02,drought,1
0.0,33.93,30.13,2.79,2.29,20.12,0.13,1006.69,drought,0
9.04,28.69,61.25,11.72,2.81,53.99,1.34,1011.0,none,0
16.87,27.38,62.13,12.98,2.98,29.85,0.23,1019.43,none,0
14.37,31.62,76.29,6.5,3.17,22.5,0.5,1019.32,none,0
33.91,30.55,56.36,18.62,1.67,33.52,0.71,1013.69,none,0
30.29,16.38,93.91,13.7,5.78,77.83,0.1,993.66,flood,1
69.55,17.32,100.0,54.53,2.7,17.55,0.21,1000.57,cyclone,2
10.45,20.58,65.08,5.87,3.06,36.49,0.04,1012.76,none,0
19.92,25.08,97.03,3.84,2.96,43.93,0.63,1027.03,none,0
29.25,21.55,85.06,10.09,4.91,42.05,0.04,1001.34,none,0
70.63,20.87,100.0,1.28,11.11,95.1,0.88,1007.8,flood,2
56.2,29.68,84.57,130.55,2.84,46.89,0.98,990.41,cyclone,2
17.83,29.52,24.32,32.67,1.84,24.07,0.16,1011.42,none,0
9.92,25.0,69.28,1.34,2.91,34.56,0.38,1015.38,none,0
18.51,34.36,18.6,31.71,4.21,9.13,0.43,999.35,drought,2
0.81,34.27,38.3,3.94,2.64,13.96,0.02,1011.08,drought,0
96.35,32.47,82.19,3.96,9.02,67.32,0.13,1010.17,flood,2
20.19,23.17,56.53,3.34,2.82,41.04,0.01,1028.43,none,0
25.35,18.24,65.79,24.78,1.33,43.83,0.0,1014.39,none,0
71.64,19.79,60.0,67.45,1.87,36.99,0.11,979.91,cyclone,2
13.83,33.77,35.42,12.37,0.78,27.44,0.25,1028.33,none,0
79.87,27.35,90.94,19.54,8.17,70.58,0.2,1003.82,flood,2
17.22,23.36,62.91,14.13,3.73,21.46,0.42,1011.56,none,0
81.19,34.42,70.23,5.2,2.88,61.5,0.21,1005.16,flood,1
8.69,24.63,69.06,19.02,4.39,26.32,0.87,1007.17,none,0
36.47,38.48,72.31,13.95,4.16,40.27,1.5,1013.99,none,0
25.66,23.29,89.43,12.47,3.37,47.13,0.32,1011.43,none,0
14.53,34.87,56.64,33.95,3.27,38.74,5.5,1013.93,earthquake,2
14.14,23.15,55.36,22.53,3.96,27.32,0.12,1017.94,none,0
27.13,27.52,31.83,26.98,4.55,1.33,0.36,999.15,none,0
13.61,25.8,79.77,28.83,3.75,43.68,0.35,1001.32,none,0
21.82,27.49,63.41,43.53,2.46,43.77,6.65,1009.5,earthquake,2
19.19,30.89,82.7,5.44,3.4,35.61,1.31,1015.04,none,0
125.62,32.26,85.63,14.84,5.32,81.57,0.12,1021.25,flood,2
105.46,29.57,62.52,36.96,11.69,75.29,0.61,1008.32,flood,2
127.22,23.86,60.72,9.35,11.5,64.05,0.12,1002.87,flood,2
68.16,21.35,69.5,2.19,6.88,70.19,0.39,1005.7,flood,1
49.53,22.11,47.22,21.08,1.98,29.4,7.71,1005.58,earthquake,2
137.59,33.25,64.49,6.05,6.6,56.4,0.91,1000.78,flood,2
198.23,28.23,81.5,14.93,7.56,73.63,0.05,1021.36,flood,2
95.19,31.0,82.27,17.82,6.56,67.89,0.53,995.37,flood,2
43.56,16.71,73.31,15.47,5.4,52.62,0.71,1004.86,flood,1
85.15,23.35,72.65,79.7,1.78,40.01,0.44,976.4,cyclone,2
85.83,34.28,56.4,5.01,5.98,69.23,0.62,1002.35,flood,1
0.82,41.37,40.05,1.61,2.77,0.0,0.23,1011.42,drought,1
4.82,34.72,43.34,31.35,2.84,0.72,0.08,1011.03,drought,1
16.65,21.44,41.33,16.7,1.44,40.07,0.43,1019.87,none,0
15.11,33.78,67.95,38.06,3.15,48.38,0.39,1015.33,none,0
117.51,25.17,72.05,89.39,3.48,14.96,0.21,987.16,cyclone,3
13.93,25.61,62.24,26.65,2.61,34.4,1.26,1023.61,none,0
29.54,23.31,53.01,13.54,4.29,35.58,0.68,1010.64,none,0
9.67,34.06,33.4,8.54,2.63,15.29,0.27,1003.99,drought,1
31.73,24.96,29.07,1.16,2.7,0.0,0.05,1014.47,drought,1
5.09,24.1,56.81,13.88,3.15,24.63,5.96,1003.06,earthquake,2
25.42,44.19,50.46,17.66,3.97,20.0,0.33,1013.81,drought,1
195.24,29.71,53.14,6.01,11.06,61.98,0.2,1017.14,flood,2
0.0,37.4,44.46,9.98,2.97,5.02,1.04,1027.24,drought,1
28.8,32.86,78.51,8.54,1.71,45.02,0.17,1021.89,none,0
16.2,26.57,22.41,12.35,2.87,22.03,0.56,1016.94,none,0
12.75,29.55,81.79,6.14,4.08,37.81,1.31,1011.05,none,0
167.76,22.86,60.66,2.95,10.54,80.11,0.92,997.16,flood,3
25.42,21.96,46.32,7.0,3.68,29.25,0.39,1003.88,none,0
31.12,24.3,71.02,160.29,1.76,42.97,0.04,988.57,cyclone,2
58.13,25.74,56.21,1.17,6.23,71.9,0.12,1018.53,flood,1
37.31,37.49,90.94,90.05,0.82,43.02,0.13,981.45,cyclone,1
155.51,24.53,90.53,7.19,8.54,72.61,0.02,1004.85,flood,2
4.91,28.93,39.5,25.17,1.35,53.89,0.46,1014.45,none,0
11.25,25.58,69.36,5.04,2.74,58.5,0.66,1023.27,none,0
35.15,24.27,64.1,17.68,2.79,51.79,0.26,1020.93,none,0
14.54,29.01,78.53,7.99,2.57,39.25,0.88,1006.54,none,0
70.92,33.23,83.08,12.99,10.45,63.82,0.56,995.37,flood,2
26.7,28.23,47.77,4.93,3.74,40.12,0.05,1019.54,none,0
92.77,26.75,94.31,19.05,5.35,56.41,0.32,1004.0,flood,2
66.23,27.95,81.08,6.22,9.03,48.36,0.55,1004.38,flood,2
1.21,25.5,55.48,15.25,3.55,35.4,0.37,1003.45,none,0
2.52,33.72,40.65,5.85,1.53,0.0,0.02,1008.09,drought,1
11.73,34.38,77.57,9.29,3.81,34.31,8.76,1009.22,earthquake,2
23.8,33.86,56.39,14.43,3.57,29.46,7.8,1009.71,earthquake,2
5.61,30.12,11.48,3.11,3.53,31.07,1.41,1010.99,none,0
2.03,27.51,64.52,14.85,3.95,49.17,0.5,1015.03,none,0
57.63,25.77,97.96,105.22,4.39,37.4,0.18,977.59,cyclone,2
4.85,32.21,38.1,9.0,2.56,27.74,0.75,1007.52,none,0
24.41,19.4,66.42,10.14,2.8,47.8,0.34,1017.12,none,0
8.13,30.04,64.82,20.09,3.44,50.18,0.22,1010.09,none,0
62.64,29.28,83.3,119.19,2.37,41.35,0.04,993.91,cyclone,2
5.82,22.29,71.14,6.56,2.59,28.21,6.16,1023.47,earthquake,1
36.91,24.25,51.23,12.61,1.84,29.4,0.16,1005.22,none,0
8.44,30.4,50.81,3.86,1.69,12.73,0.82,1020.62,drought,0
10.34,23.9,50.86,7.29,4.51,27.67,0.04,1023.58,none,0
31.67,19.19,67.1,6.26,1.78,29.77,0.69,1022.51,none,0
0.0,29.04,33.94,3.01,3.25,11.25,0.24,1004.88,drought,1
130.71,26.57,100.0,12.73,4.11,59.99,0.44,1008.06,flood,2
16.29,36.55,45.84,12.54,3.81,41.35,0.4,1019.99,none,0
5.97,31.02,35.56,6.81,2.88,31.3,0.43,1020.87,none,0
21.98,23.21,47.09,8.83,1.91,44.84,0.04,1027.27,none,0
8.04,22.49,75.53,8.28,3.8,38.43,1.36,997.33,none,0
34.29,26.47,92.55,105.4,1.44,31.95,1.12,970.79,cyclone,2
6.84,24.18,50.58,17.73,3.82,34.97,0.42,1014.02,none,0
12.25,26.82,62.58,20.01,2.25,31.76,0.34,1016.27,none,0
24.22,22.96,63.7,13.23,3.05,39.46,0.12,1013.07,none,0
5.89,33.11,54.41,25.81,2.38,41.19,0.28,1009.98,none,0
76.27,34.55,88.67,67.77,2.41,35.46,0.11,987.1,cyclone,2
50.48,34.81,64.44,6.89,4.02,34.58,0.11,1015.71,none,0
79.11,24.25,91.37,246.03,5.22,39.23,0.19,995.53,cyclone,3
29.13,37.68,78.32,7.1,4.21,22.93,0.16,1012.56,none,0
17.46,28.96,72.04,12.67,0.96,44.96,0.22,1012.9,none,0
13.49,22.53,78.11,5.44,3.8,23.89,4.96,1010.44,earthquake,2
17.76,23.1,67.22,22.17,2.37,37.8,0.2,1003.26,none,0
3.92,40.47,51.77,11.41,1.18,13.04,0.14,1027.48,drought,0
30.05,22.84,44.82,17.99,3.01,35.52,0.21,1006.85,none,0
128.53,17.72,91.65,7.06,10.16,73.14,0.08,986.01,flood,3
1.73,31.99,49.57,4.44,2.35,23.84,0.1,1006.21,drought,0
71.31,18.54,100.0,132.24,3.12,41.5,0.02,988.81,cyclone,2
60.35,29.26,75.82,18.0,3.13,58.7,0.08,1000.37,flood,1
9.22,34.7,58.41,26.74,5.6,29.72,8.45,1022.79,earthquake,3
13.86,20.21,66.13,3.07,2.82,50.12,0.19,1007.23,none,0
52.41,23.39,73.99,4.54,4.89,61.65,0.17,1011.08,flood,1
22.84,23.38,24.72,3.41,3.05,32.02,0.33,1003.04,none,0
5.81,18.07,72.22,8.97,2.73,30.14,1.14,1034.57,none,0
108.17,21.41,71.2,77.76,3.86,44.55,0.2,982.42,cyclone,2
61.84,27.0,75.52,92.52,3.35,23.34,0.74,989.58,cyclone,2
57.45,33.23,57.68,5.02,7.2,59.57,0.73,1010.59,flood,1
274.27,22.81,74.96,1.88,8.77,100.0,0.7,1009.32,flood,2
8.58,25.45,61.87,11.48,4.08,33.36,0.33,1014.38,none,0
19.49,28.74,73.4,19.96,2.88,33.21,5.53,1017.18,earthquake,2
4.16,23.8,63.04,4.16,4.32,32.75,0.38,1013.22,none,0
114.24,27.33,69.96,56.86,3.76,37.77,0.93,999.61,cyclone,2
10.6,34.42,52.37,9.25,3.92,29.89,0.04,1040.48,none,0
8.55,26.44,53.84,5.83,2.95,20.02,0.22,1006.2,none,0
16.36,22.46,48.08,9.73,2.61,48.62,0.08,1020.62,none,0
10.26,39.58,9.31,7.12,4.46,29.73,0.26,1010.24,drought,0
13.72,22.71,69.06,11.22,2.9,29.51,0.03,1025.63,none,0
3.57,18.16,70.69,15.45,3.7,44.34,0.41,1005.64,none,0
0.0,28.51,13.11,16.49,4.21,28.68,0.06,1003.88,drought,1
7.62,25.6,74.47,26.45,2.39,29.19,4.85,1012.36,earthquake,1
2.25,35.82,40.09,3.39,4.21,27.56,0.13,1013.41,drought,0
111.3,24.3,80.07,9.77,9.97,60.15,0.3,1007.04,flood,2
12.59,19.15,39.56,14.93,4.04,35.63,0.4,1011.59,none,0
9.39,40.34,58.89,16.39,3.27,43.69,3.78,1006.69,earthquake,1
95.8,15.01,87.09,35.4,3.45,29.97,0.46,950.13,cyclone,2
19.25,28.33,53.19,6.93,3.59,36.89,0.28,1013.47,none,0
11.25,28.17,61.5,10.65,5.0,48.72,0.32,1023.95,none,0
29.73,24.9,57.02,11.09,3.97,55.02,5.47,1000.87,earthquake,2
3.55,19.9,42.85,28.26,1.74,53.34,0.7,1003.8,none,0
23.6,31.18,54.85,11.13,2.43,36.2,0.15,1003.83,none,0
91.03,19.54,71.29,23.86,3.01,45.63,0.1,979.86,cyclone,2
16.81,27.14,37.45,4.23,4.77,40.1,0.92,1014.51,none,0
9.61,41.19,60.95,3.26,3.73,4.12,0.2,1000.36,drought,1
4.85,32.47,52.94,5.85,4.27,29.12,0.27,1003.37,drought,1
43.78,35.18,55.59,30.53,3.74,44.86,4.92,1019.59,earthquake,2
133.17,30.73,100.0,25.35,7.59,72.03,0.28,986.28,flood,3
45.26,21.23,60.85,134.09,4.56,45.12,1.17,997.28,cyclone,2
61.42,30.42,74.21,8.32,9.45,40.82,0.01,1014.99,flood,2
113.51,27.35,83.46,6.58,7.18,78.95,0.96,992.33,flood,2
32.68,31.43,51.56,5.1,2.27,31.84,7.01,1007.7,earthquake,2
10.87,30.88,27.13,11.65,3.6,14.51,0.22,1011.95,drought,1
69.52,21.53,91.11,87.29,2.3,23.03,0.2,986.08,cyclone,2
27.58,28.01,62.35,5.48,8.5,63.72,0.12,1017.54,flood,1
2.9,19.2,69.95,18.97,2.42,47.93,1.49,1008.09,none,0
42.7,18.48,78.98,161.26,3.48,26.74,0.21,976.03,cyclone,2
22.7,26.28,40.39,12.57,2.01,29.22,0.21,1005.1,none,0
181.36,24.4,79.13,11.59,4.92,54.92,0.98,1010.39,flood,2
9.4,37.97,20.4,4.93,3.13,15.88,0.13,1015.07,drought,0
64.22,27.01,55.34,101.29,3.04,33.19,0.09,976.71,cyclone,2
3.12,24.45,58.02,11.88,3.38,28.89,8.48,1024.89,earthquake,2
5.48,26.82,39.57,8.46,2.56,33.11,0.03,1014.09,none,0
19.7,28.56,44.78,23.78,2.0,24.37,0.56,1020.58,none,0
17.69,33.14,89.44,151.21,3.3,29.05,0.2,967.01,cyclone,3
0.0,34.35,38.39,4.7,2.49,24.22,0.24,1012.62,drought,0
25.68,31.52,68.24,19.05,3.23,8.13,0.84,1019.43,none,0
92.71,25.06,82.33,13.29,6.13,68.13,0.26,1017.47,flood,1
25.97,28.72,75.37,13.59,3.28,39.09,0.0,1016.44,none,0
113.79,35.48,83.58,17.18,9.48,97.43,0.04,987.27,flood,3
8.86,27.95,52.03,14.36,3.58,29.59,4.96,1017.61,earthquake,1
104.42,16.37,73.92,12.41,6.74,86.67,0.49,1000.92,flood,2
13.52,22.6,50.36,16.16,2.3,40.87,0.2,1010.57,none,0
28.72,28.95,53.24,8.97,1.82,22.52,1.03,1009.37,none,0
9.65,30.16,12.52,3.94,2.51,30.03,0.15,1015.66,none,0
4.89,38.25,53.15,17.23,2.43,36.9,0.24,994.25,none,0
42.75,28.86,45.89,6.16,5.85,76.36,0.12,1010.23,flood,1
11.62,26.88,66.73,35.61,2.12,42.53,0.46,1003.28,none,0
20.8,26.02,100.0,84.85,2.5,50.27,0.05,975.52,cyclone,2
21.27,33.06,43.25,24.46,3.16,30.72,0.92,1007.53,none,0
3.84,21.57,42.68,23.21,0.81,57.03,0.92,1004.88,none,0
0.0,35.47,46.15,25.09,3.07,31.2,0.95,1008.63,drought,0
21.88,29.29,74.12,5.14,3.69,41.78,0.1,1015.54,none,0
63.77,24.08,72.72,159.42,3.16,21.17,0.05,1005.48,cyclone,2
17.7,20.26,44.28,9.49,1.49,32.4,0.05,1019.73,none,0
20.84,25.89,69.65,4.1,1.32,51.39,0.77,1003.54,none,0
9.77,25.28,63.29,28.07,2.55,29.26,0.1,1025.82,none,0
8.47,36.14,73.46,11.44,3.56,15.14,0.91,1032.47,none,0
38.61,27.78,72.25,18.74,3.59,40.06,0.07,1001.46,none,0
67.32,30.27,47.9,126.56,4.49,29.87,0.93,988.14,cyclone,3
168.89,21.96,40.67,20.34,8.04,43.07,0.03,1004.91,flood,3
0.0,37.55,27.25,3.7,1.84,17.19,0.17,999.66,drought,0
16.67,32.79,48.63,16.13,2.05,36.56,0.14,1012.32,none,0
26.73,33.8,50.18,8.4,2.07,49.61,0.26,997.09,none,0
276.79,27.92,87.13,27.86,7.18,59.12,0.07,998.05,flood,3
15.35,31.76,36.7,19.38,5.2,47.14,0.31,1015.95,none,0
7.92,27.24,52.21,2.76,1.56,46.55,0.39,1005.15,none,0
7.32,22.04,64.96,8.53,2.73,60.35,0.05,1027.97,none,0
8.1,21.71,84.54,13.68,1.83,35.36,7.01,996.95,earthquake,2
34.18,27.63,58.47,7.5,3.08,22.43,0.13,1008.02,none,0
67.81,24.65,75.34,14.62,15.37,84.83,0.14,998.55,flood,2
12.9,28.08,63.48,16.74,2.87,36.31,0.02,1010.55,none,0
3.45,19.47,51.33,11.59,2.77,38.81,0.21,1015.59,none,0
11.97,27.11,69.98,8.26,2.24,0.0,0.19,1021.51,none,0
33.83,31.42,37.82,4.19,3.24,38.35,1.15,1025.17,none,0
32.64,29.19,37.01,11.77,4.2,38.74,0.04,999.99,none,0
166.51,21.38,100.0,8.7,9.13,60.8,0.23,993.14,flood,3
49.59,18.89,66.66,6.38,4.94,58.21,1.06,1003.51,flood,1
126.48,20.3,100.0,11.1,6.69,73.28,0.77,1020.91,flood,2
59.66,33.61,99.37,78.39,2.85,32.75,0.18,971.14,cyclone,2
5.43,30.26,95.94,4.73,2.32,39.22,1.76,1014.56,none,0
23.76,24.92,76.24,26.87,2.88,28.2,7.68,1008.13,earthquake,2
8.18,22.83,66.88,3.75,2.96,25.4,2.09,1015.94,none,0
7.9,35.01,15.08,5.02,1.88,14.47,0.48,1011.2,drought,1
91.26,29.29,97.24,17.67,3.91,77.1,1.58,1006.06,flood,1
6.56,32.14,61.58,4.29,3.94,45.37,0.69,1017.03,none,0
115.19,20.2,94.96,13.91,8.53,75.27,0.5,1002.46,flood,2
22.98,31.18,69.38,2.6,2.8,57.99,0.18,1010.15,none,0
16.91,30.38,61.65,24.3,2.02,31.19,1.05,1014.83,none,0
8.16,17.46,70.9,0.62,3.48,42.3,0.67,1012.42,none,0
105.84,21.44,65.93,134.02,2.99,37.31,0.08,1002.34,cyclone,2
24.41,30.6,62.81,2.19,2.48,48.0,1.72,1001.32,none,0
1.45,23.03,71.47,32.42,2.86,46.9,0.52,1013.54,none,0
8.6,29.78,67.03,10.21,2.82,38.82,0.82,1016.53,none,0
109.36,21.29,57.28,17.69,11.24,25.61,0.03,1007.05,flood,2
245.71,21.39,68.2,10.82,5.26,92.9,0.22,1014.97,flood,2
3.88,26.15,42.0,3.67,2.51,40.9,8.16,1008.51,earthquake,2
150.51,25.74,73.92,5.14,5.49,55.55,0.0,1014.56,flood,2
21.55,33.08,50.41,7.46,3.18,55.1,0.32,1013.22,none,0
21.18,27.8,70.64,20.5,2.27,24.41,6.83,1019.47,earthquake,2
8.45,20.43,80.93,15.78,4.52,32.49,1.58,1012.95,none,0
1.75,39.65,66.54,8.05,3.96,56.61,0.02,1020.59,none,0
0.0,29.93,27.39,8.17,2.53,30.36,0.11,1002.53,drought,1
5.5,23.19,32.01,7.97,2.11,39.59,0.7,1020.9,none,0
14.29,27.57,69.01,25.76,3.07,34.67,0.43,1015.25,none,0
3.2,24.09,42.67,18.2,4.99,38.02,0.39,1017.3,none,0
29.69,27.57,27.59,16.34,4.55,39.09,1.62,1014.71,none,0
62.63,33.97,71.45,17.95,5.18,34.86,0.11,1008.07,flood,1
79.25,25.93,80.03,113.25,2.92,23.24,0.16,990.42,cyclone,2
46.84,22.4,65.32,7.68,10.7,58.5,0.19,1000.82,flood,2
87.99,36.44,59.16,8.34,6.82,75.62,0.11,1014.65,flood,1
16.65,29.72,56.29,7.61,3.17,32.68,0.34,1016.53,none,0
86.28,27.13,40.76,15.09,10.69,73.25,0.0,995.71,flood,2
108.45,39.87,82.04,67.6,2.62,35.48,0.12,989.68,cyclone,2
6.05,33.31,76.05,5.39,3.97,26.5,0.05,1006.54,none,0
4.75,23.39,32.67,23.45,2.09,6.35,0.31,1015.45,drought,1
26.91,26.23,47.73,9.39,2.99,33.53,0.06,1020.42,none,0
16.24,24.72,55.21,11.41,3.26,23.08,0.04,1016.13,none,0
11.79,15.09,39.1,23.2,2.45,48.07,0.55,1013.64,none,0
19.78,16.48,69.89,9.42,2.73,57.48,9.55,1019.36,earthquake,2
3.84,22.77,58.57,17.49,3.57,17.3,4.69,1014.15,earthquake,2
5.36,30.11,71.78,10.09,3.28,34.1,0.04,1012.51,none,0
7.92,24.67,54.66,7.9,3.77,20.4,0.27,1008.3,none,0
40.57,31.78,100.0,99.0,3.94,21.37,0.9,970.69,cyclone,3
13.34,29.19,44.85,14.4,2.71,26.93,0.0,1009.94,none,0
20.08,24.59,53.77,15.89,2.22,9.83,0.18,1004.69,none,0
2.78,31.13,66.78,7.18,2.19,30.09,6.54,1012.4,earthquake,1
8.35,32.36,60.41,14.04,2.34,17.91,0.11,1003.54,none,0
16.8,24.79,63.83,35.62,3.54,31.79,8.26,1009.45,earthquake,2
14.68,31.49,83.8,7.58,1.91,20.76,0.64,1019.88,none,0
3.88,29.33,43.18,2.55,3.25,49.35,0.91,1007.39,none,0
13.93,28.15,49.27,6.83,3.51,26.05,0.3,1007.79,none,0
13.51,32.04,100.0,19.77,2.8,46.85,0.18,1013.34,none,0
7.48,30.66,51.38,8.25,2.33,51.2,0.2,1002.15,none,0
54.26,28.18,82.18,6.02,12.45,45.51,0.08,995.09,flood,2
25.54,18.47,56.14,8.12,2.47,29.16,0.35,1009.19,none,0
22.46,23.27,73.71,13.19,4.12,37.22,1.01,1007.4,none,0
11.51,32.51,78.93,10.99,4.14,10.65,0.1,1024.9,none,0
3.92,31.77,60.3,1.79,2.34,4.4,0.36,1004.36,none,0
105.25,34.43,74.32,14.42,4.81,66.37,2.32,1010.83,flood,1
32.97,25.15,78.24,23.61,3.8,49.14,0.51,1005.92,none,0
103.88,26.47,77.6,9.74,4.8,66.26,0.98,1015.54,flood,2
9.48,28.91,35.72,20.36,3.26,22.68,0.01,999.7,drought,1
15.87,28.76,67.43,8.39,2.79,39.01,1.74,1003.78,none,0
12.93,29.0,54.85,11.56,3.78,20.41,6.17,1006.35,earthquake,2
15.56,30.8,47.32,1.61,2.25,13.43,0.15,1008.26,drought,0
11.5,27.82,77.96,6.99,4.18,33.75,0.23,1010.56,none,0
5.73,31.48,67.4,0.43,2.84,47.7,6.14,1010.06,earthquake,1
55.26,31.71,90.42,17.13,5.23,48.64,0.01,1007.26,flood,1
34.53,23.41,70.5,27.11,2.93,27.61,0.32,1016.97,none,0
4.21,26.88,42.82,11.92,2.47,29.44,1.04,1015.11,none,0
15.8,31.5,44.65,2.57,2.61,41.25,0.18,1016.39,none,0
91.32,28.81,100.0,10.09,8.7,54.07,0.16,1004.98,flood,2
15.05,34.83,60.64,4.02,1.72,36.95,0.51,1017.81,none,0
31.61,30.02,45.82,11.84,1.3,27.98,0.43,1018.31,none,0
51.41,23.78,52.52,2.23,1.16,32.42,7.06,1018.64,earthquake,1
24.49,30.13,83.78,17.75,2.68,22.02,0.02,1021.74,none,0
25.42,26.37,64.88,7.72,4.3,29.08,0.25,1016.09,none,0
7.44,26.84,50.99,3.73,4.44,15.21,0.36,1008.41,none,0
7.56,25.91,71.2,4.8,3.56,40.66,0.21,1014.78,none,0
24.09,27.47,60.78,13.88,2.43,39.51,0.41,1012.09,none,0
21.97,34.08,73.29,19.51,3.26,14.95,0.36,1016.52,none,0
13.8,32.71,32.49,2.94,4.53,44.22,0.25,1014.02,none,0
16.17,20.1,64.96,11.4,3.69,36.3,5.41,1009.69,earthquake,1
13.1,20.88,70.75,12.26,2.67,41.65,6.75,1015.43,earthquake,2
1.66,19.98,57.74,6.11,2.83,25.1,0.14,1014.7,none,0
13.79,29.07,41.37,21.11,4.08,15.97,0.04,1001.83,none,0
23.25,28.65,66.44,5.45,3.8,24.58,0.26,1011.84,none,0
18.34,26.72,73.7,98.14,4.14,23.99,0.59,983.31,cyclone,2
216.79,30.33,66.15,3.87,4.21,59.83,0.21,1007.18,flood,2
59.73,19.49,92.0,17.85,3.35,37.81,0.21,981.31,cyclone,1
3.58,26.53,52.4,11.49,3.23,0.0,0.99,1015.0,drought,1
125.37,31.18,86.13,76.86,2.71,9.59,0.08,996.3,cyclone,2
143.01,32.8,74.46,7.2,5.96,71.84,0.14,1008.66,flood,2
7.64,35.41,75.03,3.95,4.0,41.32,6.46,1007.85,earthquake,2
33.1,36.17,69.3,10.78,4.09,25.92,0.0,1005.35,none,0
77.97,28.45,71.06,4.72,6.29,56.82,0.19,1003.3,flood,2
19.15,19.22,59.35,2.2,2.78,50.06,0.56,1007.84,none,0
101.23,29.34,81.17,11.82,8.24,57.48,0.94,996.44,flood,2
34.43,37.55,51.7,3.35,3.35,10.98,0.07,1000.85,drought,1
9.04,24.71,77.43,13.96,3.54,31.02,0.61,999.15,none,0
220.65,39.3,73.54,4.43,12.3,62.31,0.77,1007.49,flood,3
32.77,33.68,58.99,4.79,1.84,37.22,0.38,1016.72,none,0
13.63,28.08,74.6,0.85,3.39,63.69,0.17,1019.41,flood,0
23.77,30.19,65.15,22.66,3.4,30.28,5.43,1013.91,earthquake,2
62.88,23.66,71.54,7.03,8.01,84.03,0.11,1021.64,flood,1
61.9,29.52,74.93,98.62,4.53,25.16,0.3,966.4,cyclone,3
6.5,17.14,53.32,10.26,3.26,33.59,4.18,1002.95,earthquake,1
11.89,29.36,79.5,7.53,2.02,43.27,8.15,1009.72,earthquake,2
83.44,31.19,100.0,105.61,4.32,47.14,0.03,989.26,cyclone,2
48.48,21.12,67.82,27.22,3.86,25.47,0.35,1023.38,none,0
22.77,35.15,54.62,94.14,1.24,25.56,0.14,980.56,cyclone,2
12.44,29.41,47.55,4.57,2.23,37.95,5.93,1018.67,earthquake,1
68.4,24.27,59.55,156.93,0.51,40.15,0.67,979.45,cyclone,2
97.22,26.17,73.8,60.38,2.76,55.27,0.02,991.64,cyclone,2
7.03,26.42,64.03,4.99,3.96,35.15,0.03,998.99,none,0
13.17,27.84,52.76,13.31,2.58,25.19,0.26,1007.52,none,0
30.37,22.62,63.8,18.13,2.87,43.47,5.27,1019.25,earthquake,1
102.98,15.32,100.0,97.36,4.1,24.51,1.29,980.74,cyclone,3
13.19,25.3,57.57,19.45,2.68,21.22,0.11,1009.22,none,0
118.84,23.05,59.94,3.36,5.3,67.67,0.13,1010.85,flood,1
6.96,22.58,100.0,17.07,3.02,34.29,0.86,1006.57,none,0
226.67,21.05,95.84,9.8,12.01,76.21,0.05,1005.23,flood,2
3.15,35.84,22.39,8.53,2.27,20.06,0.26,1015.86,drought,0
64.85,30.5,86.68,124.39,3.84,22.3,0.41,994.46,cyclone,3
14.85,32.6,30.63,23.34,2.59,37.67,0.56,1023.07,none,0
21.33,39.04,80.97,15.97,3.76,32.12,0.83,1005.94,none,0
100.32,28.91,99.24,145.55,4.44,0.54,0.16,958.79,cyclone,3
34.2,31.31,61.23,10.06,3.21,19.85,5.08,1006.33,earthquake,2
15.77,30.58,46.13,0.98,3.56,56.71,6.2,1005.51,earthquake,2
85.26,32.33,56.41,146.91,0.45,34.47,0.66,975.96,cyclone,2
22.45,16.11,52.06,6.6,2.33,55.51,5.14,1017.88,earthquake,1
0.0,32.99,32.09,3.77,3.95,36.25,0.16,1019.11,drought,0
13.58,29.92,34.21,28.08,3.51,31.78,0.19,1009.52,none,0
39.75,27.39,82.19,211.86,0.6,40.01,0.07,980.82,cyclone,2
53.85,22.07,100.0,89.61,4.4,23.76,0.25,979.26,cyclone,2
144.76,34.38,79.81,22.41,16.03,90.71,1.02,1009.09,flood,3
18.53,26.22,65.01,4.89,3.02,27.32,0.02,999.6,none,0
44.01,29.68,45.81,5.49,2.66,7.72,0.02,1009.62,none,0
173.07,32.38,44.66,16.76,7.89,85.42,1.02,1005.92,flood,3
17.26,18.25,66.47,18.75,2.74,46.36,0.72,1023.09,none,0
9.79,25.84,52.73,14.34,2.48,21.95,0.06,1008.05,none,0
23.18,32.37,82.16,69.06,4.2,33.99,0.02,959.98,cyclone,2
43.1,38.8,64.78,71.69,3.61,9.21,0.38,979.43,cyclone,2
1.97,47.65,46.69,18.69,3.19,20.29,0.66,1017.35,drought,1
0.0,40.99,37.57,15.99,2.4,30.85,0.12,1003.56,drought,0
8.32,20.8,76.18,9.79,2.78,18.0,0.12,1008.32,none,0
6.81,24.61,88.22,22.02,3.09,31.98,0.27,1005.74,none,0
138.25,20.26,22.42,6.99,11.86,61.63,0.04,1013.89,flood,2
4.53,23.44,68.99,15.0,3.48,31.34,0.03,1011.01,none,0
45.41,27.94,52.14,7.3,8.31,86.56,0.2,993.06,flood,2
21.17,24.59,43.44,11.91,3.31,35.02,5.37,1004.71,earthquake,2
0.69,32.55,54.84,7.4,2.14,31.53,0.7,1014.5,none,0
20.41,25.63,62.48,22.56,3.89,49.84,0.66,1014.36,none,0
17.14,26.28,40.24,7.47,2.89,21.93,0.07,1031.12,none,0
28.42,30.13,57.2,20.05,1.17,27.68,0.45,1008.47,none,0
8.74,11.32,69.25,11.96,3.96,29.23,0.05,1010.15,none,0
73.94,27.39,87.87,5.24,8.21,45.0,0.01,1019.06,flood,1
121.73,23.24,100.0,140.83,3.57,25.99,0.25,997.64,cyclone,3
60.73,28.53,84.06,40.23,2.97,45.93,0.53,1003.66,cyclone,1
85.47,32.58,100.0,114.56,2.5,38.65,1.07,977.02,cyclone,3
8.36,28.8,86.17,2.7,4.57,46.27,0.0,1016.44,none,0
14.38,18.88,78.66,3.04,2.87,32.09,0.34,1020.19,none,0
6.13,25.89,53.72,22.77,5.42,36.44,7.54,1017.42,earthquake,2
27.1,23.98,52.32,12.8,3.19,43.52,8.64,1021.23,earthquake,2
6.47,29.75,78.41,11.42,3.53,53.31,0.74,1005.59,none,0
14.82,25.46,90.65,27.5,2.05,52.93,0.37,1013.99,none,0
131.9,23.54,61.25,50.7,3.47,18.9,0.34,966.77,cyclone,3
0.0,25.07,58.11,4.39,1.93,0.0,0.42,1028.99,drought,0
101.19,29.82,61.21,86.83,2.44,48.93,0.39,968.94,cyclone,3
121.4,22.63,65.18,6.95,7.27,47.73,0.43,1002.72,flood,2
39.04,30.55,86.22,97.02,3.06,40.09,0.33,979.36,cyclone,2
20.88,34.4,49.46,17.41,2.94,43.76,5.34,1008.77,earthquake,2
5.04,29.99,47.03,16.08,2.14,42.24,0.46,1025.71,none,0
113.36,25.68,59.21,1.73,5.71,63.89,0.6,1023.21,flood,2
128.72,27.62,63.0,29.71,9.23,86.45,0.16,1020.89,flood,2
25.67,31.77,0.0,3.72,4.28,0.0,0.06,1013.79,drought,1
37.2,26.59,50.02,9.39,2.64,25.91,5.54,1008.6,earthquake,2
35.66,26.72,60.48,14.41,3.25,45.09,0.26,1019.77,none,0
96.65,23.56,55.14,8.18,7.56,65.25,0.43,1008.97,flood,2
18.72,26.83,71.93,14.27,0.48,51.02,0.27,1020.98,none,0
1.72,25.34,48.71,18.32,2.41,0.0,0.15,1008.29,drought,1
115.26,29.16,100.0,108.87,3.04,43.35,0.03,989.42,cyclone,2
131.1,32.34,73.08,17.59,11.05,62.13,0.5,1019.89,flood,2
95.82,35.69,100.0,60.66,3.02,37.43,0.62,1008.44,cyclone,2
63.98,17.45,93.96,7.77,12.51,63.5,0.47,1012.66,flood,2
19.18,27.75,64.89,25.23,3.27,20.92,0.24,1014.23,none,0
50.4,20.43,100.0,3.52,7.3,44.68,0.01,1009.76,flood,1
72.84,27.77,79.47,75.5,1.69,53.21,0.34,1005.81,cyclone,1
93.58,27.78,85.75,9.25,5.64,62.75,0.03,1001.91,flood,2
2.51,30.11,79.85,10.11,3.22,30.87,0.21,1011.96,none,0
17.02,32.22,68.39,85.38,1.66,38.97,3.33,984.4,cyclone,2
152.81,23.08,63.75,12.8,11.57,74.57,0.2,1004.86,flood,2
20.83,20.19,52.29,10.92,3.1,51.55,5.55,1012.43,earthquake,1
8.6,33.98,74.09,20.32,2.39,49.57,0.16,1005.59,none,0
93.54,30.92,78.93,17.66,3.59,69.05,0.61,1006.77,flood,1
181.52,16.77,74.47,7.35,9.57,74.66,0.13,1000.02,flood,2
50.48,28.43,53.9,145.73,1.89,43.03,0.46,966.33,cyclone,3
194.88,33.27,74.91,54.85,3.83,40.99,0.14,984.52,cyclone,2
67.39,29.31,100.0,93.73,3.37,46.94,0.04,985.46,cyclone,2
1.02,29.15,59.44,1.84,2.23,57.31,8.57,1017.38,earthquake,2
57.54,23.82,60.3,25.25,3.76,11.43,0.05,978.68,cyclone,2
54.2,31.7,70.5,107.57,3.48,40.54,0.2,979.53,cyclone,2
43.9,32.76,17.44,16.11,2.98,0.0,0.19,1010.82,drought,1
59.88,27.26,59.07,5.26,2.63,44.0,5.47,1007.85,earthquake,2
13.08,32.52,42.46,3.6,2.9,25.85,0.02,1014.51,drought,0
80.88,31.97,75.6,12.32,8.51,69.81,0.33,1005.96,flood,2
5.4,29.3,76.69,8.04,1.64,40.44,0.96,1012.34,none,0
10.63,24.79,38.09,20.12,3.86,36.33,0.15,1007.14,none,0
92.56,30.7,97.74,9.83,9.87,52.02,0.22,1005.99,flood,2
15.86,18.34,61.41,13.25,3.15,31.07,7.15,1011.42,earthquake,2
7.56,27.21,36.19,7.18,2.97,36.8,1.54,1011.41,none,0
92.19,36.03,80.64,12.01,6.7,68.76,0.04,1013.11,flood,1
199.36,26.51,98.05,14.27,7.74,64.37,0.81,1014.49,flood,2
15.56,21.9,58.2,2.95,3.44,40.32,1.18,1021.38,none,0
112.28,21.56,77.79,5.28,4.13,84.42,0.04,992.5,flood,1
33.71,19.66,86.42,50.36,3.91,48.85,0.49,963.07,cyclone,2
23.16,16.01,43.94,0.44,4.09,29.51,6.42,1010.72,earthquake,2
86.99,28.74,70.46,4.16,5.4,82.76,1.9,1014.22,flood,1
6.07,27.12,69.69,2.47,3.1,46.59,0.26,1017.48,none,0
15.11,29.01,25.76,9.48,2.52,44.42,0.21,1009.22,none,0
13.0,30.55,44.38,8.5,2.78,27.25,4.11,1008.89,earthquake,1
1.42,25.33,48.9,13.54,3.77,32.4,0.08,1012.11,none,0
2.92,23.01,62.98,16.4,3.37,28.31,0.35,1005.41,none,0
40.0,22.24,100.0,57.57,4.04,36.76,0.78,981.67,cyclone,2
26.4,23.89,75.28,6.43,2.35,30.34,0.27,1028.26,none,0
228.24,26.35,74.85,15.13,6.68,66.71,1.05,997.6,flood,3
35.41,30.86,83.93,155.86,4.12,40.59,0.18,986.7,cyclone,2
0.0,33.66,14.88,10.56,2.97,0.0,0.31,1009.17,drought,1
85.44,29.65,63.5,7.94,6.45,69.53,0.12,1000.39,flood,1
9.85,28.76,50.01,3.06,2.09,15.33,0.88,1018.55,drought,1
7.61,29.34,86.32,7.2,3.2,30.16,0.7,1010.44,none,0
33.88,24.36,47.44,23.9,5.05,36.51,0.39,998.1,none,0
10.68,26.8,41.51,6.28,1.37,30.92,5.35,1006.85,earthquake,1
76.49,26.18,81.68,123.06,3.41,24.87,0.22,999.05,cyclone,2
16.74,31.28,73.56,8.36,3.31,12.36,0.05,1023.94,none,0
4.86,23.12,61.76,5.85,3.41,12.6,0.81,1013.1,none,0
11.74,20.15,75.41,13.09,3.0,31.44,0.08,1013.36,none,0
89.91,32.63,93.89,184.18,2.64,29.55,0.38,957.15,cyclone,3
8.22,37.24,30.26,16.7,3.0,12.11,0.62,996.86,drought,1
3.64,26.74,70.45,27.78,2.78,33.83,6.69,1012.05,earthquake,2
15.87,28.94,34.91,1.14,3.16,21.16,0.38,1008.14,none,0
12.7,25.51,51.52,5.2,3.75,56.11,0.04,1015.67,none,0
5.54,27.93,66.85,8.48,2.19,40.01,6.96,1013.41,earthquake,1
112.63,25.54,100.0,43.02,3.61,51.26,0.23,971.85,cyclone,2
10.96,32.64,46.77,2.48,3.58,51.06,0.37,1017.52,none,0
5.9,28.9,55.14,18.26,3.06,44.38,0.15,1032.84,none,0
41.86,25.72,99.81,13.22,8.69,58.11,0.12,1001.54,flood,2
2.24,23.62,74.62,8.02,4.13,43.75,0.65,1022.52,none,0
14.04,26.24,52.11,21.65,5.11,51.25,0.98,1022.47,none,0
4.52,18.75,41.17,6.17,2.77,15.42,0.18,997.65,none,0
70.99,34.68,100.0,66.12,4.97,20.61,0.13,980.19,cyclone,2
19.16,25.47,49.31,13.5,3.4,36.0,0.17,1016.27,none,0
39.79,33.89,59.87,16.92,3.68,34.49,1.32,1010.16,none,0
25.9,26.75,44.26,7.13,1.72,31.68,6.79,1012.63,earthquake,2
30.51,21.37,79.22,12.08,2.66,34.27,4.53,1016.82,earthquake,1
9.74,19.18,72.65,3.78,3.12,27.68,5.34,1005.6,earthquake,2
34.68,32.13,24.95,24.45,3.54,0.17,0.27,1015.57,drought,1
21.16,25.75,61.72,11.25,4.81,33.48,0.01,1015.57,none,0
137.65,22.23,100.0,9.44,7.64,69.04,0.37,1005.95,flood,2
15.92,26.97,63.49,3.68,2.85,38.94,7.89,1003.25,earthquake,2
0.0,36.28,17.51,13.32,2.83,1.22,0.15,1022.73,drought,1
41.68,29.79,75.77,15.07,5.91,86.25,1.15,1005.14,flood,2
117.59,25.66,79.55,18.47,8.86,49.54,0.53,994.84,flood,3
2.36,22.9,70.99,8.27,4.59,10.44,0.02,1009.76,none,0
14.02,22.46,61.75,2.28,3.17,35.53,0.24,1011.15,none,0
31.63,31.4,83.56,109.52,4.79,41.09,0.73,972.04,cyclone,2
2.05,23.62,71.18,11.26,4.6,40.77,0.12,1017.62,none,0
81.85,30.72,84.31,81.99,0.82,38.7,0.05,977.88,cyclone,2
109.05,27.64,79.73,60.15,2.84,24.63,0.21,985.82,cyclone,2
17.86,27.04,66.87,8.7,4.75,40.26,0.29,1019.08,none,0
1.67,31.74,78.06,14.92,3.35,42.59,5.98,1018.84,earthquake,2
85.46,30.64,92.53,11.09,6.12,53.83,0.25,995.65,flood,2
30.97,25.56,55.42,13.88,3.47,35.45,7.48,1009.86,earthquake,2
22.13,25.2,58.2,11.37,4.07,24.53,0.47,1023.28,none,0
95.15,26.74,88.07,5.04,10.44,70.85,0.89,1007.42,flood,2
95.15,29.65,89.77,103.08,1.67,48.35,0.11,976.08,cyclone,2
10.08,39.63,46.71,10.84,3.37,0.0,0.8,1001.72,drought,1
17.42,30.63,72.8,9.46,2.83,68.86,0.46,1006.47,flood,0
70.54,22.21,77.37,84.64,3.32,61.0,0.53,984.84,cyclone,2
141.31,29.18,75.6,38.45,3.48,8.93,0.23,975.81,cyclone,3
14.27,18.95,83.8,13.44,4.16,38.02,0.1,1013.09,none,0
98.7,30.95,95.35,79.19,3.64,37.2,0.08,971.38,cyclone,2
12.99,21.76,43.29,2.44,1.87,22.68,0.54,1000.2,none,0
5.7,31.56,55.46,3.01,3.68,24.62,5.12,1008.86,earthquake,1
44.36,29.31,90.41,4.75,6.64,44.22,1.08,1009.17,flood,1
123.24,26.17,89.91,5.53,7.55,66.35,0.1,1005.58,flood,2
35.79,27.22,90.96,11.92,3.94,59.07,0.07,997.07,none,0
125.71,27.16,59.22,5.05,6.24,75.12,0.36,1003.19,flood,2
6.64,16.88,84.39,16.22,2.37,12.29,0.89,1015.77,none,0
104.21,26.15,32.9,11.06,9.07,61.74,0.09,990.97,flood,2
14.48,32.89,75.2,14.67,4.77,51.07,0.35,1014.81,none,0
8.91,30.75,39.3,14.83,3.55,0.09,0.8,1015.65,drought,1
84.94,30.8,100.0,85.55,4.63,51.57,2.22,967.8,cyclone,3
159.21,16.55,85.49,11.72,9.12,90.02,0.03,1009.86,flood,2
265.27,25.46,64.79,6.8,12.63,51.93,0.81,1009.26,flood,2
14.25,34.07,53.57,20.32,2.21,13.47,0.47,1003.31,drought,1
12.97,43.46,35.72,18.96,3.95,20.99,0.21,1017.75,drought,1
62.54,22.14,67.76,92.1,2.72,50.42,0.79,987.26,cyclone,2
49.8,32.74,37.26,5.11,4.27,38.27,0.16,1014.05,none,0
11.78,28.68,39.54,29.06,4.42,46.25,0.03,1005.14,none,0
71.73,23.41,63.04,62.4,3.52,35.81,0.68,972.77,cyclone,2
8.52,23.37,36.74,4.0,2.64,35.18,0.02,1004.15,none,0
78.68,25.28,42.63,113.83,2.24,33.63,0.22,971.27,cyclone,2
40.18,28.42,50.64,10.24,3.08,38.67,0.02,1011.44,none,0
25.03,33.65,68.88,4.36,1.69,43.53,0.08,1015.96,none,0
3.63,28.07,37.32,3.94,3.77,1.22,0.24,1009.21,none,0
124.85,26.29,97.17,4.51,7.52,55.56,0.08,995.81,flood,2
122.1,21.67,81.68,214.32,3.07,70.01,0.52,1005.05,cyclone,2
22.84,27.42,69.06,5.32,2.27,42.18,8.02,1018.92,earthquake,2
134.63,23.52,53.11,11.63,5.28,60.89,0.02,1007.03,flood,2
13.81,29.0,48.01,9.64,4.23,46.12,5.73,1014.76,earthquake,1
22.24,29.98,38.62,18.47,2.63,31.99,0.06,1008.99,none,0
52.67,27.05,89.26,61.79,5.23,62.76,0.16,984.01,cyclone,2
87.52,20.55,42.04,16.36,7.38,60.52,0.2,1008.87,flood,2
105.69,27.61,85.72,45.85,1.73,35.62,0.87,985.19,cyclone,2
148.65,29.43,76.49,123.78,3.37,41.77,0.15,972.64,cyclone,3
4.31,25.78,56.04,16.23,2.63,28.74,5.19,1005.71,earthquake,1
13.57,23.57,50.92,17.01,3.8,32.13,0.03,1007.01,none,0
14.15,25.62,58.32,21.07,4.04,38.29,0.16,999.15,none,0
73.44,29.09,65.54,6.57,4.04,30.44,0.29,991.02,flood,1
6.82,23.5,51.35,22.22,4.52,53.05,0.05,1015.75,none,0
36.88,35.85,99.05,182.36,2.64,45.78,0.51,984.54,cyclone,2
60.15,38.21,78.54,58.68,3.93,22.89,0.27,973.12,cyclone,2
20.39,26.37,53.25,27.02,3.13,42.38,0.4,1011.63,none,0
16.6,13.29,48.61,27.09,4.01,26.28,0.12,1012.61,none,0
7.03,25.97,77.77,3.04,2.78,31.18,0.02,1019.5,none,0
11.6,27.8,58.46,27.21,3.71,38.82,1.06,1019.42,none,0
115.03,35.71,77.1,73.08,3.73,22.69,0.08,981.7,cyclone,3
3.1,20.13,61.46,11.26,2.97,45.3,6.81,1006.85,earthquake,2
5.56,29.7,36.0,7.81,5.05,13.01,0.41,1017.24,drought,1
7.7,22.46,57.15,18.79,4.11,48.12,0.16,1012.48,none,0
61.08,27.29,69.19,109.08,5.65,36.2,0.1,991.5,cyclone,2
89.44,30.24,55.69,5.77,3.87,53.96,0.04,1011.08,flood,1
3.59,25.45,66.91,4.98,1.63,47.13,0.42,1018.4,none,0
19.9,28.43,50.2,9.47,1.47,26.93,0.26,1008.56,none,0
13.1,31.23,43.18,5.15,3.49,40.67,0.63,1026.85,none,0
67.05,29.91,91.81,16.81,11.15,74.37,0.08,1033.57,flood,2
15.2,27.24,44.21,15.58,3.52,65.17,7.16,1005.65,earthquake,2
7.74,12.48,42.61,11.22,3.57,42.83,0.37,1007.7,none,0
2.62,26.32,89.81,22.72,2.41,17.37,0.5,1011.92,none,0
39.24,24.94,65.61,19.78,3.06,27.07,0.57,1017.06,none,0
109.64,30.56,77.8,31.85,5.67,58.51,0.46,1002.94,flood,2
44.84,22.95,100.0,158.64,3.68,27.72,0.06,963.19,cyclone,3
2.29,22.96,80.07,1.66,1.48,36.11,0.64,1011.78,none,0
14.69,27.64,57.9,22.48,3.56,31.2,0.11,1006.49,none,0
11.12,27.07,58.59,24.44,3.03,33.76,0.02,1016.66,none,0
18.38,28.72,16.61,14.88,0.45,15.61,0.5,1009.24,drought,0
103.08,26.33,83.27,89.23,1.47,30.08,0.53,988.22,cyclone,2
115.4,32.64,95.79,6.76,3.21,39.21,0.03,1009.4,flood,1
41.08,24.37,74.36,5.13,4.62,90.59,0.2,1005.72,flood,1
12.57,25.77,37.38,7.89,3.11,24.55,0.15,1012.81,none,0
16.46,34.61,43.14,20.23,2.63,47.43,0.25,1002.44,none,0
62.18,25.56,89.18,8.01,8.26,92.76,0.24,990.41,flood,2
149.25,37.25,73.24,3.78,6.87,88.35,0.0,1005.46,flood,2
67.59,30.28,66.97,7.07,12.4,66.42,0.04,1016.47,flood,2
108.41,28.58,70.13,16.01,6.45,71.19,0.91,1008.22,flood,2
178.53,25.71,86.15,0.8,4.79,88.59,0.02,1007.75,flood,2
159.83,26.47,95.46,171.85,2.83,29.72,0.07,980.24,cyclone,3
28.84,28.43,80.32,29.74,4.16,21.2,0.23,1000.02,none,0
24.82,21.65,46.57,7.04,1.56,27.47,6.54,1005.26,earthquake,2
76.64,23.83,100.0,53.86,3.0,49.92,1.73,993.65,cyclone,2
38.44,16.94,66.0,14.36,3.61,36.97,0.33,1001.82,none,0
5.27,24.1,51.38,10.52,1.52,31.95,0.6,1015.01,none,0
96.21,26.51,61.48,66.79,1.22,46.35,0.66,988.46,cyclone,2
143.42,27.18,68.21,11.61,7.38,43.9,0.05,1001.61,flood,2
9.91,25.01,76.66,8.49,4.69,26.15,0.62,1009.45,none,0
8.06,37.13,40.58,13.34,2.12,26.65,0.6,1012.62,drought,1
8.39,35.52,22.36,4.84,1.29,25.37,0.01,1008.94,drought,0
87.71,17.02,78.3,9.29,10.48,50.85,0.23,1014.51,flood,2
55.25,24.91,56.44,103.93,2.8,38.17,0.24,973.73,cyclone,2
20.56,24.17,56.06,31.34,1.86,45.96,0.15,1031.12,none,0
10.97,25.42,72.59,14.3,3.52,39.83,0.58,1014.93,none,0
18.82,28.33,53.05,14.92,3.79,32.03,5.12,1012.95,earthquake,2
21.77,31.46,66.05,2.18,1.82,27.56,0.12,1023.16,none,0
8.31,23.83,64.16,22.55,2.59,34.21,0.23,1015.31,none,0
69.43,29.16,86.17,97.88,2.86,21.59,0.54,973.81,cyclone,3
0.0,40.71,50.01,3.54,1.28,4.43,0.4,1009.07,drought,1
25.88,26.4,66.15,19.43,3.69,24.31,0.0,998.46,none,0
137.25,26.34,80.85,7.19,8.78,60.01,0.8,991.72,flood,3
20.43,29.98,63.68,2.59,3.19,33.9,0.53,1012.77,none,0
20.61,27.8,61.58,3.53,2.9,32.32,1.37,1015.29,none,0
30.65,35.92,70.82,10.22,1.74,37.9,0.33,1007.14,none,0
44.89,25.82,79.82,9.93,6.6,39.65,0.11,992.62,flood,1
28.42,20.73,33.52,4.16,1.75,11.8,0.07,1002.84,none,0
12.83,24.84,61.09,4.4,4.33,29.4,0.74,1012.5,none,0
11.08,29.74,41.65,11.69,1.96,44.28,5.25,1006.16,earthquake,1
4.79,23.71,43.49,13.8,2.94,48.11,0.97,1021.1,none,0
18.59,29.79,39.71,9.43,2.65,35.21,0.4,1007.94,none,0
17.8,29.91,85.47,14.9,3.74,29.29,9.14,1035.88,earthquake,2
6.23,38.45,56.98,22.71,3.43,42.57,0.63,1003.07,none,0
34.15,23.23,45.03,22.48,1.5,32.06,5.91,1024.05,earthquake,2
15.58,22.87,54.71,2.32,2.35,16.66,0.62,1009.96,none,0
116.59,18.99,69.83,18.06,3.03,56.91,0.21,1004.02,flood,2
4.0,21.51,69.27,12.79,2.46,30.13,0.02,1016.8,none,0
2.1,21.09,53.89,13.22,1.92,32.98,0.31,1008.08,none,0
115.76,27.23,71.05,7.25,9.64,61.98,0.19,1008.52,flood,2
141.73,37.16,69.05,27.89,10.1,51.76,0.22,998.02,flood,2
19.65,30.65,64.17,11.05,1.59,22.59,0.19,1009.69,none,0
0.0,43.29,18.66,4.04,4.86,0.0,0.35,1029.96,drought,1
25.02,26.98,100.0,104.09,2.14,31.87,0.07,979.98,cyclone,2
16.65,25.59,69.17,14.82,2.14,26.34,0.92,1018.52,none,0
38.15,18.89,22.98,7.63,2.25,9.62,0.3,1013.78,none,0
2.05,28.73,75.39,23.04,6.13,50.7,0.02,1007.07,none,0
17.04,32.54,79.24,15.66,4.33,36.47,0.42,999.12,none,0
33.16,35.46,9.34,9.18,3.48,11.24,0.66,1012.74,drought,1
9.96,35.06,38.52,40.89,4.1,31.75,0.63,1033.13,none,0
257.99,26.16,72.95,5.4,7.7,62.87,0.73,1015.51,flood,2
98.56,31.89,78.99,9.26,8.03,55.53,0.38,1001.94,flood,2
97.33,29.35,65.18,2.59,4.94,45.91,0.24,1024.64,flood,1
11.63,25.55,95.46,8.24,2.79,23.38,0.07,1014.98,none,0
10.75,22.11,70.85,5.8,3.88,37.22,3.61,1019.77,earthquake,1
113.74,30.52,71.19,87.53,1.7,38.39,0.24,1002.59,cyclone,2
155.19,28.25,100.0,44.81,3.48,30.71,0.0,964.81,cyclone,3
169.14,22.62,77.56,137.71,2.36,39.31,0.03,1007.31,cyclone,2
17.26,30.48,55.51,13.76,1.59,4.88,0.44,1007.38,none,0
1.82,29.14,42.54,17.89,1.9,30.75,0.17,1007.67,drought,0
37.73,25.92,51.58,9.81,4.21,29.82,0.81,1011.5,none,0
6.62,23.47,66.53,7.76,2.83,17.94,0.67,1018.44,none,0
134.5,22.91,100.0,1.13,6.34,87.62,0.4,1001.74,flood,2
8.76,35.89,61.69,4.34,3.9,2.33,0.28,1006.19,drought,1
162.19,24.86,73.34,14.12,11.05,70.39,2.56,1011.74,flood,3
8.62,22.37,80.72,6.74,3.14,25.2,0.45,1019.79,none,0
19.43,26.5,52.1,6.12,3.73,43.2,4.08,1013.88,earthquake,1
61.03,28.36,72.35,12.98,2.74,20.56,0.38,1009.8,none,0
28.85,36.82,68.34,21.16,2.54,25.39,0.21,1019.61,none,0
80.99,27.1,65.35,12.77,8.73,77.92,0.35,1016.57,flood,2
0.0,39.38,28.12,6.3,2.34,21.76,0.05,1009.51,drought,0
6.17,26.31,65.57,17.09,1.92,38.01,0.44,1007.62,none,0
111.26,29.85,54.22,14.35,10.76,85.17,0.1,1011.98,flood,2
11.12,29.17,59.54,14.33,3.25,39.25,0.5,1013.66,none,0
16.75,30.14,27.46,4.15,3.85,2.21,0.32,1001.92,drought,1
21.93,27.1,73.24,8.34,4.61,35.44,0.49,1016.65,none,0
180.86,26.21,81.08,15.83,12.5,56.47,0.0,1015.98,flood,2
5.36,32.09,35.54,10.85,2.0,19.25,0.17,1017.14,none,0
18.51,33.61,93.34,10.85,3.9,65.57,2.62,1018.22,none,0
179.56,32.96,100.0,13.88,4.07,45.96,0.59,1018.04,flood,2
27.05,19.86,64.72,15.89,1.33,32.83,0.63,1009.72,none,0
80.42,29.59,89.63,41.06,1.18,10.67,0.06,959.44,cyclone,2
136.92,23.61,79.3,86.82,2.9,39.55,0.32,966.03,cyclone,3
105.95,22.69,76.34,9.64,9.25,80.34,0.0,1013.25,flood,2
2.88,26.21,39.1,18.24,3.86,1.46,0.15,1013.37,drought,1
23.37,24.95,41.82,16.02,4.97,16.75,1.23,1022.77,none,0
180.69,21.92,75.13,15.08,5.81,75.52,0.02,1009.1,flood,2
6.56,27.32,36.8,14.82,2.81,35.53,0.01,1008.69,none,0
29.43,30.71,39.02,10.1,4.31,35.62,0.59,1024.11,none,0
143.65,33.17,96.33,6.7,12.37,78.95,0.22,1005.29,flood,2
81.61,28.59,71.95,18.78,5.97,29.52,0.12,1002.55,flood,2
21.09,27.91,40.96,49.29,1.81,39.63,0.21,1004.32,none,0
24.82,38.49,68.33,14.31,4.19,26.67,1.24,1016.59,none,0
4.3,29.8,65.5,14.15,3.59,19.62,1.3,1030.59,none,0
99.0,30.85,73.7,112.74,2.41,59.88,0.39,962.61,cyclone,3
7.0,33.82,29.08,5.5,5.25,0.0,0.81,1011.43,drought,1
18.22,36.49,20.8,19.9,3.89,44.86,0.0,1012.79,drought,1
4.62,26.16,70.78,12.69,4.2,48.47,0.18,1005.35,none,0
17.27,19.42,63.51,11.77,2.02,28.92,1.07,1002.36,none,0
60.13,23.84,74.08,86.56,3.72,17.96,0.37,979.7,cyclone,2
15.37,30.67,51.47,3.19,2.83,36.67,0.03,1025.57,none,0
22.84,24.1,52.1,12.11,4.49,28.72,0.34,999.79,none,0
66.01,22.13,65.28,79.93,3.03,40.4,0.4,993.12,cyclone,2
14.89,20.36,39.67,37.69,3.51,27.56,0.23,1011.97,none,0
0.0,42.26,39.31,9.08,2.74,0.0,0.48,1010.61,drought,1
89.08,27.18,88.47,8.68,8.57,65.94,0.93,998.03,flood,2
14.05,20.49,73.09,12.16,1.17,49.63,0.16,1009.51,none,0
11.24,28.8,52.25,7.62,2.71,40.26,0.3,1012.76,none,0
99.01,27.43,100.0,23.15,3.97,12.56,0.04,984.1,cyclone,2
101.78,25.47,81.56,4.32,4.98,57.77,0.22,988.97,flood,2
8.51,27.91,56.71,1.59,1.72,26.64,0.1,1008.95,none,0
3.5,21.96,58.73,7.5,2.52,21.69,0.14,1032.55,none,0
18.75,31.75,43.74,7.36,3.93,31.26,0.0,1002.69,none,0
171.88,27.34,78.98,1.11,4.76,68.87,0.08,1016.44,flood,2
102.5,28.13,51.45,7.87,6.93,76.97,0.46,985.6,flood,2
0.0,36.34,41.9,3.58,4.33,39.17,0.77,1013.55,drought,0
63.05,21.67,100.0,160.35,3.24,43.94,0.69,982.92,cyclone,2
151.61,36.21,95.02,19.03,4.94,82.53,0.13,1006.58,flood,2
70.31,32.57,75.56,36.37,6.92,59.41,0.32,997.58,flood,2
95.06,29.31,79.88,52.84,3.6,22.15,0.45,973.14,cyclone,2
5.23,25.03,51.99,9.79,3.68,6.8,1.66,1016.34,none,0
26.64,33.15,26.78,14.01,2.97,30.68,0.23,1021.5,none,0
15.72,22.24,79.06,1.05,3.44,53.24,0.73,1028.22,none,0
18.65,25.5,84.44,22.85,3.7,14.66,0.85,1005.75,none,0
21.09,25.17,75.2,29.29,3.57,33.13,0.06,1006.9,none,0
27.51,19.05,55.76,13.87,3.72,21.52,0.31,1015.3,none,0
23.21,27.74,37.83,16.25,2.48,32.65,0.05,1009.89,none,0
31.12,30.6,63.2,15.82,1.16,13.49,0.05,1018.31,none,0
41.48,24.03,86.76,70.91,1.9,49.51,0.14,965.8,cyclone,2
99.02,28.09,94.73,10.35,6.52,55.23,0.07,1026.35,flood,1
15.33,35.97,49.25,13.33,2.94,50.74,0.12,1006.07,none,0
69.12,25.84,100.0,118.05,2.96,34.41,0.21,991.89,cyclone,2
13.53,33.86,73.03,13.2,3.6,28.92,0.02,996.16,none,0
5.2,23.72,38.16,10.67,0.77,10.52,0.77,1001.63,drought,0
50.22,29.93,70.87,105.24,3.44,42.78,0.09,970.69,cyclone,2
17.96,21.69,99.49,20.77,3.51,47.0,0.29,1019.03,none,0
67.64,28.74,84.75,45.1,4.62,27.89,0.11,991.38,cyclone,2
3.08,24.71,54.12,17.03,3.54,17.26,0.42,1007.42,none,0
256.4,30.2,99.67,14.42,5.43,53.7,0.36,999.27,flood,2
93.03,29.79,68.61,10.68,6.62,72.28,0.5,997.37,flood,2
27.35,33.14,33.88,0.85,3.56,45.26,0.21,1012.02,none,0
30.53,35.13,86.2,12.76,2.8,38.76,0.04,1027.56,none,0
115.02,26.64,82.82,7.73,5.76,83.57,1.95,1004.29,flood,2
88.46,28.51,90.86,54.95,2.97,35.92,0.6,995.45,cyclone,2
13.94,22.09,41.18,34.33,3.19,45.54,8.36,1005.32,earthquake,2
9.04,30.12,41.01,6.2,1.2,28.26,0.43,1012.5,none,0
34.27,31.53,37.33,33.43,3.51,31.11,0.49,1012.82,none,0
39.03,24.67,47.76,10.9,2.59,33.59,8.58,1021.92,earthquake,2
1.96,13.83,81.27,1.27,1.15,45.85,0.16,1019.7,none,0
38.83,25.23,87.49,12.94,2.98,37.5,0.53,1017.46,none,0
85.45,24.45,78.58,44.19,1.82,35.91,0.6,993.08,cyclone,2
10.85,28.05,59.36,9.77,1.24,33.59,8.5,1016.02,earthquake,1
49.76,26.53,51.83,2.95,8.94,61.9,0.53,990.85,flood,2
20.0,13.54,59.26,15.31,3.74,33.32,1.35,1014.34,none,0
22.82,29.13,44.89,0.96,2.37,0.0,0.76,1002.74,none,0
1.07,32.76,51.28,12.77,2.28,2.71,0.24,1012.3,drought,0
15.92,25.33,63.86,17.06,1.82,38.57,0.15,1024.08,none,0
47.9,32.43,80.3,32.18,2.71,44.76,0.01,996.91,none,0
155.0,33.57,69.27,32.16,8.73,56.21,0.28,1010.43,flood,3
10.64,30.58,64.24,9.91,4.57,37.09,0.18,1020.65,none,0
6.58,34.19,14.96,0.84,3.38,7.0,1.1,1013.43,drought,1
15.23,29.31,58.74,13.52,4.18,21.77,0.46,1014.08,none,0
85.99,22.11,70.28,177.91,1.71,29.5,0.78,995.46,cyclone,2
10.53,34.09,85.24,7.38,3.85,34.44,0.45,1014.95,none,0
1.81,35.19,28.01,13.15,2.58,38.53,0.68,992.72,drought,0
27.72,18.72,67.04,6.88,2.46,23.48,0.33,1019.09,none,0
7.16,29.41,64.74,8.67,1.94,46.17,0.65,1017.21,none,0
14.2,35.88,38.24,2.82,3.33,59.03,0.25,1013.86,none,0
20.54,37.64,61.77,11.54,2.26,23.67,0.5,1019.75,none,0
170.62,26.31,84.62,7.88,2.94,65.29,0.1,998.83,flood,2
8.23,25.31,65.93,4.52,3.07,41.11,6.9,1023.69,earthquake,1
55.53,27.79,77.39,7.25,1.8,16.71,0.24,1017.61,none,0
9.79,32.1,44.87,30.69,1.06,0.0,0.03,1009.06,drought,0
115.51,17.61,100.0,61.56,4.86,65.53,0.41,979.48,cyclone,2
14.53,30.58,36.02,11.3,2.61,16.75,0.12,1023.74,drought,0
134.86,29.66,79.95,60.52,4.25,43.95,1.31,997.73,cyclone,2
14.53,25.9,66.58,31.3,3.76,44.09,4.44,1014.01,earthquake,1
45.45,32.91,100.0,113.6,2.49,21.57,0.01,979.23,cyclone,2
107.62,16.99,96.63,75.21,4.26,20.1,0.42,985.39,cyclone,3
11.04,33.25,43.55,13.7,3.44,29.58,0.39,996.96,none,0
14.98,28.16,50.25,4.26,5.27,30.68,0.34,1009.71,none,0
8.07,36.19,0.94,8.2,3.7,23.04,0.24,1024.68,drought,1
31.73,24.82,66.09,17.76,3.72,28.46,0.35,1008.52,none,0
56.16,19.99,100.0,55.8,4.01,35.5,0.04,976.33,cyclone,2
160.62,29.74,51.17,19.87,4.0,35.97,0.4,1007.33,flood,2
3.83,21.39,49.12,19.22,2.58,40.9,0.96,1016.79,none,0
22.21,16.09,96.28,6.81,2.91,57.31,4.14,1018.78,earthquake,1
45.12,27.69,67.67,55.56,5.15,37.22,0.51,992.44,cyclone,2
127.93,35.81,56.19,4.86,3.92,64.82,0.11,998.6,flood,1
22.69,26.87,51.3,8.44,1.93,53.6,0.28,1019.73,none,0
34.65,37.34,20.77,12.2,3.66,0.0,0.03,1016.47,drought,1
89.86,25.05,67.05,9.27,4.76,81.35,0.23,1008.29,flood,2
3.74,28.23,50.46,5.89,2.79,30.97,6.39,1001.32,earthquake,2
153.11,35.55,82.69,7.63,3.27,43.3,0.72,1016.61,flood,2
17.15,32.76,79.55,1.37,3.3,51.74,0.38,1014.77,none,0
5.09,24.51,60.2,53.3,2.23,27.43,0.33,1012.53,none,0
54.54,31.72,86.46,64.29,2.92,42.35,0.17,996.0,cyclone,2
15.6,33.77,40.91,3.38,3.44,23.25,0.05,1013.03,none,0
136.33,36.57,58.29,3.59,2.08,75.81,0.01,1006.91,flood,1
22.21,34.97,33.87,3.24,4.34,0.0,0.26,1026.53,drought,1
266.18,24.14,72.96,10.04,11.87,73.32,0.07,1010.65,flood,2
31.46,30.49,55.83,9.6,2.22,40.56,0.07,1007.99,none,0
55.93,26.93,48.29,6.37,9.79,59.29,0.19,996.63,flood,2
114.03,16.21,63.12,3.6,8.89,64.88,0.92,1005.44,flood,2
37.72,18.75,64.48,10.16,2.89,41.93,0.33,1022.42,none,0
78.55,19.4,95.09,68.97,2.96,29.47,0.13,1002.63,cyclone,2
4.86,33.26,61.47,14.92,3.33,38.63,0.32,1021.64,none,0
55.89,28.52,63.69,26.48,6.21,58.91,0.33,1015.2,flood,1
20.59,24.32,43.4,4.29,3.01,41.58,0.03,1020.01,none,0
156.61,16.84,98.67,89.15,4.36,36.79,0.43,961.2,cyclone,3
11.54,31.37,79.41,13.1,2.12,21.97,0.08,1015.4,none,0
0.0,38.5,18.21,10.66,4.06,14.18,0.64,1014.64,drought,1
14.5,24.81,80.32,0.56,2.65,60.75,0.35,1019.35,none,0
13.86,25.87,79.73,11.28,2.59,50.92,6.64,1014.92,earthquake,2
13.44,31.7,55.59,19.74,4.08,28.0,0.1,1018.73,none,0
147.91,37.79,62.23,9.69,10.02,97.38,0.06,1013.79,flood,2
99.5,25.8,83.21,90.02,3.96,45.81,0.28,986.35,cyclone,3
0.0,22.28,32.85,20.82,3.36,3.83,0.4,1008.24,drought,1
9.24,24.63,31.73,5.61,2.47,26.22,0.39,1019.35,none,0
140.96,35.17,97.06,7.1,5.46,55.52,0.43,994.01,flood,2
8.6,31.28,65.77,9.73,2.76,21.64,0.75,1022.43,none,0
6.48,26.96,45.06,6.6,4.05,46.43,1.51,1020.86,none,0
14.59,23.39,65.37,15.27,2.89,60.85,0.07,1011.11,none,0
4.93,16.65,54.18,13.71,2.9,50.37,0.55,1014.83,none,0
8.79,35.44,49.13,17.23,2.89,52.44,8.68,1015.58,earthquake,2
14.73,24.84,52.32,14.92,2.38,33.65,0.37,1019.71,none,0
77.96,29.83,83.69,9.38,4.86,70.5,1.89,993.78,flood,2
14.16,31.18,33.93,5.79,4.25,8.13,0.38,1016.48,drought,1
14.41,29.76,73.38,37.43,2.91,36.34,0.34,1008.6,none,0
46.31,37.27,56.75,49.09,3.38,32.86,0.96,994.17,cyclone,2
73.92,32.33,90.55,39.75,2.56,38.57,0.11,983.69,cyclone,1
19.31,18.11,47.99,10.23,3.53,38.29,0.19,1024.56,none,0
151.96,29.66,77.6,16.44,6.33,69.11,0.2,1020.2,flood,2
19.09,27.15,52.74,7.92,3.29,36.06,0.03,1013.36,none,0
4.91,19.25,51.15,9.75,3.87,25.57,0.09,1009.96,none,0
154.27,29.83,82.97,18.33,5.08,65.58,0.1,1017.87,flood,2
13.51,30.5,61.48,4.13,3.73,28.8,0.66,1023.08,none,0
56.39,16.81,92.53,52.72,2.4,44.7,0.74,982.73,cyclone,2
41.11,26.23,69.86,48.16,2.44,56.61,0.47,1004.28,flood,1
15.25,27.52,51.15,12.22,2.85,16.85,0.1,1019.88,none,0
23.59,35.6,61.63,18.24,2.78,35.87,0.01,1000.77,none,0
41.27,27.79,86.39,42.22,4.56,31.58,0.1,964.35,cyclone,2
8.28,27.27,52.99,3.69,1.95,17.06,9.31,1007.74,earthquake,2
20.43,17.97,83.15,31.45,1.77,39.14,0.02,1009.7,none,0
4.47,27.57,35.67,3.54,4.12,31.08,0.87,1007.56,drought,0
37.3,24.03,100.0,48.85,2.98,28.55,0.11,1026.84,cyclone,1
53.81,17.22,89.11,66.37,3.27,27.41,0.28,976.98,cyclone,2
101.54,25.18,86.57,1.11,5.44,71.02,0.14,1027.51,flood,1
48.72,31.03,76.2,49.94,2.83,42.68,0.03,981.44,cyclone,1
188.4,28.04,59.04,9.24,5.55,62.68,0.36,1009.96,flood,2
28.21,22.94,64.2,4.09,2.76,32.09,0.16,1019.44,none,0
19.34,28.31,59.57,6.6,2.58,46.69,7.61,1014.79,earthquake,2
2.86,22.88,51.36,12.1,2.5,39.94,0.56,1001.89,none,0
133.37,25.55,86.03,30.69,9.02,83.71,0.31,1010.47,flood,2
86.51,28.41,96.25,60.37,3.74,16.06,0.24,997.24,cyclone,2
9.63,25.77,47.95,10.82,2.33,43.65,0.2,1008.23,none,0
11.34,31.41,45.96,6.95,3.37,57.54,5.44,1018.61,earthquake,1
10.27,30.5,44.7,2.97,2.36,49.09,4.96,1015.55,earthquake,1
7.27,28.17,52.68,25.03,2.84,32.76,7.36,1007.44,earthquake,2
5.19,27.93,70.44,13.63,4.5,33.1,0.44,1010.52,none,0
4.55,22.86,79.25,7.22,4.1,36.88,0.15,1009.57,none,0
40.38,43.74,32.67,11.58,3.35,10.67,0.67,1009.57,drought,1
3.9,20.94,44.71,35.53,2.93,32.04,0.07,1010.13,none,0
6.77,31.21,53.38,4.38,3.57,28.51,0.39,1001.19,none,0
27.0,29.1,91.93,16.21,3.1,52.51,4.58,1009.64,earthquake,1
15.64,25.37,60.01,13.17,3.6,27.87,0.15,1021.62,none,0
95.93,32.6,83.32,11.02,3.92,71.45,0.04,995.83,flood,2
0.0,34.07,26.37,11.03,2.5,8.55,1.88,1009.21,drought,1
7.17,25.09,62.53,3.56,3.66,37.37,0.5,1003.82,none,0
5.59,24.08,53.66,11.28,2.24,18.82,0.21,1020.47,none,0
16.63,30.5,82.66,82.45,2.97,24.82,0.7,981.76,cyclone,2
31.71,27.82,59.37,16.69,4.5,50.12,5.76,1012.89,earthquake,2
15.43,19.68,63.8,18.85,2.23,39.58,0.19,1005.1,none,0
29.25,38.4,49.58,13.57,3.9,0.0,0.2,1025.11,drought,1
48.48,27.42,67.26,2.41,1.85,61.54,0.29,1006.4,none,0
147.12,26.87,87.72,3.9,12.63,67.97,0.9,1009.84,flood,2
8.45,25.67,53.04,5.09,1.57,27.4,0.53,1008.14,none,0
7.29,29.96,64.1,12.97,2.29,29.74,0.06,1008.42,none,0
14.02,28.47,93.83,2.69,2.89,58.74,0.12,1012.21,none,0
4.08,29.33,51.37,16.54,3.7,48.53,0.23,1010.23,none,0
56.05,26.37,81.74,3.89,7.59,96.08,0.16,1015.94,flood,1
13.37,29.37,61.77,5.74,2.89,29.5,0.06,1002.41,none,0
16.25,17.61,59.04,5.66,1.75,25.42,7.28,1021.32,earthquake,1
43.4,39.81,64.67,9.31,2.51,30.95,0.02,1025.7,none,0
1.51,28.71,62.27,17.81,2.87,10.61,0.24,1013.23,none,0
49.41,36.13,65.11,100.94,2.95,40.33,0.12,975.66,cyclone,3
10.59,25.07,53.61,6.53,3.27,22.02,0.03,1019.37,none,0
13.74,26.13,74.75,6.44,2.49,31.06,6.59,1008.93,earthquake,1
19.34,28.15,55.25,8.51,3.13,33.61,0.1,1017.05,none,0
13.0,30.72,14.54,3.44,2.57,21.34,0.58,1004.83,drought,1
23.31,23.03,32.18,13.96,3.25,44.3,1.05,1008.24,none,0
0.69,38.42,46.16,1.51,2.41,26.46,0.78,1011.33,drought,0
27.18,32.2,33.16,28.11,1.7,9.13,1.26,1003.59,drought,1
17.23,31.35,50.78,2.47,2.77,30.14,3.99,1021.77,earthquake,1
91.31,29.39,79.82,5.89,11.42,61.29,1.41,1017.48,flood,2
24.95,24.05,64.26,7.2,4.27,44.26,4.28,1011.68,earthquake,2
62.19,24.75,64.75,105.76,3.22,17.9,0.36,980.03,cyclone,3
13.5,27.1,63.05,11.52,2.54,43.25,0.11,1022.0,none,0
39.08,31.22,61.75,6.62,9.57,90.65,0.67,1003.09,flood,2
39.61,30.74,69.25,8.83,1.89,46.87,1.15,1019.0,none,0
152.99,22.77,68.95,17.09,5.55,57.28,0.18,991.24,flood,2
77.56,25.38,100.0,127.9,5.85,41.1,0.08,974.02,cyclone,3
55.7,28.95,60.63,100.99,2.36,27.59,0.29,982.01,cyclone,2
11.96,37.55,31.13,24.27,2.8,34.05,0.12,1018.76,none,0
50.21,20.85,58.38,12.64,10.31,83.54,0.84,1008.91,flood,2
72.99,29.83,100.0,128.43,2.88,31.28,0.18,979.24,cyclone,3
8.18,24.78,52.08,11.52,4.04,49.7,0.27,1016.02,none,0
75.34,32.29,71.54,21.15,7.12,68.57,0.05,1008.76,flood,1
19.76,26.56,60.67,8.84,1.53,28.78,6.85,1014.45,earthquake,2
10.13,26.12,56.28,2.85,3.56,24.17,0.39,1020.75,none,0
82.8,24.86,68.15,2.78,16.86,50.0,0.51,999.89,flood,2
25.96,25.46,45.01,29.96,4.55,23.38,0.25,1014.33,none,0
18.75,22.14,57.59,2.81,4.29,16.54,0.13,1000.38,none,0
222.44,26.15,75.46,15.61,3.7,71.96,0.58,1001.63,flood,2
6.58,23.7,67.2,15.92,4.77,50.72,5.77,1016.21,earthquake,2
188.84,24.72,75.48,11.11,4.72,55.22,0.55,1006.69,flood,2
18.88,22.63,58.64,29.57,3.78,19.09,0.8,998.93,none,0
6.3,41.92,31.67,7.87,3.13,10.19,0.19,1011.35,drought,1
109.89,24.09,78.8,18.17,11.34,85.01,0.3,992.21,flood,3
6.82,26.56,66.41,12.24,1.69,48.86,0.09,985.06,none,0
83.56,28.76,74.98,89.02,2.93,38.25,0.06,991.02,cyclone,2
23.89,35.93,76.67,28.97,4.95,54.82,0.49,965.67,cyclone,2
118.85,19.55,56.6,2.19,3.55,40.4,0.05,1002.02,flood,1
2.44,22.98,40.89,19.97,1.53,39.58,0.76,1003.23,none,0
37.23,28.08,69.26,52.88,2.1,60.57,0.32,1003.22,cyclone,1
149.73,35.98,89.46,28.05,7.74,67.41,0.76,1010.78,flood,2
61.99,28.23,77.84,82.13,2.36,30.98,0.38,990.69,cyclone,2
18.89,25.19,62.1,7.94,3.3,45.59,1.06,1005.69,none,0
6.17,20.63,72.54,6.09,4.12,26.35,0.41,1024.24,none,0
23.77,22.73,41.59,8.79,2.13,40.5,0.32,1023.74,none,0
13.87,26.14,66.78,9.8,4.61,28.45,0.15,1014.5,none,0
10.37,29.02,59.71,27.71,2.99,32.67,0.53,1011.1,none,0
14.74,16.3,50.02,17.47,2.39,28.62,8.15,1024.96,earthquake,2
6.25,31.8,27.56,15.12,3.6,52.72,0.1,1009.8,none,0
78.37,28.33,94.31,68.66,2.95,36.2,0.74,967.26,cyclone,2
13.09,26.8,57.09,5.14,2.73,27.69,0.7,1005.55,none,0
0.0,23.52,21.74,7.91,4.27,8.93,0.24,1015.36,drought,1
8.82,27.81,86.18,14.32,4.54,28.99,4.26,1018.96,earthquake,1
91.14,27.66,67.19,2.78,7.56,63.62,0.23,993.47,flood,2
7.01,43.7,49.97,11.54,2.93,7.83,0.16,1005.01,drought,1
31.41,22.49,97.98,118.31,3.89,59.02,0.04,981.47,cyclone,2
119.09,25.46,87.12,33.84,4.99,32.76,0.12,1001.95,flood,2
8.01,16.35,37.23,19.8,2.61,47.65,1.5,1017.35,none,0
73.53,29.68,67.24,4.95,3.39,27.29,0.04,1009.43,none,0
77.22,26.36,65.77,6.83,9.19,56.78,0.88,1006.4,flood,2
157.14,29.96,100.0,5.76,11.43,77.39,1.87,1010.5,flood,3
1.77,32.18,71.96,14.65,3.61,28.41,0.04,1006.6,none,0
23.24,32.61,31.17,8.95,3.95,0.0,1.26,1021.65,drought,1
4.85,36.17,24.75,19.52,3.27,31.79,0.06,1011.38,none,0
94.32,25.68,73.52,116.31,2.67,58.96,0.23,978.93,cyclone,2
132.7,27.08,72.69,18.8,5.83,56.54,0.86,1006.95,flood,2
16.96,33.04,45.99,11.12,3.59,40.27,0.0,1002.06,none,0
9.7,33.46,61.28,15.88,2.01,62.76,0.24,1000.21,none,0
6.53,18.74,65.04,12.97,3.87,32.0,0.35,1019.37,none,0
96.6,36.12,58.22,5.03,5.36,94.37,0.12,995.82,flood,2
113.61,24.37,100.0,44.46,5.22,39.77,0.27,983.7,cyclone,2
58.55,36.18,73.14,28.77,5.89,46.53,0.31,1008.81,flood,1
29.21,29.91,55.12,9.9,3.07,21.75,9.55,997.31,earthquake,2
6.11,35.52,53.1,11.56,3.89,28.11,0.21,1020.22,none,0
23.68,33.43,74.99,14.74,0.86,45.31,0.15,1008.26,none,0
0.0,33.06,30.84,3.25,3.13,27.22,0.0,1010.77,drought,0
9.15,32.23,31.03,4.54,2.83,40.74,0.16,1019.29,none,0
17.51,28.05,57.32,13.85,3.73,53.59,2.13,1016.81,none,0
10.59,21.43,48.92,31.64,3.56,25.9,7.45,1028.85,earthquake,2
19.48,28.19,64.6,1.59,1.62,39.14,1.42,1006.71,none,0
53.36,27.56,95.44,75.54,3.94,25.91,0.42,1004.03,cyclone,2
101.37,26.49,82.45,19.5,6.32,75.76,0.59,1010.81,flood,2
0.0,35.79,49.97,16.3,2.7,18.41,0.69,1017.75,drought,1
148.04,24.74,100.0,31.76,3.81,56.73,0.18,982.53,cyclone,2
62.25,37.93,67.29,135.65,3.18,24.19,0.43,997.36,cyclone,2
7.63,17.13,34.36,15.12,5.51,36.27,0.2,1008.07,none,0
28.1,28.3,31.91,25.03,2.55,46.42,0.01,1020.7,none,0
4.09,27.17,57.6,15.66,2.01,33.01,0.44,1000.55,none,0
14.24,34.98,61.71,14.77,1.86,26.06,0.27,1009.9,none,0
14.9,36.31,31.08,8.03,3.82,47.9,0.8,999.47,none,0
164.86,26.99,91.45,1.06,9.17,66.52,0.02,1007.47,flood,2
80.47,22.96,57.84,62.37,2.85,54.38,0.38,967.2,cyclone,2
5.07,27.46,62.01,4.2,2.58,44.3,0.81,1017.34,none,0
24.57,20.94,41.95,14.25,2.35,51.51,5.64,1013.75,earthquake,1
27.53,18.23,46.85,40.33,3.55,31.32,0.41,1009.3,none,0
10.45,39.85,58.85,9.39,3.79,40.18,4.46,1029.82,earthquake,1
59.74,36.96,68.23,63.37,1.7,38.99,0.33,995.87,cyclone,1
67.07,28.73,71.75,6.58,8.58,70.09,0.19,1022.5,flood,1
0.0,44.37,32.28,13.13,1.29,4.82,0.11,1021.26,drought,1
35.62,27.19,79.59,30.06,2.36,22.66,0.4,1007.22,none,0
46.51,36.21,74.19,126.68,1.84,35.6,0.31,984.32,cyclone,2
6.13,22.56,59.11,3.45,2.6,29.13,0.5,1014.97,none,0
1.35,24.6,41.61,13.05,1.79,20.64,1.73,1006.58,none,0
11.79,26.24,39.42,14.03,0.75,25.62,5.16,1012.64,earthquake,1
26.18,27.78,58.8,10.28,3.4,33.49,0.27,1012.57,none,0
10.13,30.7,94.73,10.32,3.59,37.56,8.44,1003.66,earthquake,2
3.8,16.76,70.88,23.55,2.02,38.86,0.24,1000.81,none,0
73.99,31.66,94.63,42.74,3.53,80.69,0.38,1013.42,flood,1
68.01,29.56,79.0,18.36,8.46,47.16,0.45,1010.01,flood,2
6.82,32.49,84.04,12.04,1.26,41.96,0.04,1024.2,none,0
17.51,21.35,40.25,19.74,2.4,46.8,5.2,1011.63,earthquake,2
40.42,19.19,92.76,168.66,3.67,32.13,0.24,972.86,cyclone,3
98.86,23.11,65.81,13.68,4.38,69.14,0.24,1019.9,flood,1
85.85,22.16,68.16,17.1,6.03,57.61,0.01,1009.71,flood,2
92.8,33.86,86.43,20.47,9.8,69.44,0.21,1004.92,flood,2
19.84,21.69,74.6,2.34,4.03,43.77,0.46,1014.35,none,0
190.53,23.59,88.74,12.8,9.3,70.1,0.53,1005.76,flood,3
6.29,19.17,69.94,2.69,3.31,18.13,0.47,1002.27,none,0
133.37,23.7,67.41,121.8,2.19,33.05,0.62,996.98,cyclone,3
43.03,30.45,60.17,31.37,4.51,38.16,0.51,990.38,cyclone,1
33.68,28.84,27.66,5.56,2.85,31.12,0.14,1018.17,none,0
1.95,37.91,52.51,0.84,4.45,57.15,0.29,1014.69,none,0
11.01,22.81,56.17,1.66,2.06,43.74,0.99,1010.11,none,0
10.45,36.94,44.69,8.69,3.48,46.35,0.5,1011.37,none,0
49.2,35.22,100.0,144.55,4.47,34.41,0.03,990.61,cyclone,2
3.0,30.25,96.04,5.82,2.87,43.3,0.39,1012.99,none,0
22.19,41.71,73.97,18.99,3.63,41.66,0.07,1015.44,none,0
138.73,20.92,69.17,17.26,7.76,85.02,0.04,1006.15,flood,3
48.88,18.37,75.17,92.43,2.23,28.76,0.78,1004.1,cyclone,2
12.72,22.07,50.81,5.72,2.48,30.56,0.8,1008.31,none,0
10.14,31.99,10.77,10.72,4.41,22.46,0.3,1015.26,drought,1
151.9,32.49,80.81,15.02,7.5,66.84,0.2,1019.24,flood,2
8.0,26.68,45.64,13.77,1.99,51.63,7.55,1007.82,earthquake,2
4.7,35.05,38.23,16.98,2.9,0.0,1.44,998.65,drought,1
53.98,30.85,81.52,44.12,1.35,34.78,0.32,989.1,cyclone,1
13.85,19.48,58.15,0.79,3.06,48.92,0.15,996.92,none,0
8.42,22.2,61.98,15.14,2.33,52.48,0.01,1009.09,none,0
17.14,30.32,59.2,10.77,4.58,46.14,0.65,1008.18,none,0
12.47,27.95,51.0,12.75,3.32,34.99,0.58,1013.0,none,0
9.29,26.5,72.12,13.47,6.1,35.29,0.28,1012.38,none,0
9.81,38.25,91.67,14.29,3.5,54.29,0.63,1013.38,none,0
20.66,33.33,49.14,15.86,3.47,41.87,0.23,1018.22,none,0
24.79,23.43,46.21,20.94,3.46,30.14,8.32,1000.9,earthquake,2
6.58,32.56,45.91,35.19,3.86,28.67,0.17,1010.02,none,0
8.29,16.13,55.54,15.22,3.39,32.66,4.96,1008.75,earthquake,1
13.31,24.26,52.97,27.29,2.55,34.45,8.5,1017.45,earthquake,2
55.75,22.61,57.16,12.54,2.47,36.93,0.17,1013.4,none,0
7.2,19.98,71.4,2.01,4.0,35.06,0.82,1013.12,none,0
31.63,25.83,36.5,17.94,3.26,35.81,3.96,1016.07,earthquake,1
7.46,19.91,72.39,4.22,3.6,20.48,0.17,1010.44,none,0
102.13,33.27,92.17,3.05,8.96,71.27,0.57,1008.59,flood,2
6.64,25.72,73.04,7.08,2.53,33.65,0.36,1007.31,none,0
66.33,34.11,87.92,7.93,11.21,30.05,0.32,1001.19,flood,2
158.97,25.07,67.89,11.66,8.62,63.66,0.35,1007.83,flood,3
15.46,34.6,54.85,5.71,2.74,9.25,0.14,1029.97,drought,0
37.82,31.15,78.16,15.4,2.81,29.7,0.19,1022.93,none,0
6.15,21.05,79.57,8.42,6.16,31.01,0.86,1012.93,none,0
26.39,20.28,76.76,8.62,3.34,65.48,3.9,1012.73,earthquake,1
20.34,29.95,56.74,5.53,2.99,30.02,0.88,1015.19,none,0
1.75,25.72,70.94,14.85,0.19,36.36,0.25,1016.47,none,0
3.63,28.82,87.68,4.09,2.27,30.11,0.26,1003.63,none,0
6.57,23.38,75.13,5.27,2.81,45.54,0.53,1000.99,none,0
67.75,21.54,50.17,93.52,4.0,49.33,0.47,976.48,cyclone,2
4.76,20.21,33.82,5.25,2.78,33.76,7.69,1020.39,earthquake,2
3.89,22.02,37.57,6.8,1.38,41.48,0.75,1003.35,none,0
2.9,29.4,69.97,15.4,3.87,34.14,0.76,1025.71,none,0
13.88,36.97,65.56,10.83,4.41,32.98,0.07,998.09,none,0
93.05,36.89,98.73,69.27,4.21,34.41,0.23,994.74,cyclone,2
23.94,20.64,65.01,6.06,3.76,27.39,7.59,1015.08,earthquake,2
10.49,31.89,45.28,2.67,3.8,36.21,1.83,1031.99,none,0
81.42,31.22,100.0,7.53,9.23,81.25,0.22,1012.34,flood,2
16.64,24.75,51.98,8.59,0.91,28.91,0.06,1016.15,none,0
6.73,29.92,51.04,8.84,2.56,41.45,0.21,1015.3,none,0
70.57,38.69,44.03,23.21,4.32,49.92,0.77,1009.89,none,0
53.64,32.94,75.95,79.07,1.87,30.13,0.6,990.09,cyclone,2
21.84,27.54,54.49,12.02,2.96,26.0,0.14,1012.87,none,0
65.11,38.37,96.18,16.29,4.66,60.02,0.28,1013.05,flood,1
32.79,31.02,83.76,135.46,3.2,32.25,0.37,970.62,cyclone,3
51.77,30.5,62.25,5.2,3.92,11.86,0.48,1001.6,none,0
0.0,29.59,45.64,7.4,0.0,2.34,0.11,1000.28,drought,1
6.57,24.09,61.69,5.21,1.95,15.85,0.18,1022.72,none,0
26.25,30.29,100.0,66.35,2.13,27.18,0.13,993.42,cyclone,2
60.27,28.5,52.58,30.27,11.56,52.54,0.09,1014.47,flood,2
5.41,24.84,25.01,6.44,1.35,39.67,7.67,1029.85,earthquake,1
24.23,31.85,44.61,5.97,2.68,39.66,0.08,1020.52,none,0
2.45,28.83,69.71,52.92,3.48,32.46,0.19,1007.94,none,0
16.11,32.33,94.88,1.85,4.17,28.35,9.11,1025.65,earthquake,2
19.8,28.67,31.52,3.17,3.57,34.16,3.89,1014.75,earthquake,1
21.26,30.83,32.24,10.64,3.1,24.1,0.19,1014.13,none,0
18.63,21.59,51.57,18.54,4.67,33.43,0.07,1006.19,none,0
80.04,28.45,71.62,17.51,6.61,49.65,0.59,1016.49,flood,2
28.41,16.28,51.36,5.6,3.61,19.96,0.19,990.06,none,0
19.73,23.02,75.35,2.55,3.88,31.62,0.48,1007.17,none,0
40.78,28.93,70.31,92.25,1.8,44.8,0.64,973.24,cyclone,2
45.57,37.32,85.55,3.81,10.37,88.16,0.21,1029.8,flood,1
117.43,32.87,78.14,64.87,5.33,45.19,0.2,986.32,cyclone,3
115.42,18.25,99.2,22.94,6.35,57.46,1.48,998.54,flood,2
9.35,29.91,43.98,3.72,3.55,43.37,0.18,1005.68,none,0
96.56,25.07,88.8,126.25,2.55,57.63,0.6,969.6,cyclone,3
19.87,19.87,80.02,17.98,2.77,15.73,0.83,1027.43,none,0
82.51,28.72,72.76,9.53,6.19,52.35,0.22,1016.05,flood,1
78.68,19.14,94.09,9.06,6.69,42.98,0.03,1011.38,flood,1
14.76,21.71,64.43,15.81,3.67,31.72,4.58,1023.94,earthquake,1
17.71,30.65,40.88,7.21,3.88,45.92,0.49,1013.73,none,0
23.88,28.58,69.59,24.22,3.14,32.66,0.99,1003.98,none,0
61.49,26.68,77.92,45.42,3.0,53.36,0.44,1000.42,cyclone,1
25.81,28.93,28.57,14.76,2.45,16.13,0.28,1019.83,drought,1
209.2,24.8,81.97,8.42,10.47,68.3,0.01,999.13,flood,2
13.4,24.3,74.54,3.31,2.22,62.88,0.41,1008.7,none,0
17.49,23.92,40.39,5.25,3.26,28.88,0.14,1013.34,none,0
7.56,26.56,55.71,15.75,2.94,52.22,0.1,1007.28,none,0
53.26,23.21,59.28,60.46,3.18,1.43,0.25,976.3,cyclone,3
17.39,25.83,67.12,14.36,3.35,48.24,1.54,1015.34,none,0
15.28,28.74,71.66,6.92,3.34,47.0,0.32,1027.84,none,0
7.67,22.11,35.91,9.33,3.89,31.45,0.03,1008.95,none,0
29.61,15.92,64.12,28.5,3.04,36.09,0.27,1014.69,none,0
15.69,29.32,34.71,9.84,3.2,20.94,0.88,1016.9,none,0
24.71,23.78,39.25,11.54,4.15,39.2,0.12,1015.68,none,0
181.69,30.51,75.91,24.56,11.86,62.95,0.05,998.58,flood,3
14.69,26.43,74.74,23.82,2.41,10.47,0.5,1000.16,none,0
81.65,38.39,100.0,44.19,3.66,32.0,0.52,978.11,cyclone,2
35.56,25.64,81.29,159.2,3.26,37.11,0.11,988.57,cyclone,2
97.95,26.17,67.38,17.09,8.51,59.38,1.02,998.4,flood,3
68.84,23.68,87.94,15.8,8.71,71.87,0.15,1019.57,flood,2
67.13,29.29,57.16,4.99,10.71,48.02,0.2,1013.13,flood,2
33.75,23.88,55.96,131.22,3.26,35.93,0.14,995.97,cyclone,2
3.91,28.77,63.05,3.18,3.3,22.2,0.83,1016.59,none,0
24.41,28.52,72.52,10.91,3.17,46.85,1.07,1023.42,none,0
96.73,19.55,86.46,18.84,8.51,50.2,1.55,996.58,flood,3
69.13,37.01,67.62,65.7,3.41,57.21,0.57,999.58,cyclone,1
6.1,22.52,79.46,25.79,1.36,11.54,0.7,1018.72,none,0
7.93,39.43,68.01,1.77,4.77,25.16,0.1,1013.66,none,0
63.5,25.55,91.39,13.89,4.01,77.29,1.2,1006.31,flood,1
145.58,30.86,53.63,12.65,3.41,69.98,0.99,999.83,flood,2
11.2,21.72,50.02,9.24,2.13,30.23,8.38,1014.27,earthquake,2
16.41,27.47,39.36,4.43,2.15,12.21,0.99,997.19,drought,1
4.62,30.29,68.98,11.01,2.26,42.03,0.02,1019.74,none,0
6.18,31.99,32.72,13.69,3.41,17.44,0.07,1011.92,drought,1
89.43,37.48,98.72,53.54,4.12,38.7,0.58,973.97,cyclone,2
74.66,19.03,77.93,154.71,4.05,27.39,0.13,992.9,cyclone,2
14.12,25.77,70.94,25.29,2.78,50.56,0.39,1008.45,none,0
7.37,25.85,87.23,4.95,4.08,24.44,5.25,1025.72,earthquake,2
89.58,26.58,55.77,126.28,3.95,49.51,0.67,984.49,cyclone,3
28.96,28.99,40.11,12.27,2.7,31.3,1.12,1016.95,none,0
140.79,23.84,67.01,8.39,4.44,75.96,0.09,1002.26,flood,2
89.35,17.89,82.87,7.81,5.77,61.37,0.02,992.4,flood,2
8.45,29.06,66.39,11.02,2.37,38.19,0.44,1024.05,none,0
7.04,19.89,48.66,16.5,2.86,24.59,0.31,1010.78,none,0
80.59,34.41,78.78,19.8,5.84,65.79,0.81,1014.62,flood,1
44.02,30.21,94.13,16.23,7.76,44.05,0.18,1016.33,flood,1
22.07,25.7,45.97,14.29,3.19,18.87,0.03,1015.49,none,0
8.7,25.21,59.99,12.4,3.58,23.09,0.19,1009.43,none,0
5.61,22.45,76.03,9.62,4.26,27.25,0.69,1015.31,none,0
10.44,18.31,44.41,13.71,3.11,15.22,0.04,1000.84,none,0
7.73,35.37,77.77,21.79,3.9,27.53,0.9,1015.69,none,0
17.56,19.25,43.9,11.11,4.5,47.96,0.01,1017.98,none,0
10.43,23.35,90.16,8.04,1.72,40.85,0.51,1004.85,none,0
22.64,25.83,70.97,35.1,2.68,6.88,7.27,998.21,earthquake,3
12.67,30.04,73.88,8.23,1.45,33.04,0.11,1008.93,none,0
0.0,27.31,8.03,37.44,2.76,23.67,1.04,1016.87,drought,1
6.45,22.21,54.94,1.63,3.2,26.58,0.76,1006.39,none,0
0.0,35.79,35.01,9.08,2.19,0.0,0.02,1017.14,drought,1
21.9,28.47,50.6,27.56,1.79,41.48,0.24,1026.78,none,0
82.98,20.85,90.74,125.57,4.43,40.06,0.04,963.58,cyclone,3
27.71,32.75,43.27,23.5,2.12,41.99,0.08,1015.05,none,0
17.57,22.34,75.97,45.98,3.21,33.93,0.04,971.36,cyclone,1
69.9,18.96,58.69,8.88,5.75,60.4,0.42,1009.41,flood,1
21.53,26.37,50.98,5.26,1.64,34.39,0.07,1006.58,none,0
12.53,37.99,19.57,4.81,4.46,20.98,0.23,1020.98,drought,1
25.73,27.97,51.54,10.11,4.11,40.41,0.24,1020.15,none,0
9.28,20.9,64.94,4.36,6.13,28.79,0.87,1006.68,none,0
2.12,23.27,40.19,18.26,1.45,30.85,0.19,1004.94,none,0
5.54,25.97,65.35,5.25,4.68,50.97,5.03,1002.43,earthquake,1
34.92,26.1,100.0,68.52,4.44,45.19,0.11,974.57,cyclone,2
11.21,38.49,12.13,1.04,4.36,17.51,0.9,1004.86,drought,1
7.48,25.35,62.81,22.62,4.47,20.3,0.92,1000.15,none,0
14.09,27.06,93.47,6.1,5.46,56.63,0.53,1020.48,none,0
18.34,23.98,70.89,44.8,5.27,40.63,0.28,1015.76,none,0
41.6,31.96,99.18,95.87,3.18,45.63,0.06,980.11,cyclone,2
0.0,34.02,31.05,7.61,3.03,13.59,0.25,1016.75,drought,0
94.48,20.79,79.7,54.1,3.91,58.27,0.17,988.53,cyclone,2
9.53,20.74,61.95,3.26,5.3,38.29,7.17,1008.12,earthquake,2
23.48,31.96,61.13,7.28,1.44,32.29,0.72,1028.02,none,0
12.26,28.15,65.49,13.55,3.06,33.7,0.52,1005.23,none,0
9.32,26.28,53.45,5.16,2.28,37.92,0.23,1031.97,none,0
86.19,29.67,99.96,118.83,3.65,15.59,0.56,973.67,cyclone,3
42.22,25.36,85.1,82.48,3.43,22.04,1.03,996.73,cyclone,2
0.0,36.96,42.99,28.83,3.28,0.0,0.31,1006.43,drought,1
16.26,30.28,69.97,3.26,4.13,52.24,0.02,1023.34,none,0
8.85,31.96,71.37,9.9,4.28,40.73,4.8,1010.14,earthquake,1
16.05,17.8,67.99,33.15,4.66,15.7,1.68,1017.26,none,1
178.85,30.48,81.3,20.35,5.54,81.41,0.58,1005.65,flood,2
35.91,34.1,25.62,11.11,3.44,41.87,0.17,1011.67,none,0
31.13,31.47,81.69,19.78,3.31,45.54,0.05,1011.28,none,0
155.69,29.8,73.99,23.63,8.67,62.48,0.07,995.6,flood,3
34.02,30.99,33.55,14.46,2.58,33.28,0.01,1010.02,drought,0
182.24,25.22,68.61,17.4,7.59,83.06,0.34,1006.77,flood,2
30.91,27.33,61.15,8.02,2.85,25.76,0.38,1009.71,none,0
30.76,25.11,54.08,26.45,4.18,28.08,0.64,1018.05,none,0
10.58,30.82,34.53,27.24,3.67,35.75,0.37,1021.04,none,0
11.79,25.15,69.75,14.89,2.64,45.82,5.19,1017.68,earthquake,1
76.45,28.88,96.07,13.03,11.91,75.04,0.45,1000.1,flood,2
10.05,27.59,61.92,7.24,3.12,20.82,0.05,1006.9,none,0
3.72,21.45,69.3,36.08,2.84,57.43,0.05,1024.79,none,0
8.25,37.73,72.03,26.68,2.4,17.47,8.23,1028.09,earthquake,2
68.32,24.54,79.09,90.18,4.41,27.44,0.09,979.98,cyclone,2
5.9,23.47,60.58,9.94,2.04,23.9,6.49,1025.52,earthquake,2
81.32,24.4,95.88,1.6,6.0,79.8,0.26,994.82,flood,2
102.23,27.95,54.79,146.0,2.34,39.24,1.44,977.18,cyclone,3
1.84,22.71,32.95,2.89,0.13,14.93,0.12,1020.05,drought,0
105.11,27.82,60.65,7.69,11.99,64.9,0.03,1012.07,flood,2
3.02,46.41,50.17,4.05,2.59,5.77,0.19,1009.9,drought,1
128.18,28.2,100.0,9.42,7.21,77.5,0.2,1002.93,flood,2
7.27,37.71,50.2,7.68,2.36,4.34,0.01,1018.8,drought,1
77.67,31.07,54.39,8.13,7.6,100.0,0.24,1006.19,flood,1
117.26,32.09,61.69,8.17,4.56,77.98,1.26,1002.95,flood,2
16.88,19.57,85.19,3.98,0.16,25.35,0.09,1009.8,none,0
18.57,31.13,61.6,7.85,3.22,43.6,0.01,1009.68,none,0
11.11,27.78,46.09,1.43,2.67,40.6,0.03,1017.81,none,0
27.97,28.34,60.13,12.09,2.69,69.81,0.16,1011.35,none,0
123.46,37.53,81.66,17.41,5.41,70.7,0.37,997.22,flood,2
4.02,22.72,84.48,11.96,3.69,22.77,0.11,1010.17,none,0
8.85,16.53,76.84,7.44,3.01,5.37,0.18,1017.19,none,0
4.91,33.64,63.46,7.28,2.93,42.64,0.54,1015.99,none,0
44.74,28.75,61.81,9.51,3.41,35.84,0.67,1017.93,none,0
17.52,27.68,41.66,12.79,3.83,32.25,0.28,1008.23,none,0
16.71,21.26,57.61,12.65,3.57,11.95,0.03,998.71,none,0
7.0,26.69,61.4,13.18,5.03,23.1,0.26,1030.49,none,0
37.11,22.27,45.06,14.49,5.63,83.39,0.09,1013.94,flood,1
29.95,30.11,41.97,13.64,3.61,31.94,7.17,1005.8,earthquake,2
138.42,21.67,82.19,135.62,2.51,18.64,0.01,963.69,cyclone,3
78.11,21.84,85.89,17.33,6.97,59.04,0.43,995.43,flood,2
7.25,26.99,76.75,7.47,2.85,26.16,0.23,1007.42,none,0
4.01,21.0,54.85,3.2,4.48,26.17,1.48,1004.52,none,0
93.51,25.23,47.39,73.17,2.77,43.09,0.35,967.43,cyclone,3
5.37,26.27,72.48,13.43,2.59,36.81,0.06,1006.76,none,0
17.22,27.94,93.48,101.14,4.72,47.95,1.27,983.15,cyclone,2
16.15,30.35,52.89,10.63,4.18,35.06,0.31,1002.41,none,0
17.32,25.48,62.7,0.67,2.64,41.19,0.17,1022.46,none,0
19.13,22.59,69.79,7.69,2.02,41.91,0.0,1013.95,none,0
194.37,32.93,51.26,61.22,2.8,41.05,0.36,998.08,cyclone,2
17.07,21.01,85.12,16.13,3.07,45.83,0.12,998.69,none,0
95.38,27.64,94.36,141.34,3.84,38.03,0.76,989.35,cyclone,3
327.78,28.8,84.89,4.5,4.91,88.02,0.08,1003.39,flood,2
29.31,41.08,22.32,9.59,3.23,0.48,0.21,1018.84,drought,1
13.81,27.61,59.97,4.94,3.32,27.09,6.91,1006.29,earthquake,2
8.23,29.1,65.3,13.54,2.45,42.75,0.69,1011.08,none,0
26.58,25.21,53.6,5.03,3.16,25.02,0.61,1016.03,none,0
125.62,23.32,69.69,24.04,5.39,42.44,0.28,995.65,flood,2
0.0,38.34,25.99,5.17,2.54,39.17,0.78,1021.78,drought,0
12.46,26.28,68.22,8.9,2.04,37.84,1.33,1022.38,none,0
19.62,25.32,77.36,4.75,4.36,31.43,0.1,1016.02,none,0
10.23,24.09,54.12,11.87,3.32,4.54,0.29,1012.82,drought,1
91.9,24.42,46.11,23.13,11.49,57.96,0.22,991.8,flood,2
49.14,30.32,31.52,14.14,2.64,42.22,0.18,1006.4,none,0
127.55,35.17,76.71,8.61,9.31,83.76,1.19,1011.93,flood,2
17.26,35.97,36.83,19.22,2.27,18.49,0.52,1010.06,drought,1
18.35,27.36,43.97,5.1,2.49,28.58,0.4,1016.48,none,0
17.79,32.62,81.53,7.53,3.46,65.81,4.56,1019.4,earthquake,1
195.85,21.34,91.29,68.11,4.08,37.07,0.47,966.38,cyclone,3
56.6,29.59,65.35,10.13,6.75,72.2,0.18,1010.21,flood,1
16.41,22.92,70.03,5.82,1.94,38.53,0.53,1016.61,none,0
57.32,22.88,77.45,4.08,8.02,55.53,0.05,1011.4,flood,1
10.83,24.21,70.59,6.95,2.94,21.24,0.31,996.47,none,0
122.54,31.33,72.33,18.39,6.78,54.04,0.7,1004.96,flood,2
3.35,19.4,43.15,4.41,1.16,0.27,0.38,1008.78,drought,0
4.56,28.41,75.07,9.4,3.19,38.88,0.12,1015.42,none,0
6.88,12.47,48.65,2.26,2.71,36.65,0.19,1007.21,none,0
39.22,29.48,47.93,20.18,2.54,19.42,1.31,1016.49,none,0
144.7,25.34,100.0,51.36,3.95,44.23,0.45,978.53,cyclone,2
9.46,31.23,23.06,4.99,4.2,0.0,0.29,1021.89,drought,1
2.43,26.57,55.95,9.88,4.92,41.24,6.58,1010.52,earthquake,2
12.2,31.23,54.48,8.39,2.45,23.88,4.46,1012.54,earthquake,1
46.8,31.94,100.0,128.99,2.54,31.84,1.46,971.9,cyclone,2
19.9,22.66,68.55,11.09,2.8,20.57,8.67,1011.41,earthquake,2
21.5,29.35,74.12,8.39,3.68,34.02,0.02,1008.71,none,0
24.43,24.18,37.37,9.99,1.48,38.4,0.25,1004.25,none,0
10.71,32.24,56.1,14.66,1.58,31.56,0.44,1015.18,none,0
14.97,22.01,72.57,5.93,2.37,41.44,0.25,1013.55,none,0
25.16,27.13,62.23,20.08,3.45,37.82,0.26,1012.0,none,0
4.48,27.69,66.73,7.2,3.0,38.55,0.04,1017.06,none,0
54.71,26.31,100.0,116.96,2.07,43.15,1.15,985.37,cyclone,2
99.74,27.35,87.64,96.55,3.14,43.23,0.37,988.74,cyclone,2
10.41,31.93,69.92,3.71,3.45,39.78,0.61,1003.15,none,0
38.02,19.76,49.28,3.99,3.39,13.07,0.04,1024.42,none,0
98.88,31.45,100.0,13.14,4.9,83.54,0.12,1015.61,flood,1
19.93,23.44,45.22,5.54,3.58,34.97,0.1,1024.74,none,0
25.03,33.5,67.64,16.84,3.72,3.38,0.23,1024.91,none,0
13.86,24.02,65.36,18.85,1.6,41.11,0.02,1009.32,none,0
5.61,40.49,19.02,4.03,3.25,17.92,0.3,1009.02,drought,0
152.43,20.96,59.59,11.9,7.87,56.17,0.95,1009.31,flood,3
188.21,33.14,100.0,1.23,9.14,69.75,0.51,1011.73,flood,2
75.37,24.11,63.82,20.54,10.74,78.56,1.4,1025.95,flood,2
22.77,29.48,15.56,2.45,2.91,30.12,1.1,1019.46,drought,0
3.2,32.67,43.55,28.72,1.27,0.0,0.04,1007.66,drought,1
3.51,22.08,58.23,22.79,3.54,41.4,0.09,1011.07,none,0
57.4,33.34,90.67,54.36,2.81,15.56,0.48,987.91,cyclone,2
12.44,29.72,38.62,11.0,3.94,45.44,0.03,1010.18,none,0
95.1,21.19,92.58,23.06,5.81,54.11,0.18,1010.56,flood,2
8.16,32.6,62.23,2.57,2.92,41.75,5.17,1019.34,earthquake,1
82.25,21.66,79.22,23.44,2.17,40.85,0.21,980.24,cyclone,1
0.0,30.65,54.76,14.14,1.83,0.0,0.24,1010.9,drought,1
83.03,21.48,93.97,73.62,2.62,32.57,0.6,980.54,cyclone,2
13.48,33.0,47.79,13.17,4.91,25.18,0.32,998.99,none,0
22.33,31.05,45.42,17.89,2.38,19.75,0.7,997.94,none,0
90.13,30.94,62.17,7.8,7.69,59.61,0.16,1005.94,flood,2
33.94,32.14,63.03,0.92,3.7,29.95,5.07,1011.81,earthquake,2
141.42,30.01,64.5,4.41,4.95,62.07,0.32,1015.31,flood,2
96.52,30.11,77.46,21.0,5.15,33.78,0.04,997.36,flood,2
10.45,24.34,46.4,14.08,2.92,31.48,8.76,1012.94,earthquake,2
51.52,23.16,100.0,125.88,2.37,15.7,0.09,994.79,cyclone,2
44.81,23.07,53.01,6.98,4.3,37.33,0.04,1007.37,none,0
32.83,20.89,47.33,24.13,1.98,34.9,0.24,1026.09,none,0
15.94,26.7,66.79,17.82,3.6,21.59,0.18,1006.8,none,0
69.73,20.03,100.0,8.07,7.77,47.89,0.33,1003.71,flood,2
16.56,18.21,47.7,8.82,2.43,55.6,0.59,1015.45,none,0
4.01,42.48,33.35,9.1,4.12,1.74,0.21,1024.66,drought,1
50.96,23.11,69.84,116.55,2.03,37.42,0.23,973.05,cyclone,2
4.82,27.72,67.58,15.82,2.83,21.93,0.29,1009.66,none,0
11.56,28.96,61.67,28.6,2.03,39.64,0.11,1022.27,none,0
10.25,31.99,73.52,13.51,3.08,28.92,0.2,1001.23,none,0
190.46,16.19,70.76,15.53,6.57,66.61,0.2,1017.9,flood,2
131.6,27.03,74.95,8.19,3.04,71.06,0.37,1001.88,flood,1
12.44,36.21,70.63,3.05,3.54,31.35,7.69,1015.82,earthquake,2
20.26,22.91,55.33,9.28,2.57,60.44,0.2,1015.32,none,0
8.1,26.71,56.96,15.87,0.84,25.57,7.86,1013.38,earthquake,2
101.83,33.87,86.8,123.74,3.83,55.06,0.02,995.38,cyclone,3
178.32,32.6,96.74,9.38,7.15,41.1,0.12,1006.09,flood,2
4.64,27.54,58.33,5.97,2.47,60.16,0.07,999.83,none,0
104.07,28.74,93.12,12.95,7.91,49.29,0.48,1006.5,flood,2
40.38,23.21,83.63,22.97,2.63,28.67,0.25,1008.22,none,0
28.89,20.38,38.13,1.92,2.88,45.53,0.63,1016.06,none,0
41.92,18.36,50.02,22.9,2.65,59.34,0.06,1001.59,none,0
18.45,20.07,56.02,47.53,0.93,38.55,0.24,1016.5,none,0
102.11,26.67,73.27,10.97,9.84,47.23,0.87,994.61,flood,2
3.84,32.48,27.52,12.7,2.04,21.37,0.0,1007.96,none,0
22.56,26.59,68.89,5.37,2.0,27.35,0.4,1005.12,none,0
13.89,27.88,72.89,3.6,3.38,47.37,0.79,1013.2,none,0
103.02,29.57,61.15,79.64,3.35,27.49,0.3,999.15,cyclone,2
2.43,29.29,80.06,4.58,2.76,44.83,0.01,1012.48,none,0
0.0,26.92,54.12,9.47,2.28,0.0,0.01,1000.44,drought,1
24.86,36.43,50.63,8.56,3.81,60.61,0.15,1022.49,none,0
70.9,18.62,67.88,192.51,0.96,38.55,0.9,971.83,cyclone,3
175.57,30.16,89.43,6.49,4.78,71.04,0.25,1018.01,flood,2
23.73,22.9,67.73,14.52,2.9,30.13,0.13,1027.59,none,0
35.91,26.95,43.85,23.47,3.41,17.34,7.9,998.47,earthquake,3
21.97,29.08,61.39,9.81,3.76,45.16,0.43,1013.83,none,0
69.28,20.07,79.55,9.5,7.41,44.89,0.03,1008.81,flood,1
13.51,27.9,62.32,19.56,3.2,14.09,0.19,1021.28,none,0
102.32,19.94,74.75,5.53,7.26,97.01,0.25,1017.6,flood,2
94.01,38.17,85.3,59.24,3.58,11.68,0.22,980.31,cyclone,3
170.87,22.12,78.62,12.42,6.82,62.93,0.56,991.73,flood,3
98.27,28.25,59.78,16.93,4.83,54.63,0.0,1002.87,flood,2
142.07,27.17,61.07,28.71,10.07,75.65,0.11,979.75,flood,3
10.43,29.72,53.92,15.59,3.26,15.04,0.08,1001.25,drought,1
21.63,22.39,46.06,1.85,3.82,11.92,0.98,1017.18,none,0
11.54,32.17,64.5,15.18,1.85,46.8,0.04,1026.97,none,0
24.04,33.49,72.19,3.61,3.56,33.09,0.16,1022.48,none,0
7.06,26.97,55.24,23.82,3.18,37.59,3.56,1024.86,earthquake,1
9.23,28.73,48.62,3.6,2.28,35.79,0.43,1013.89,none,0
29.72,21.09,48.26,49.85,1.77,25.05,0.2,1022.07,none,0
0.0,24.39,51.32,2.01,3.23,25.05,0.33,1015.95,drought,0
206.81,27.23,81.81,14.42,10.77,76.41,0.52,985.56,flood,3
0.0,25.22,45.25,7.27,2.47,8.06,1.23,1010.72,drought,1
30.04,19.51,65.07,7.71,5.86,85.32,0.26,1023.91,flood,1
5.64,26.5,55.33,18.47,2.94,0.0,0.01,1009.96,drought,1
55.4,18.75,86.7,119.92,4.18,46.81,0.35,980.38,cyclone,2
15.2,26.54,34.41,3.43,3.61,37.77,6.36,1006.01,earthquake,2
11.53,33.66,44.23,10.13,1.58,45.73,0.41,1022.44,none,0
13.22,24.19,47.99,12.29,3.73,29.95,0.36,1017.06,none,0
15.22,36.2,70.63,13.14,3.15,53.24,0.59,1008.24,none,0
0.0,31.42,44.1,6.25,2.19,27.51,0.27,1006.42,drought,0
15.27,27.38,80.79,7.97,3.73,30.96,0.27,1001.21,none,0
51.02,17.83,72.41,96.32,4.63,49.5,0.64,969.51,cyclone,3
133.61,27.47,100.0,28.08,6.59,70.03,0.19,1008.47,flood,2
81.71,34.02,98.29,139.13,3.42,42.75,0.48,991.94,cyclone,3
8.78,15.89,50.92,4.34,2.59,42.8,9.7,1020.91,earthquake,2
148.49,19.2,76.88,5.62,13.03,76.59,0.07,1018.75,flood,2
92.15,27.58,74.2,7.56,4.19,92.4,2.44,1002.01,flood,2
176.98,28.47,100.0,106.24,3.2,21.68,1.01,973.68,cyclone,3
26.15,30.02,72.88,10.46,2.61,29.35,0.05,1005.97,none,0
12.5,18.58,50.26,9.13,2.21,18.12,3.84,1028.25,earthquake,1
266.18,30.42,79.68,3.83,7.15,63.42,0.74,999.71,flood,2
92.3,25.19,100.0,90.66,5.13,35.5,0.17,965.83,cyclone,3
4.34,26.33,73.65,8.01,0.91,51.41,0.15,1029.19,none,0
52.32,25.53,92.73,13.92,3.53,45.74,0.05,1007.0,none,0
20.62,26.79,57.36,7.47,2.98,13.97,0.35,1025.29,drought,1
8.58,24.73,40.61,16.4,2.15,22.44,0.13,1020.16,none,0
27.88,26.28,51.77,31.29,3.33,36.9,0.3,1017.41,none,0
115.13,25.89,57.29,8.68,11.62,75.03,0.01,1007.36,flood,2
192.15,26.99,75.83,21.5,7.6,65.31,0.39,1013.26,flood,2
108.05,23.68,88.65,101.49,3.6,48.68,0.73,989.78,cyclone,2
98.85,25.48,67.8,8.14,9.99,84.21,0.01,990.12,flood,2
20.11,30.78,82.31,8.05,2.84,27.11,7.0,1011.61,earthquake,2
9.18,28.92,34.43,7.73,2.39,0.0,0.1,1005.16,drought,1
86.05,27.6,91.62,66.77,2.48,23.86,0.51,979.37,cyclone,2
8.77,28.07,73.44,12.4,2.96,44.21,0.85,1027.79,none,0
107.0,25.33,64.02,5.12,6.68,67.56,0.46,1015.22,flood,1
37.14,33.51,47.02,7.0,3.72,51.78,3.84,1008.37,earthquake,2
36.1,27.72,65.6,23.91,3.54,18.41,6.33,1022.37,earthquake,2
0.0,24.1,29.56,17.1,0.73,0.0,0.7,1031.61,drought,1
4.23,26.33,81.48,30.21,4.87,48.12,0.04,1010.89,none,0
91.14,28.22,61.06,43.68,4.17,79.07,0.19,1011.61,flood,1
71.36,16.73,87.89,34.79,3.29,15.35,0.25,980.07,cyclone,2
0.0,32.56,16.32,12.05,4.93,0.0,0.05,1024.77,drought,1
69.27,24.91,54.99,6.26,2.55,80.0,0.74,996.98,flood,1
4.96,27.54,64.61,14.32,2.17,35.29,6.63,1005.83,earthquake,2
17.89,25.03,54.23,2.25,3.35,39.91,0.31,1019.12,none,0
9.88,27.3,27.53,19.73,3.1,22.6,0.87,1006.66,none,0
149.16,29.45,76.26,24.33,4.5,62.98,0.27,998.16,flood,2
46.38,20.63,71.14,4.59,1.44,41.46,0.26,1011.93,none,0
5.94,29.19,56.59,9.73,2.36,43.18,6.5,1023.11,earthquake,1
8.43,19.23,58.84,2.58,2.5,37.41,0.69,1020.3,none,0
4.59,30.57,59.58,7.04,3.56,41.22,0.28,1009.83,none,0
13.09,28.03,65.74,12.27,2.24,41.83,0.02,1021.91,none,0
131.65,21.44,73.77,110.06,3.82,53.5,0.39,1001.7,cyclone,3
11.64,24.4,60.01,27.53,2.71,40.64,0.17,1002.32,none,0
190.09,23.07,64.6,10.27,6.05,49.72,0.68,1024.97,flood,2
0.0,32.42,13.49,6.99,3.26,0.0,0.76,1016.31,drought,1
10.2,44.8,52.12,23.18,3.59,20.05,0.09,1022.11,drought,1
94.8,36.47,53.35,11.24,8.28,58.68,0.22,1015.48,flood,2
111.83,25.81,64.29,9.89,12.02,77.11,0.02,1005.13,flood,2
11.18,36.44,71.64,38.03,5.0,31.49,0.18,1011.04,none,0
156.45,25.83,97.14,55.73,3.41,43.22,0.8,981.62,cyclone,3
6.64,31.81,16.48,13.12,2.63,5.18,0.83,1019.26,drought,1
8.16,22.46,58.35,5.08,2.71,31.59,0.06,1015.56,none,0
1.02,20.3,54.52,5.93,2.11,30.3,2.0,1002.62,none,0
26.86,23.91,45.71,26.16,3.71,31.51,0.04,1013.43,none,0
59.72,26.63,77.37,29.93,2.07,29.67,0.24,1018.92,cyclone,1
11.2,28.6,100.0,18.32,1.47,42.15,0.39,1021.54,none,0
3.13,30.29,47.1,25.91,2.56,36.69,0.24,1024.63,none,0
17.9,33.84,62.25,3.19,1.21,21.11,0.65,1002.13,none,0
141.08,20.42,82.25,27.2,10.53,84.37,0.25,1007.12,flood,2
43.92,27.52,40.87,2.62,2.72,30.99,0.34,1016.23,none,0
365.89,24.7,62.48,5.98,6.8,62.99,0.36,999.55,flood,2
39.85,27.51,69.28,7.52,2.65,23.69,0.21,1004.86,none,0
70.21,24.78,88.78,14.03,6.39,76.72,0.35,998.97,flood,2
1.55,38.03,47.2,6.8,2.24,61.33,2.34,1015.67,none,0
53.58,26.17,71.48,92.91,3.83,36.18,0.4,988.83,cyclone,2
109.21,22.68,86.86,5.97,12.86,52.02,1.01,1008.65,flood,2
17.05,21.6,39.8,17.11,2.99,43.12,5.69,1027.55,earthquake,1
5.11,28.1,67.09,30.96,4.19,16.72,0.92,1016.67,none,0
42.77,29.42,60.58,73.0,2.26,41.38,0.77,988.3,cyclone,2
15.03,22.27,64.56,16.26,3.57,54.46,0.73,1016.41,none,0
4.35,31.54,64.76,6.13,3.0,43.24,3.58,1018.69,earthquake,1
9.28,30.89,97.77,3.83,2.55,27.29,0.26,1010.7,none,0
14.61,32.42,38.87,3.52,2.08,41.77,0.09,1003.04,none,0
94.03,40.02,76.47,116.1,2.98,36.24,0.36,987.39,cyclone,2
25.83,23.57,95.78,142.03,2.59,47.93,0.04,973.07,cyclone,2
7.37,27.49,42.91,11.72,3.58,25.96,5.03,1023.36,earthquake,1
7.85,27.95,68.6,17.66,3.03,54.86,1.19,1009.37,none,0
67.19,28.91,72.59,156.95,3.74,44.62,0.33,993.28,cyclone,2
5.78,19.64,64.9,18.67,3.37,33.97,0.09,1013.32,none,0
7.38,38.91,45.88,12.67,4.38,13.49,0.07,1012.7,drought,1
23.53,16.68,59.31,12.37,2.7,23.96,0.75,1027.84,none,0
30.23,22.82,54.39,5.93,3.87,36.19,0.12,1005.61,none,0
94.96,20.45,58.13,107.97,3.26,31.63,0.04,980.04,cyclone,3
227.8,27.56,84.26,8.36,8.59,78.17,0.25,1013.1,flood,2
8.04,28.78,46.85,10.89,3.04,40.67,1.57,1007.62,none,0
80.08,31.1,94.23,7.91,8.89,51.41,0.34,1003.86,flood,2
16.17,20.56,81.73,2.56,1.19,40.91,0.09,1017.13,none,0
13.82,31.08,64.56,57.1,4.06,51.44,0.02,1017.38,none,0
73.43,36.23,100.0,11.09,6.25,62.66,0.55,995.52,flood,2
12.81,24.1,75.39,9.21,2.24,26.59,0.61,1021.49,none,0
11.05,30.23,47.75,2.95,3.13,5.93,0.15,1021.52,none,0
19.08,26.02,95.67,36.23,3.04,42.91,0.16,1009.96,none,0
4.18,26.76,50.4,7.54,3.11,30.75,0.37,1020.75,none,0
110.42,24.31,71.28,72.4,2.41,37.11,0.04,1007.44,cyclone,1
9.8,21.81,64.22,12.37,3.42,30.54,0.03,1011.08,none,0
9.32,34.3,13.04,21.93,3.83,12.42,0.4,1016.21,drought,1
6.48,35.03,67.49,12.44,1.85,19.01,0.25,1024.69,none,0
62.15,33.47,96.04,48.7,2.51,26.58,0.01,984.94,cyclone,2
22.71,32.49,58.12,27.99,2.26,42.49,0.33,1002.41,none,0
15.91,24.66,79.61,3.12,3.21,40.36,0.31,1025.75,none,0
95.59,25.8,56.67,3.18,8.4,67.48,0.45,1012.05,flood,2
29.91,29.85,45.22,11.36,2.94,28.11,0.16,1022.33,none,0
18.44,27.25,84.66,20.41,3.04,37.79,0.48,1010.41,none,0
15.81,24.91,65.87,2.61,2.63,45.51,4.7,1008.23,earthquake,1
0.0,30.49,25.09,11.95,1.28,19.83,0.68,1027.36,drought,0
20.49,25.96,63.45,11.8,4.32,60.72,0.12,1015.8,none,0
67.36,21.32,99.34,12.58,6.48,83.28,0.44,1007.92,flood,2
106.02,20.56,69.66,32.03,7.05,54.44,0.16,1004.11,flood,2
21.23,33.12,44.71,5.58,1.93,38.78,0.5,1025.21,none,0
38.48,26.01,100.0,90.82,3.84,17.54,0.0,975.59,cyclone,2
36.19,25.99,43.89,14.26,1.98,34.37,0.01,1016.56,none,0
54.45,31.55,69.97,77.61,2.74,54.93,1.1,966.38,cyclone,2
6.5,28.89,71.37,12.52,4.3,43.13,0.14,1008.39,none,0
323.84,29.34,60.16,21.37,7.0,78.12,0.02,1009.47,flood,2
62.01,32.08,100.0,84.58,4.81,44.35,0.51,991.73,cyclone,2
6.13,23.98,62.0,16.98,2.51,27.34,0.37,1029.15,none,0
26.99,26.88,99.31,46.79,3.16,23.22,0.03,990.78,cyclone,1
15.51,30.33,79.26,2.25,4.69,22.2,0.14,1018.75,none,0
95.98,29.18,81.29,60.61,3.73,25.63,0.15,990.23,cyclone,2
22.42,28.6,20.74,6.32,2.36,11.35,0.27,1004.4,drought,1
0.0,30.78,20.16,23.83,2.18,6.58,0.15,1014.05,drought,1
17.27,24.03,38.85,8.31,2.92,23.23,0.16,1010.67,none,0
132.39,23.58,81.05,22.43,3.6,61.55,0.24,1001.05,flood,2
17.41,28.86,66.8,15.52,3.32,46.02,0.89,1024.06,none,0
120.07,31.28,77.67,6.49,10.59,67.29,0.15,1001.66,flood,2
144.66,31.4,89.69,12.19,6.53,86.55,0.68,1002.23,flood,2
34.19,24.82,82.87,9.41,3.57,27.6,6.11,1010.88,earthquake,2
5.08,25.38,67.32,6.91,0.0,46.47,0.56,1015.94,none,0
27.23,23.56,49.26,13.91,2.9,42.58,4.67,1019.56,earthquake,1
3.97,33.16,55.34,6.32,2.9,19.07,5.4,1016.59,earthquake,1
9.0,31.1,67.53,14.23,4.4,40.22,0.24,1013.92,none,0
6.53,29.79,23.58,3.83,1.8,49.14,0.41,1012.97,none,0
20.75,13.56,62.95,16.24,4.37,36.84,0.11,1008.96,none,0
13.44,27.34,43.0,3.51,3.41,38.8,0.2,1023.73,none,0
10.3,24.5,85.76,29.46,3.06,40.17,0.07,990.92,none,0
2.29,31.02,61.88,4.86,1.19,30.69,0.58,1004.67,none,0
11.5,29.98,64.4,3.89,3.92,51.61,0.4,1021.73,none,0
13.44,22.8,71.58,4.92,3.93,31.94,0.2,1033.18,none,0
47.57,25.24,89.07,56.79,3.32,17.27,0.32,991.0,cyclone,2
27.34,24.99,64.71,36.41,1.21,49.28,1.78,1004.66,none,0
14.33,20.73,52.87,9.72,3.3,42.93,0.05,1014.35,none,0
49.07,22.03,55.97,25.72,3.75,37.1,0.39,987.31,cyclone,1
4.77,32.65,53.22,9.18,4.0,30.86,0.48,1007.23,none,0
21.58,37.9,23.12,16.84,3.74,16.02,0.2,1019.24,drought,1
14.54,23.34,59.49,8.71,3.41,44.21,0.14,1017.65,none,0
14.2,34.2,26.17,4.74,3.1,22.88,0.09,1014.05,none,0
172.22,30.68,77.14,132.2,4.59,17.47,0.48,973.77,cyclone,3
56.06,18.67,72.87,24.97,4.72,47.45,0.51,997.88,flood,2
12.22,30.69,83.21,27.77,6.41,41.97,2.84,1023.14,none,0
86.93,25.58,69.58,58.09,3.7,53.1,0.3,982.19,cyclone,2
15.62,22.58,45.11,1.64,4.37,40.72,6.36,1017.28,earthquake,2
84.4,21.11,79.53,8.01,8.42,80.27,0.97,995.58,flood,2
25.08,25.49,47.72,9.26,3.41,7.76,0.33,1017.04,none,0
9.6,40.41,66.29,4.39,5.04,48.89,0.41,1013.71,none,0
74.84,35.73,67.35,81.09,3.92,47.73,0.19,988.38,cyclone,2
47.4,24.34,35.52,31.2,1.88,45.53,0.36,1010.69,none,0
29.3,24.43,58.21,5.05,4.32,18.27,8.46,1023.48,earthquake,3
23.1,28.56,52.84,8.12,3.34,13.53,0.73,1005.61,none,0
49.36,23.67,72.0,16.82,4.18,16.18,0.31,1000.72,none,0
29.17,31.29,63.34,30.13,3.14,42.32,9.67,1018.39,earthquake,2
16.32,21.3,79.13,3.15,1.8,17.46,0.32,1013.88,none,0
66.38,33.73,91.49,106.32,2.96,53.99,0.36,976.99,cyclone,2
8.25,25.94,55.5,33.75,3.14,43.6,0.05,1012.57,none,0
10.7,27.93,73.28,14.92,2.41,32.78,0.23,1012.69,none,0
103.84,31.85,85.66,6.95,9.99,59.31,0.16,1022.75,flood,2
87.74,14.65,60.27,6.84,8.92,50.5,0.57,999.16,flood,2
29.29,22.86,57.73,17.76,2.6,21.15,0.26,1014.94,none,0
30.34,26.42,82.85,13.46,2.18,54.69,0.07,1019.41,none,0
85.29,20.46,100.0,25.63,12.43,73.84,0.66,998.94,flood,2
0.0,35.68,4.78,18.56,3.85,14.92,0.45,1012.6,drought,1
5.85,25.71,55.48,13.16,3.6,26.01,0.09,1010.77,none,0
0.0,32.16,33.81,49.19,4.51,0.32,0.39,1006.65,drought,2
4.35,25.46,52.68,2.19,3.59,25.94,0.6,1019.04,none,0
10.83,31.58,71.22,8.39,2.24,34.07,0.14,1011.08,none,0
34.52,28.3,61.85,9.78,3.44,39.66,0.4,1030.18,none,0
86.44,31.72,50.15,4.7,6.58,45.0,0.05,1004.01,flood,2
16.63,20.19,57.26,16.3,2.4,29.95,0.21,1023.71,none,0
18.33,36.35,50.43,25.65,1.49,27.79,0.43,1011.35,none,0
10.21,36.61,62.28,15.55,3.0,29.81,0.39,1011.07,drought,0
25.65,28.87,46.85,7.59,3.9,38.87,0.37,1010.48,none,0
27.2,23.65,64.38,20.06,2.53,48.43,0.04,1032.96,none,0
13.2,29.65,60.85,4.27,3.28,27.13,0.81,1014.18,none,0
11.48,26.01,56.44,39.45,4.07,39.31,8.08,1014.76,earthquake,2
20.12,38.12,78.2,1.7,3.7,42.79,0.41,1008.4,none,0
13.48,44.79,49.13,7.8,0.95,39.01,5.89,1014.95,earthquake,2
5.62,30.89,85.58,9.48,1.11,26.76,0.05,1012.55,none,0
7.35,29.42,54.08,9.78,3.13,50.26,0.17,1003.39,none,0
9.6,24.78,24.94,4.72,5.5,27.37,8.25,1022.81,earthquake,2
37.46,30.89,100.0,16.44,6.05,73.67,0.55,999.07,flood,1
115.01,30.45,73.88,10.32,5.94,70.3,0.61,999.99,flood,2
39.75,17.92,88.51,104.98,1.6,50.7,0.01,970.7,cyclone,2
0.62,24.46,67.38,10.0,1.71,36.11,0.38,1015.99,none,0
13.8,26.43,73.15,10.49,4.31,14.71,5.2,1027.2,earthquake,2
52.67,22.71,90.7,68.95,2.58,32.42,0.1,975.94,cyclone,2
6.97,23.15,59.55,2.08,2.11,33.01,0.34,1003.26,none,0
1.65,22.16,84.25,17.21,3.29,30.09,0.03,1017.32,none,0
146.38,17.89,67.29,1.11,11.4,57.09,0.25,1002.0,flood,2
40.98,32.24,67.12,16.34,3.02,10.64,0.08,1014.82,drought,1
10.71,14.6,63.06,10.73,3.57,20.68,0.82,1011.82,none,0
19.6,28.68,64.16,21.25,2.21,7.39,0.43,1007.38,none,0
38.57,32.27,72.15,4.03,1.63,33.4,0.03,1012.04,none,0
44.04,25.31,100.0,29.88,2.09,41.85,0.15,998.73,cyclone,1
0.16,39.14,41.06,9.25,3.16,39.58,0.0,999.92,drought,1
48.56,24.21,80.99,140.62,2.48,41.4,0.01,983.96,cyclone,2
68.22,30.38,77.14,6.93,6.01,74.84,0.93,1008.5,flood,2
145.47,26.85,81.76,13.93,7.25,37.68,0.31,1008.46,flood,2
22.42,32.51,56.53,4.43,0.94,35.0,0.06,1017.43,none,0
12.9,30.33,53.78,3.71,2.75,40.58,7.44,1018.35,earthquake,2
4.94,21.41,67.49,10.87,2.88,40.08,0.47,1024.64,none,0
7.35,22.25,54.14,6.2,3.68,38.1,0.42,1016.63,none,0
20.63,28.11,55.51,9.61,2.52,2.66,0.79,1009.23,none,0
0.0,38.47,0.0,2.44,1.82,21.33,0.26,1020.37,drought,0
131.43,29.0,79.03,2.11,5.7,27.64,0.46,1000.23,flood,2
4.47,24.81,59.69,6.48,2.73,38.77,0.09,1028.09,none,0
7.92,30.4,55.25,4.13,4.17,22.74,0.5,1019.23,none,0
115.81,30.47,98.63,125.83,3.36,16.16,0.06,979.76,cyclone,3
13.29,21.87,54.01,27.61,3.01,23.78,0.89,1003.3,none,0
19.53,31.2,63.75,23.36,4.35,20.13,0.82,1024.11,none,0
9.08,20.44,78.04,11.87,3.61,36.28,0.48,1009.04,none,0
133.72,30.21,64.76,101.46,2.97,32.73,0.1,992.53,cyclone,2
18.91,13.15,47.57,4.45,2.76,32.64,0.75,1014.51,none,0
21.91,27.39,44.43,12.05,4.09,23.82,0.04,1009.67,none,0
4.7,31.77,70.89,15.16,2.43,30.04,0.83,1016.23,none,0
81.23,30.63,70.82,11.51,6.43,71.17,0.24,999.83,flood,2
52.54,28.32,96.92,7.23,6.78,56.98,0.2,1022.46,flood,1
50.11,23.19,77.05,11.44,3.02,46.53,0.06,1013.41,none,0
23.9,24.84,59.29,18.6,4.45,61.43,0.19,1028.8,none,0
31.94,20.45,44.16,10.03,2.76,29.07,0.23,1012.02,none,0
123.18,31.26,59.74,29.91,4.98,59.65,0.3,1011.17,flood,2
7.53,36.67,73.43,10.02,3.47,23.36,0.15,1022.62,none,0
10.42,24.81,65.63,15.68,2.1,31.88,0.5,1007.18,none,0
1.67,38.88,55.62,1.55,3.13,18.46,0.67,1017.69,none,0
84.4,30.07,79.46,14.29,14.97,87.43,0.31,1012.7,flood,2
3.98,24.22,76.41,11.24,3.94,29.76,0.77,1019.38,none,0
8.14,28.74,37.94,6.05,3.67,31.48,0.08,990.62,none,0
4.03,26.53,51.75,8.99,3.73,49.72,0.26,1007.54,none,0
0.0,32.26,23.78,35.81,3.22,20.44,0.63,1015.96,drought,1
113.05,28.76,100.0,10.71,13.05,81.94,0.13,1009.37,flood,2
12.39,27.84,61.03,8.21,3.81,28.55,0.2,1022.68,none,0
18.58,24.92,91.49,8.15,3.6,57.03,0.24,1015.97,none,0
158.25,31.87,69.43,4.64,4.56,57.82,0.0,1004.19,flood,2
9.01,18.56,65.47,3.91,3.38,30.7,0.66,1027.87,none,0
14.85,29.0,89.73,9.31,3.24,22.94,4.53,1013.63,earthquake,1
15.78,18.34,82.64,3.22,2.85,40.46,0.37,1020.36,none,0
4.1,35.31,55.79,23.53,2.92,0.0,0.31,1010.84,drought,1
66.71,16.59,68.61,25.07,4.61,39.73,5.89,1019.89,earthquake,2
9.97,32.94,63.92,13.88,4.3,42.11,0.32,1016.13,none,0
7.84,24.94,63.95,7.2,2.92,44.36,2.06,1006.21,none,0
26.7,34.52,54.57,10.72,1.7,27.97,1.06,1002.65,drought,1
0.0,37.41,15.96,3.04,1.47,11.71,0.48,1015.77,drought,0
10.04,25.8,55.25,36.5,3.51,30.29,0.38,1007.49,none,0
32.45,23.04,59.01,7.25,2.01,3.94,0.62,1023.91,none,0
3.73,25.41,64.97,4.83,3.26,46.25,1.03,1003.5,none,0
93.88,36.62,73.39,6.0,6.93,67.72,0.34,1016.06,flood,1
39.38,22.33,69.07,49.01,2.86,26.93,0.38,987.53,cyclone,1
61.67,22.48,76.25,8.38,3.98,59.82,0.59,1008.72,flood,1
65.46,20.86,75.72,75.4,4.01,49.61,0.96,972.67,cyclone,2
1.69,30.06,49.82,4.58,2.18,33.9,0.09,1017.94,none,0
38.69,24.0,100.0,119.95,1.53,20.97,0.97,978.07,cyclone,2
14.42,24.56,79.79,8.86,2.24,31.58,0.05,1003.37,none,0
43.64,33.2,40.27,4.0,3.11,13.02,0.2,1002.9,drought,1
39.37,25.77,38.0,5.86,2.43,19.26,0.39,1017.21,none,0
12.9,23.0,55.03,12.2,2.99,24.76,0.12,1016.1,none,0
0.0,25.53,16.65,16.82,3.33,8.39,0.59,996.64,drought,1
25.94,25.48,59.85,5.33,3.07,37.72,4.72,1001.4,earthquake,1
0.0,35.42,43.41,6.47,1.8,8.7,0.51,1003.24,drought,1
0.0,36.6,49.35,1.23,3.15,8.44,0.05,1020.73,drought,0
6.83,18.33,54.95,19.37,2.05,40.17,0.01,1014.69,none,0
4.46,22.82,72.53,8.96,2.78,49.61,7.0,1011.92,earthquake,2
48.29,31.77,76.28,10.44,3.59,51.4,0.01,1015.8,none,0
6.13,25.8,57.97,13.39,4.14,27.4,0.07,1018.75,drought,0
14.6,25.3,71.18,18.27,1.1,36.95,0.12,1013.09,none,0
7.16,13.91,81.61,10.98,1.51,35.44,0.21,1014.94,none,0
90.12,24.84,83.24,121.38,2.93,37.94,0.62,1007.03,cyclone,2
82.03,22.45,80.24,58.75,4.04,22.27,0.4,998.55,cyclone,2
82.32,22.33,69.68,11.05,3.74,64.65,0.61,1000.28,flood,1
11.32,22.06,52.96,7.05,2.46,37.42,8.2,1007.48,earthquake,2
27.18,26.6,86.66,6.94,2.19,39.46,4.68,1009.62,earthquake,1
24.34,19.91,53.09,7.05,2.7,55.21,0.31,1011.81,none,0
14.73,36.46,81.62,8.3,2.18,35.0,0.19,1014.2,none,0
6.44,28.93,70.28,2.95,3.91,32.28,0.34,1010.0,none,0
22.05,26.71,51.46,37.66,3.41,9.99,0.37,1009.35,none,0
4.07,24.7,100.0,10.07,2.15,42.37,0.57,1012.89,none,0
76.67,26.33,100.0,100.01,3.18,40.21,0.02,972.05,cyclone,2
12.72,23.43,62.16,5.53,2.78,23.72,0.01,1006.17,none,0
13.61,20.69,63.88,7.23,4.56,25.91,0.27,1033.21,none,1
8.52,42.54,47.03,33.23,3.37,12.38,0.44,1007.63,drought,1
31.78,33.79,48.71,35.61,4.28,13.25,0.03,1020.73,none,0
21.26,16.53,61.32,12.32,3.6,41.88,0.1,1015.47,none,0
29.89,22.72,58.71,20.54,2.53,23.02,0.21,1018.03,none,0
14.13,22.28,63.15,82.74,3.25,28.63,0.49,983.28,cyclone,2
13.04,27.67,63.02,14.12,1.46,29.4,0.13,1000.49,none,0
6.05,28.62,66.79,14.58,2.22,44.41,6.46,1013.64,earthquake,1
147.96,23.03,100.0,9.74,4.06,60.97,0.44,1002.3,flood,2
6.58,24.35,70.41,12.57,2.82,55.26,0.48,1010.61,none,0
6.02,24.39,60.53,10.47,5.58,43.73,0.09,1015.85,none,0
32.42,29.38,72.97,14.12,2.8,17.5,0.47,1012.4,none,0
76.98,31.35,88.33,11.9,7.35,68.19,0.12,1016.37,flood,2
8.66,18.49,62.96,13.41,3.03,43.88,0.61,1016.92,none,0
10.52,18.52,72.53,4.12,3.18,16.34,0.46,1021.29,none,0
10.01,25.07,58.3,15.32,2.64,35.72,0.35,1016.01,none,0
184.48,17.77,44.34,7.73,7.44,81.24,0.02,999.43,flood,2
3.78,33.78,71.44,4.12,4.67,36.31,1.44,1014.97,none,0
1.12,40.98,38.19,15.6,3.08,27.59,0.01,1021.94,drought,0
4.65,27.93,74.13,6.6,2.21,39.63,0.7,1006.98,none,0
25.8,34.83,95.13,17.06,3.32,42.3,0.13,1035.44,none,0
10.88,34.87,39.58,7.18,4.19,4.47,0.03,1021.37,drought,1
179.79,23.35,99.59,12.49,8.93,72.8,0.32,1019.41,flood,2
37.62,27.55,55.26,23.68,1.88,40.67,0.01,998.68,none,0
10.64,29.13,55.44,20.83,2.7,51.98,0.03,1017.71,none,0
23.74,28.52,51.75,4.37,3.45,20.9,0.74,1012.17,none,0
66.02,20.09,80.11,3.13,7.68,80.88,0.5,1008.08,flood,2
114.76,29.06,100.0,7.89,7.92,77.2,0.07,1007.01,flood,2
0.0,33.09,25.61,21.52,2.3,37.81,0.53,1005.24,drought,0
173.12,28.83,65.59,47.42,2.15,38.84,0.21,979.16,cyclone,2
89.23,17.2,90.94,14.71,11.58,74.33,0.04,996.36,flood,2
11.35,32.85,51.37,2.93,2.06,34.63,0.47,1012.11,none,0
187.1,23.55,41.71,16.79,8.99,50.4,0.22,1009.42,flood,3
270.63,19.06,63.7,5.81,6.43,92.7,0.28,999.76,flood,2
12.71,20.02,70.2,9.18,2.17,45.07,0.75,1024.2,none,0
84.55,28.25,100.0,54.24,4.03,37.56,0.99,976.56,cyclone,2
7.55,28.42,64.65,5.84,2.62,32.83,0.09,1003.45,none,0
28.14,36.47,95.43,1.54,4.79,72.23,0.43,1009.5,flood,1
23.68,25.62,71.35,12.77,3.66,21.03,0.54,1003.5,none,0
133.01,21.78,77.88,4.89,3.44,62.69,0.11,1005.33,flood,2
150.04,23.41,100.0,85.61,3.88,19.86,0.96,982.77,cyclone,3
18.06,34.14,38.45,10.77,2.8,42.36,5.85,1010.58,earthquake,2
51.47,21.78,92.21,78.25,4.42,56.06,0.46,995.34,cyclone,2
51.54,30.33,69.0,6.66,7.96,89.65,0.4,1007.5,flood,2
172.96,31.88,87.13,7.61,7.99,71.96,0.18,1014.58,flood,2
10.09,28.05,67.71,8.9,3.7,40.8,0.07,1012.46,none,0
6.98,44.13,8.71,7.29,2.43,0.0,0.41,1016.17,drought,1
161.31,35.46,82.27,9.62,5.83,59.03,0.61,1014.6,flood,2
161.19,12.85,100.0,9.17,6.06,72.46,0.21,1005.65,flood,2
162.27,21.59,76.97,14.94,7.4,56.05,0.14,1010.2,flood,2
20.01,28.41,78.85,5.54,4.01,31.06,6.31,1018.23,earthquake,2
30.31,26.5,57.89,9.51,3.99,18.93,0.07,989.29,none,0
35.06,30.95,66.21,12.33,1.45,27.07,0.09,1006.63,none,0
4.59,29.46,57.19,5.03,4.09,5.02,0.09,1022.19,none,0
11.68,26.33,52.04,18.63,3.73,34.55,0.67,1010.62,none,0
29.92,26.4,48.18,29.11,4.07,47.92,0.36,1006.17,none,0
40.2,30.63,82.99,78.84,2.6,38.48,0.47,995.19,cyclone,2
14.95,28.4,51.28,5.69,2.46,18.46,0.31,999.89,none,0
187.79,26.69,58.19,4.16,8.87,57.42,0.28,1024.36,flood,2
30.64,31.45,77.17,122.93,2.49,11.42,0.19,993.38,cyclone,2
135.53,21.69,57.22,15.98,7.28,75.86,0.0,1002.12,flood,2
44.43,30.78,77.79,64.56,3.42,50.18,0.2,981.15,cyclone,2
10.2,22.08,46.5,27.38,2.71,63.26,1.0,1012.23,none,0
5.66,27.92,46.35,17.59,2.71,19.38,0.34,1011.65,none,0
46.69,27.21,68.04,134.93,3.89,33.82,0.99,976.7,cyclone,2
2.84,32.06,70.79,16.3,2.22,42.78,0.1,1005.72,none,0
17.92,26.16,58.08,5.43,2.09,39.98,0.19,1013.07,none,0
109.55,30.99,72.05,116.26,5.66,38.5,0.15,968.12,cyclone,3
33.28,24.46,62.62,3.78,2.78,40.66,0.34,1013.61,none,0
25.59,20.25,100.0,12.61,2.38,30.35,0.1,1016.61,none,0
0.0,35.16,16.57,5.1,2.67,13.01,0.89,1008.53,drought,1
81.75,16.97,97.66,2.86,7.82,47.3,0.12,998.87,flood,2
0.0,36.75,36.15,13.15,2.1,3.93,0.16,1010.95,drought,1
3.96,29.09,84.04,18.04,2.45,44.93,0.09,1028.83,none,0
8.83,20.54,50.8,7.37,1.87,36.97,6.58,1007.28,earthquake,2
3.93,33.37,71.51,13.34,2.04,36.12,0.33,1016.04,none,0
23.92,32.16,88.47,7.41,2.72,31.04,4.79,1022.49,earthquake,1
10.36,33.78,36.32,23.28,2.29,40.05,0.07,1016.31,none,0
1.94,16.84,74.52,3.7,3.23,25.93,0.45,1019.23,none,0
35.29,29.42,69.4,2.95,4.21,35.22,0.39,1016.47,none,0
10.69,22.03,46.38,9.44,3.28,44.02,0.11,1016.8,none,0
11.85,21.67,64.74,10.16,2.36,19.54,0.19,1010.45,none,0
113.26,29.4,83.11,139.1,3.11,41.86,0.17,993.29,cyclone,3
12.74,31.28,86.05,22.58,2.35,26.24,0.41,1007.06,none,0
20.57,30.12,52.54,17.1,3.96,23.74,0.38,1009.77,none,0
13.29,22.39,43.45,17.7,2.84,35.71,0.25,1027.55,none,0
0.0,21.27,24.86,3.15,2.28,7.95,0.25,1015.87,drought,0
24.66,33.95,20.67,21.92,2.58,18.1,0.05,1030.78,none,0
4.04,21.84,54.38,6.9,3.12,11.72,0.71,1017.17,none,0
21.97,22.12,94.96,7.4,2.82,25.74,0.07,1018.41,none,0
28.03,15.96,82.69,3.9,4.62,71.05,0.4,1020.33,flood,1
11.15,28.07,66.95,17.35,2.94,40.23,0.14,1009.94,none,0
140.59,33.38,73.28,155.61,2.05,29.1,0.19,986.23,cyclone,3
2.62,30.56,31.3,13.33,3.06,4.44,0.04,1016.92,drought,1
40.81,27.38,62.93,145.51,2.17,30.1,0.26,993.42,cyclone,2
64.11,24.39,62.29,16.38,7.98,83.25,0.05,1006.37,flood,2
11.01,17.38,40.39,4.75,3.01,29.75,0.07,1019.48,none,0
9.67,23.38,44.38,7.6,3.05,44.12,5.28,1010.52,earthquake,1
3.72,24.97,39.35,10.87,1.38,42.54,7.35,1004.74,earthquake,1
62.52,19.53,71.15,25.98,9.2,84.94,0.06,1004.87,flood,2
12.93,31.06,38.87,17.89,2.48,21.09,0.12,1016.88,none,0
22.63,31.7,52.56,5.16,3.07,30.86,0.59,999.12,none,0
88.83,15.4,86.15,77.6,2.32,32.97,0.39,973.14,cyclone,2
11.97,24.57,65.82,28.2,3.77,50.34,0.01,1007.67,none,0
6.09,21.27,56.39,15.07,2.45,39.03,0.99,1019.38,none,0
19.91,26.95,72.79,20.32,2.4,23.29,0.49,1025.75,none,0
18.01,28.29,64.01,17.57,2.66,25.75,0.06,1014.18,none,0
9.6,27.28,72.5,14.14,2.84,31.97,7.82,1000.1,earthquake,2
5.73,25.77,61.8,1.27,3.31,26.67,0.05,1017.84,none,0
41.55,31.43,98.55,46.63,2.59,13.71,0.33,978.01,cyclone,2
9.25,28.6,66.42,2.36,3.24,41.32,0.64,1011.76,none,0
25.44,28.29,64.1,15.36,1.86,57.01,0.08,1023.61,none,0
11.01,23.54,55.34,26.78,3.27,23.46,0.98,1010.63,none,0
24.16,19.25,73.12,18.38,1.74,26.0,6.08,1011.16,earthquake,2
3.39,34.9,58.5,13.54,2.5,42.43,0.41,1007.63,none,0
24.13,36.4,78.44,3.38,3.16,1.04,0.16,1004.09,none,0
13.2,27.37,75.68,9.09,3.12,44.58,0.22,1004.94,none,0
115.83,30.11,90.4,28.65,7.73,54.38,0.56,1004.79,flood,2
10.08,26.98,57.09,12.38,3.79,36.96,0.3,997.73,none,0
8.05,18.92,54.09,1.74,2.44,48.13,0.15,1017.58,none,0
3.29,30.11,52.78,18.23,0.13,41.9,0.16,1017.34,none,0
0.0,24.44,38.85,2.4,4.47,0.4,0.02,1013.04,drought,1
25.89,27.68,61.76,4.71,3.44,25.7,0.29,1003.51,none,0
35.29,38.77,70.97,9.83,2.62,55.41,5.2,1000.97,earthquake,2
7.17,27.83,83.58,18.72,2.54,6.4,0.4,1021.32,none,0
15.92,18.02,73.2,0.75,4.96,19.61,0.54,1006.53,none,0
6.66,28.11,49.2,17.84,4.28,48.31,8.26,1020.21,earthquake,2
16.23,26.46,67.4,2.17,3.18,44.77,0.78,1012.33,none,0
3.43,32.61,51.47,12.74,4.38,34.4,6.19,1007.79,earthquake,2
10.82,25.82,53.15,28.54,3.22,37.16,0.44,995.82,none,0
3.51,32.98,52.28,8.68,5.3,48.07,0.0,1009.43,none,0
41.97,26.84,64.18,89.35,1.66,49.8,0.51,971.63,cyclone,2
23.87,19.85,61.6,2.83,3.53,39.68,1.15,1010.99,none,0
112.69,28.87,89.26,52.44,3.55,20.58,0.63,955.31,cyclone,3
38.83,25.85,79.0,12.54,4.51,30.62,7.7,999.81,earthquake,2
3.74,27.81,57.41,1.75,2.62,10.49,0.23,1018.23,none,0
4.91,24.98,56.53,12.44,2.1,23.01,5.03,1009.7,earthquake,1
11.75,23.75,24.55,4.2,4.23,26.12,0.61,1003.1,none,0
103.5,19.76,88.97,141.52,3.8,26.8,0.04,981.66,cyclone,3
99.48,29.42,32.94,78.37,3.44,32.48,1.47,968.94,cyclone,3
104.72,24.6,72.26,39.29,7.05,90.33,1.32,1002.04,flood,2
21.39,20.65,52.38,13.25,2.79,49.81,6.51,1016.3,earthquake,2
117.45,13.02,77.61,3.91,9.35,80.75,0.1,1015.85,flood,2
13.28,28.97,60.92,3.83,2.24,46.54,0.02,1009.17,none,0
24.88,29.34,58.75,1.26,2.96,14.07,0.34,1009.41,none,0
56.25,22.99,49.1,93.41,2.77,33.05,1.37,983.89,cyclone,2
17.57,36.77,58.0,12.75,4.11,48.77,4.54,1009.7,earthquake,2
0.0,28.33,42.97,9.04,1.75,0.0,0.3,1019.19,drought,1
18.67,27.96,58.88,9.49,2.75,29.08,8.63,1019.39,earthquake,2
3.92,25.27,52.61,4.33,2.84,36.7,0.19,1016.22,none,0
83.91,23.79,67.34,67.31,2.92,34.63,0.15,987.67,cyclone,2
48.11,26.33,87.35,2.18,7.57,60.67,0.53,999.8,flood,1
15.92,28.43,35.53,7.36,4.31,45.92,0.22,1007.57,none,0
8.22,29.65,49.85,4.14,3.29,34.37,7.13,1013.51,earthquake,1
119.27,23.72,79.8,4.82,12.13,77.03,0.26,1013.11,flood,2
64.36,37.41,91.23,168.84,2.26,52.23,0.14,975.83,cyclone,3
250.75,32.08,71.79,9.18,5.56,60.74,0.04,1012.59,flood,2
154.63,28.51,67.91,8.92,6.12,80.89,0.04,1004.57,flood,2
3.84,32.63,41.04,12.23,3.0,4.45,0.09,1007.51,none,0
10.74,38.6,55.46,6.63,3.97,25.33,0.19,1011.62,drought,1
12.36,25.55,65.75,18.01,2.78,30.07,5.83,1011.25,earthquake,2
8.43,24.14,59.98,4.2,3.65,47.11,0.17,1022.45,none,0
5.48,19.13,59.33,7.71,1.6,32.22,6.79,1029.44,earthquake,1
23.89,35.98,49.36,1.2,3.45,8.26,0.91,1011.07,drought,1
133.29,19.5,100.0,85.74,2.95,34.6,0.08,988.68,cyclone,2
90.04,19.04,96.86,6.82,8.85,67.84,0.02,1017.52,flood,1
7.98,28.7,70.25,17.27,2.91,28.83,2.16,1013.2,none,0
122.65,20.63,54.22,5.29,4.96,86.1,0.07,1012.31,flood,2
51.82,29.28,73.49,104.58,3.86,38.74,0.13,983.15,cyclone,2
10.51,32.13,48.7,6.17,4.55,33.07,3.81,1014.03,earthquake,1
40.96,29.06,72.47,62.02,1.9,27.49,1.19,986.97,cyclone,2
19.97,24.76,62.86,27.91,2.75,33.14,0.46,1020.49,none,0
9.72,27.12,64.46,5.8,0.65,16.69,0.44,1023.48,none,0
24.39,20.73,77.78,12.76,4.38,19.96,8.03,1014.94,earthquake,3
15.48,28.34,60.51,20.4,1.97,47.81,0.4,998.88,none,0
8.17,22.96,57.68,18.26,3.72,33.45,5.24,1014.63,earthquake,2
91.42,25.04,79.08,17.25,6.89,100.0,0.23,1012.98,flood,2
23.81,22.74,86.54,8.64,3.05,59.65,0.11,1010.69,none,0
55.28,27.57,100.0,81.75,3.94,10.34,0.41,976.33,cyclone,2
15.02,28.25,72.41,6.72,2.64,12.75,0.07,1017.35,none,0
165.48,29.95,52.72,30.13,3.89,75.51,0.1,1004.28,flood,2
88.82,25.25,83.97,23.88,5.9,76.76,0.68,1008.46,flood,2
18.18,24.22,56.54,4.26,3.52,9.7,2.72,1018.24,none,0
19.05,36.49,54.72,3.21,4.12,58.25,0.25,1012.11,none,0
27.3,33.78,77.0,11.33,2.05,50.34,0.21,1013.81,none,0
14.07,29.8,76.15,20.82,1.51,32.8,0.18,1017.7,none,0
7.82,28.06,65.41,15.04,2.38,31.29,0.07,1006.39,none,0
7.3,21.83,58.94,4.97,2.39,43.62,0.2,1006.22,none,0
80.81,23.3,80.02,14.32,3.59,59.32,0.12,1002.98,flood,1
10.78,30.33,68.68,8.55,4.69,39.86,8.0,1019.27,earthquake,2
12.03,35.16,62.21,8.92,2.86,22.52,0.37,1007.41,none,0
4.36,24.04,56.47,6.21,3.29,41.47,0.32,1012.8,none,0
86.57,23.65,98.44,125.94,2.84,37.36,0.6,980.66,cyclone,3
51.71,24.79,68.67,54.35,2.26,28.57,0.28,980.24,cyclone,2
32.45,30.78,64.83,72.08,3.02,46.92,0.1,986.64,cyclone,1
4.07,27.73,50.85,1.7,2.5,17.79,0.56,1006.55,none,0
124.44,26.47,73.13,5.46,6.06,82.15,0.3,994.64,flood,2
12.8,27.5,52.27,15.42,3.8,35.34,0.22,1009.16,none,0
27.99,34.76,55.5,21.63,3.97,49.91,0.21,1016.27,none,0
226.4,29.25,58.99,17.75,5.66,65.99,0.14,1015.22,flood,2
13.38,23.14,48.61,10.97,3.17,30.79,5.1,1010.08,earthquake,2
91.38,31.26,80.65,9.94,5.17,97.72,0.15,1003.19,flood,2
13.82,34.38,60.69,3.11,3.78,13.7,0.09,1009.87,none,0
13.99,31.83,48.56,17.99,1.74,13.01,7.9,1024.74,earthquake,2
5.9,18.49,74.8,3.96,3.04,31.51,0.05,1008.24,none,0
6.65,23.85,58.3,8.93,3.29,34.43,8.06,1005.57,earthquake,2
3.62,26.97,60.74,18.45,3.75,23.34,6.66,1007.13,earthquake,2
15.4,41.26,41.88,6.98,4.18,42.78,0.52,1018.16,drought,0
0.0,33.02,24.5,11.44,1.79,22.4,0.57,1019.54,drought,1
33.57,23.92,57.5,23.35,5.15,65.81,0.25,1008.8,flood,1
1.95,20.5,52.29,10.76,4.28,43.94,0.09,1005.73,none,0
6.18,24.92,71.54,13.6,0.41,25.57,0.14,1012.65,none,0
16.98,29.03,59.86,8.21,4.05,61.8,0.39,1015.08,none,0
8.92,30.68,42.7,7.81,4.2,35.28,0.92,1004.33,none,0
61.24,25.5,94.93,100.14,4.26,43.3,0.6,978.61,cyclone,2
25.84,23.21,83.36,18.37,2.76,48.77,1.52,1021.7,none,0
12.25,26.76,43.62,16.43,1.24,27.97,0.8,1025.43,none,0
24.85,30.65,57.75,2.64,2.97,53.34,0.7,1024.63,none,0
5.38,28.06,46.65,8.01,3.32,20.96,5.81,1005.65,earthquake,2
14.74,25.58,61.0,21.33,2.54,48.76,0.76,1002.93,none,0
10.06,27.2,56.08,24.33,3.24,56.35,6.92,1023.1,earthquake,1
7.05,30.0,45.11,15.51,2.96,21.13,0.7,1012.24,drought,1
20.36,26.8,72.73,10.46,2.05,17.99,0.04,1023.42,none,0
27.33,33.94,31.57,40.81,2.87,5.51,0.01,1024.76,drought,2
71.95,17.04,76.52,2.47,3.7,64.06,0.58,1007.55,flood,1
15.23,29.55,55.04,7.56,3.96,20.41,0.69,1010.98,none,0
77.87,23.25,82.41,15.36,20.14,94.55,1.27,998.23,flood,2
0.0,32.67,32.22,13.57,2.95,37.04,0.38,1007.64,drought,0
147.2,31.53,69.81,19.0,6.39,45.32,0.06,999.35,flood,2
3.65,23.5,68.48,7.51,3.64,58.24,0.07,1023.35,none,0
32.61,38.39,65.12,8.25,2.82,23.24,0.58,1011.23,none,0
171.98,28.49,65.82,88.23,2.26,35.76,0.35,981.38,cyclone,3
0.0,27.33,45.65,29.51,3.61,21.27,0.36,1022.58,drought,0
9.53,26.56,44.88,13.49,3.33,31.74,0.9,1008.67,none,0
0.0,39.04,39.43,7.2,1.04,20.12,0.23,1010.69,drought,0
12.65,29.48,51.28,8.89,3.91,24.0,0.13,1011.91,none,0
39.12,10.54,65.94,71.81,3.26,28.69,1.28,960.12,cyclone,2
133.0,29.9,79.41,14.83,5.63,42.06,0.08,1009.78,flood,2
0.0,25.93,51.51,16.53,3.26,49.06,0.57,1017.86,drought,0
22.18,27.97,76.54,7.03,1.8,24.47,0.03,1007.93,none,0
225.55,31.02,83.35,18.75,11.81,74.47,0.5,998.3,flood,3
11.89,22.93,43.85,3.46,3.84,28.13,0.14,1009.31,none,0
0.0,27.64,45.9,21.91,4.08,29.04,0.34,1001.51,drought,1
40.39,23.52,65.68,25.35,2.79,53.15,5.19,1018.02,earthquake,2
7.67,21.85,68.47,7.87,3.69,37.02,0.12,1010.28,none,0
68.82,29.53,96.85,82.37,3.84,44.16,0.15,1009.84,cyclone,2
44.17,28.48,77.21,8.99,4.78,39.36,0.11,1027.68,none,0
15.09,28.17,83.03,3.64,0.69,26.23,0.13,1013.77,none,0
14.21,20.0,78.32,10.74,2.87,36.6,0.09,1018.82,none,0
6.31,25.53,64.19,20.2,3.48,49.34,0.27,1011.29,none,0
29.18,33.74,66.85,14.24,1.6,8.16,0.17,1006.34,none,0
155.79,24.12,93.82,23.83,4.39,55.46,0.12,1004.91,flood,2
75.88,29.86,71.67,8.72,3.99,44.17,0.2,1011.43,none,0
31.64,33.89,57.53,29.74,2.27,23.82,0.9,1020.04,none,0
4.77,25.19,53.96,13.01,3.86,28.94,0.52,1012.36,none,0
7.9,32.78,57.41,7.44,2.9,28.95,0.29,1022.42,none,0
71.93,27.87,78.39,11.77,8.03,51.3,0.59,1011.91,flood,1
117.74,33.62,88.89,3.19,6.66,39.55,0.01,1007.85,flood,2
4.14,36.91,31.31,21.11,2.61,5.81,0.27,1018.93,drought,1
249.11,24.91,51.97,19.56,10.25,59.84,0.14,1008.31,flood,2
152.59,16.01,86.73,4.42,12.94,61.09,0.17,1009.91,flood,2
94.13,22.61,81.26,2.09,3.77,86.4,0.19,1009.87,flood,1
5.12,18.24,64.33,1.41,2.91,39.27,0.21,1016.98,none,0
14.96,42.95,41.29,9.13,0.31,16.41,0.77,1016.41,drought,0
181.43,23.65,100.0,16.14,9.19,67.44,0.03,1002.84,flood,3
12.57,32.33,68.21,37.34,3.76,34.76,1.16,1009.61,none,0
6.72,23.54,77.14,2.82,3.18,25.12,0.2,1011.24,none,0
73.34,26.58,84.75,13.49,8.75,67.57,0.32,1007.14,flood,2
144.96,29.21,91.43,12.45,4.97,56.05,0.03,1014.73,flood,2
27.88,45.18,42.36,20.23,2.94,9.62,0.24,1031.79,drought,1
5.33,25.41,39.1,9.49,1.91,41.45,0.8,1016.17,none,0
25.09,37.74,51.86,20.41,1.99,51.07,0.44,1016.1,none,0
107.36,26.51,66.02,7.24,10.03,65.98,0.0,1009.41,flood,2
15.17,29.95,54.99,12.79,4.42,32.29,1.49,1029.1,none,0
5.29,24.91,61.6,9.6,2.45,38.87,0.57,1016.81,none,0
18.6,25.16,76.16,18.19,3.36,47.82,0.65,1014.39,none,0
12.24,28.36,9.29,2.33,1.13,7.56,0.41,1002.94,drought,1
75.86,26.3,94.73,28.53,5.29,48.73,0.61,1001.31,flood,2
6.35,24.29,64.32,0.46,3.54,50.0,0.09,1001.35,none,0
149.96,22.59,71.12,9.09,10.74,67.11,0.16,1021.13,flood,2
31.22,26.36,79.37,20.85,3.05,29.25,7.41,1009.65,earthquake,2
14.33,28.35,66.2,12.95,3.3,48.47,0.13,1018.0,none,0
6.59,27.5,72.5,10.93,3.97,50.34,6.42,996.34,earthquake,2
21.71,26.0,34.76,17.88,2.02,0.0,0.35,1003.6,drought,1
8.97,27.03,55.74,22.93,2.94,17.64,0.31,1020.32,none,0
5.74,19.34,50.55,14.67,3.84,39.89,0.46,1016.69,none,0
12.85,30.2,35.06,9.07,3.08,31.97,0.65,1009.92,none,0
82.57,24.51,96.09,5.76,6.1,83.63,0.17,1019.3,flood,1
18.93,29.55,69.15,10.14,3.8,41.8,0.41,1004.52,none,0
17.15,25.37,83.1,22.7,4.17,36.75,0.8,1020.16,none,0
4.88,26.39,68.13,7.19,2.37,23.65,0.72,1001.97,none,0
76.47,34.35,54.11,18.98,6.47,71.5,1.03,1008.17,flood,2
66.15,30.97,96.82,39.63,2.66,56.71,0.14,997.35,cyclone,1
